<?xml version="1.0" encoding="UTF-8"?>
<osm version="0.6" generator="openstreetmap-cgimap 2.0.1 (3678511 spike-07.openstreetmap.org)" copyright="OpenStreetMap and contributors" attribution="http://www.openstreetmap.org/copyright" license="http://opendatacommons.org/licenses/odbl/1-0/">
 <bounds minlat="43.2436560" minlon="76.8344740" maxlat="43.2489310" maxlon="76.8471980"/>
 <node id="243878850" visible="true" version="7" changeset="139431844" timestamp="2023-08-04T09:23:36Z" user="evgenius123" uid="2356202" lat="43.2474553" lon="76.8418491"/>
 <node id="243878884" visible="true" version="6" changeset="122193090" timestamp="2022-06-10T06:20:06Z" user="SEVEN" uid="127989" lat="43.2464124" lon="76.8389827"/>
 <node id="243878885" visible="true" version="13" changeset="160994888" timestamp="2025-01-04T17:20:28Z" user="LexIgnatov" uid="316868" lat="43.2475387" lon="76.8417814"/>
 <node id="243880843" visible="true" version="6" changeset="66243058" timestamp="2019-01-12T02:25:34Z" user="whatmeinfallible" uid="7150022" lat="43.2523102" lon="76.8386671"/>
 <node id="243880883" visible="true" version="8" changeset="45492829" timestamp="2017-01-25T22:31:58Z" user="_ANick_" uid="1686959" lat="43.2493572" lon="76.8377933"/>
 <node id="243880887" visible="true" version="5" changeset="66243058" timestamp="2019-01-12T02:25:34Z" user="whatmeinfallible" uid="7150022" lat="43.2496166" lon="76.8376286"/>
 <node id="243881067" visible="true" version="9" changeset="160994888" timestamp="2025-01-04T17:20:28Z" user="LexIgnatov" uid="316868" lat="43.2481439" lon="76.8373650"/>
 <node id="243881068" visible="true" version="8" changeset="45492829" timestamp="2017-01-25T22:31:59Z" user="_ANick_" uid="1686959" lat="43.2468147" lon="76.8372213"/>
 <node id="243881076" visible="true" version="7" changeset="45492829" timestamp="2017-01-25T22:31:59Z" user="_ANick_" uid="1686959" lat="43.2449934" lon="76.8374363"/>
 <node id="243881157" visible="true" version="9" changeset="160994888" timestamp="2025-01-04T17:20:28Z" user="LexIgnatov" uid="316868" lat="43.2453096" lon="76.8375675"/>
 <node id="243881161" visible="true" version="7" changeset="45492829" timestamp="2017-01-25T22:31:59Z" user="_ANick_" uid="1686959" lat="43.2458755" lon="76.8374801"/>
 <node id="243881165" visible="true" version="7" changeset="45492829" timestamp="2017-01-25T22:31:59Z" user="_ANick_" uid="1686959" lat="43.2466254" lon="76.8375403"/>
 <node id="243881208" visible="true" version="7" changeset="42433632" timestamp="2016-09-25T22:44:50Z" user="_ANick_" uid="1686959" lat="43.2456605" lon="76.8366155"/>
 <node id="243881262" visible="true" version="11" changeset="158525613" timestamp="2024-10-30T05:41:02Z" user="nuruk" uid="20180657" lat="43.2457469" lon="76.8373618"/>
 <node id="243881269" visible="true" version="5" changeset="42433632" timestamp="2016-09-25T22:44:50Z" user="_ANick_" uid="1686959" lat="43.2461061" lon="76.8384356"/>
 <node id="254027091" visible="true" version="4" changeset="42433632" timestamp="2016-09-25T22:44:53Z" user="_ANick_" uid="1686959" lat="43.2467137" lon="76.8363904"/>
 <node id="254027092" visible="true" version="6" changeset="45492829" timestamp="2017-01-25T22:31:59Z" user="_ANick_" uid="1686959" lat="43.2460762" lon="76.8362796"/>
 <node id="254027108" visible="true" version="9" changeset="122193090" timestamp="2022-06-10T06:20:06Z" user="SEVEN" uid="127989" lat="43.2454785" lon="76.8367443"/>
 <node id="254027110" visible="true" version="7" changeset="45492829" timestamp="2017-01-25T22:32:00Z" user="_ANick_" uid="1686959" lat="43.2454236" lon="76.8371508"/>
 <node id="254027112" visible="true" version="8" changeset="45492829" timestamp="2017-01-25T22:32:00Z" user="_ANick_" uid="1686959" lat="43.2463108" lon="76.8373783"/>
 <node id="292229172" visible="true" version="5" changeset="42433632" timestamp="2016-09-25T22:45:16Z" user="_ANick_" uid="1686959" lat="43.2446867" lon="76.8329620"/>
 <node id="292229219" visible="true" version="8" changeset="158525613" timestamp="2024-10-30T05:41:02Z" user="nuruk" uid="20180657" lat="43.2459153" lon="76.8373978"/>
 <node id="292229254" visible="true" version="5" changeset="42433632" timestamp="2016-09-25T22:45:17Z" user="_ANick_" uid="1686959" lat="43.2459157" lon="76.8365498"/>
 <node id="292229281" visible="true" version="4" changeset="42433632" timestamp="2016-09-25T22:45:17Z" user="_ANick_" uid="1686959" lat="43.2467880" lon="76.8366839"/>
 <node id="292229283" visible="true" version="5" changeset="42433632" timestamp="2016-09-25T22:45:17Z" user="_ANick_" uid="1686959" lat="43.2467165" lon="76.8369519"/>
 <node id="292229290" visible="true" version="13" changeset="159543227" timestamp="2024-11-24T17:38:52Z" user="LexIgnatov" uid="316868" lat="43.2457682" lon="76.8371685"/>
 <node id="293889950" visible="true" version="9" changeset="45492829" timestamp="2017-01-25T22:32:00Z" user="_ANick_" uid="1686959" lat="43.2468283" lon="76.8390951"/>
 <node id="293889951" visible="true" version="8" changeset="45492829" timestamp="2017-01-25T22:32:00Z" user="_ANick_" uid="1686959" lat="43.2469088" lon="76.8389344"/>
 <node id="293889952" visible="true" version="8" changeset="45492829" timestamp="2017-01-25T22:32:00Z" user="_ANick_" uid="1686959" lat="43.2476443" lon="76.8379550"/>
 <node id="293890301" visible="true" version="4" changeset="42433632" timestamp="2016-09-25T22:45:17Z" user="_ANick_" uid="1686959" lat="43.2454851" lon="76.8377841"/>
 <node id="293890306" visible="true" version="3" changeset="8945733" timestamp="2011-08-07T11:00:04Z" user="chnav" uid="248768" lat="43.2456309" lon="76.8379181"/>
 <node id="296051031" visible="true" version="2" changeset="4068961" timestamp="2010-03-08T06:27:06Z" user="Dmitry Olyenyov" uid="31991" lat="43.2505417" lon="76.8402688"/>
 <node id="296051047" visible="true" version="6" changeset="160994888" timestamp="2025-01-04T17:20:28Z" user="LexIgnatov" uid="316868" lat="43.2445466" lon="76.8330222"/>
 <node id="296051048" visible="true" version="4" changeset="45492829" timestamp="2017-01-25T22:32:00Z" user="_ANick_" uid="1686959" lat="43.2450262" lon="76.8357129"/>
 <node id="296051049" visible="true" version="9" changeset="158525613" timestamp="2024-10-30T05:41:02Z" user="nuruk" uid="20180657" lat="43.2439941" lon="76.8377546"/>
 <node id="297133005" visible="true" version="2" changeset="4068961" timestamp="2010-03-08T06:27:06Z" user="Dmitry Olyenyov" uid="31991" lat="43.2464108" lon="76.8479044"/>
 <node id="299677555" visible="true" version="2" changeset="8945733" timestamp="2011-08-07T11:00:04Z" user="chnav" uid="248768" lat="43.2459089" lon="76.8360557"/>
 <node id="299677559" visible="true" version="2" changeset="17697489" timestamp="2013-09-06T04:16:26Z" user="AlexBychkov" uid="494298" lat="43.2490064" lon="76.8346432"/>
 <node id="299677575" visible="true" version="2" changeset="66243058" timestamp="2019-01-12T02:25:36Z" user="whatmeinfallible" uid="7150022" lat="43.2500502" lon="76.8344034"/>
 <node id="299677580" visible="true" version="5" changeset="159542767" timestamp="2024-11-24T17:24:50Z" user="LexIgnatov" uid="316868" lat="43.2485492" lon="76.8336222"/>
 <node id="299677582" visible="true" version="4" changeset="66243058" timestamp="2019-01-12T02:25:36Z" user="whatmeinfallible" uid="7150022" lat="43.2499732" lon="76.8338609"/>
 <node id="299677588" visible="true" version="3" changeset="85510049" timestamp="2020-05-20T16:35:37Z" user="DiscountTaxi" uid="10122872" lat="43.2503130" lon="76.8355180"/>
 <node id="299677590" visible="true" version="2" changeset="85510049" timestamp="2020-05-20T16:35:37Z" user="DiscountTaxi" uid="10122872" lat="43.2483846" lon="76.8358497"/>
 <node id="299677592" visible="true" version="4" changeset="66243058" timestamp="2019-01-12T02:25:36Z" user="whatmeinfallible" uid="7150022" lat="43.2502157" lon="76.8377621"/>
 <node id="299677593" visible="true" version="4" changeset="66243058" timestamp="2019-01-12T02:25:36Z" user="whatmeinfallible" uid="7150022" lat="43.2504023" lon="76.8368283"/>
 <node id="299677594" visible="true" version="1" changeset="696470" timestamp="2008-09-25T11:12:36Z" user="Dmitry Olyenyov" uid="31991" lat="43.2460586" lon="76.8332709"/>
 <node id="299677601" visible="true" version="2" changeset="16973108" timestamp="2013-07-16T10:58:32Z" user="Lyubchenko Denis" uid="705874" lat="43.2521832" lon="76.8331169"/>
 <node id="299677633" visible="true" version="4" changeset="65744804" timestamp="2018-12-24T17:36:24Z" user="mavl" uid="564990" lat="43.2510189" lon="76.8336078"/>
 <node id="299677691" visible="true" version="6" changeset="66243058" timestamp="2019-01-12T02:25:36Z" user="whatmeinfallible" uid="7150022" lat="43.2511074" lon="76.8381000"/>
 <node id="301525271" visible="true" version="8" changeset="158525613" timestamp="2024-10-30T05:41:02Z" user="nuruk" uid="20180657" lat="43.2481191" lon="76.8377561">
  <tag k="highway" v="give_way"/>
 </node>
 <node id="301525273" visible="true" version="6" changeset="158525613" timestamp="2024-10-30T05:41:02Z" user="nuruk" uid="20180657" lat="43.2483830" lon="76.8377334"/>
 <node id="490989409" visible="true" version="7" changeset="45521446" timestamp="2017-01-26T17:42:25Z" user="Lexi Johnson" uid="4803526" lat="43.2443943" lon="76.8382785"/>
 <node id="490989417" visible="true" version="7" changeset="45521446" timestamp="2017-01-26T17:42:25Z" user="Lexi Johnson" uid="4803526" lat="43.2444315" lon="76.8384693"/>
 <node id="490989420" visible="true" version="8" changeset="45521446" timestamp="2017-01-26T17:42:25Z" user="Lexi Johnson" uid="4803526" lat="43.2452123" lon="76.8381819"/>
 <node id="490989422" visible="true" version="6" changeset="40542800" timestamp="2016-07-07T13:45:21Z" user="Lyubchenko Denis" uid="705874" lat="43.2454175" lon="76.8383435"/>
 <node id="490989423" visible="true" version="5" changeset="36090242" timestamp="2015-12-21T16:50:00Z" user="Lyubchenko Denis" uid="705874" lat="43.2457947" lon="76.8397776"/>
 <node id="490989425" visible="true" version="5" changeset="36090242" timestamp="2015-12-21T16:50:00Z" user="Lyubchenko Denis" uid="705874" lat="43.2459144" lon="76.8397183"/>
 <node id="490989429" visible="true" version="4" changeset="19533981" timestamp="2013-12-19T16:43:10Z" user="_ANick_" uid="1686959" lat="43.2455286" lon="76.8382630"/>
 <node id="490989431" visible="true" version="4" changeset="19533981" timestamp="2013-12-19T16:43:10Z" user="_ANick_" uid="1686959" lat="43.2454146" lon="76.8380731"/>
 <node id="490989432" visible="true" version="7" changeset="45521446" timestamp="2017-01-26T17:42:25Z" user="Lexi Johnson" uid="4803526" lat="43.2451751" lon="76.8379911"/>
 <node id="490989436" visible="true" version="2" changeset="19179826" timestamp="2013-11-29T15:16:09Z" user="antont" uid="1759061" lat="43.2445385" lon="76.8386340"/>
 <node id="490989438" visible="true" version="2" changeset="19179826" timestamp="2013-11-29T15:16:09Z" user="antont" uid="1759061" lat="43.2444141" lon="76.8386887"/>
 <node id="490989440" visible="true" version="2" changeset="19179826" timestamp="2013-11-29T15:16:09Z" user="antont" uid="1759061" lat="43.2451308" lon="76.8417624"/>
 <node id="490989446" visible="true" version="2" changeset="19179826" timestamp="2013-11-29T15:16:09Z" user="antont" uid="1759061" lat="43.2452552" lon="76.8417077"/>
 <node id="508030890" visible="true" version="1" changeset="2633917" timestamp="2009-09-26T04:19:57Z" user="Dmitry Olyenyov" uid="31991" lat="43.2447372" lon="76.8388699"/>
 <node id="508030891" visible="true" version="1" changeset="2633917" timestamp="2009-09-26T04:19:57Z" user="Dmitry Olyenyov" uid="31991" lat="43.2447734" lon="76.8390166"/>
 <node id="508030892" visible="true" version="2" changeset="19128936" timestamp="2013-11-26T15:45:24Z" user="antont" uid="1759061" lat="43.2448909" lon="76.8395015"/>
 <node id="508030893" visible="true" version="2" changeset="19128936" timestamp="2013-11-26T15:45:25Z" user="antont" uid="1759061" lat="43.2448547" lon="76.8393548"/>
 <node id="508030900" visible="true" version="1" changeset="2633917" timestamp="2009-09-26T04:19:57Z" user="Dmitry Olyenyov" uid="31991" lat="43.2453413" lon="76.8385891"/>
 <node id="508030901" visible="true" version="1" changeset="2633917" timestamp="2009-09-26T04:19:57Z" user="Dmitry Olyenyov" uid="31991" lat="43.2453775" lon="76.8387358"/>
 <node id="508030902" visible="true" version="2" changeset="19128936" timestamp="2013-11-26T15:45:25Z" user="antont" uid="1759061" lat="43.2454950" lon="76.8392207"/>
 <node id="508030903" visible="true" version="2" changeset="19128936" timestamp="2013-11-26T15:45:25Z" user="antont" uid="1759061" lat="43.2454588" lon="76.8390740"/>
 <node id="508030904" visible="true" version="3" changeset="19179826" timestamp="2013-11-29T15:16:10Z" user="antont" uid="1759061" lat="43.2455896" lon="76.8395703"/>
 <node id="508030905" visible="true" version="3" changeset="19179826" timestamp="2013-11-29T15:16:10Z" user="antont" uid="1759061" lat="43.2456258" lon="76.8397170"/>
 <node id="508030906" visible="true" version="3" changeset="19179826" timestamp="2013-11-29T15:16:11Z" user="antont" uid="1759061" lat="43.2450217" lon="76.8399978"/>
 <node id="508030907" visible="true" version="3" changeset="19179826" timestamp="2013-11-29T15:16:11Z" user="antont" uid="1759061" lat="43.2449855" lon="76.8398511"/>
 <node id="508030908" visible="true" version="4" changeset="19179826" timestamp="2013-11-29T15:16:11Z" user="antont" uid="1759061" lat="43.2453971" lon="76.8406440"/>
 <node id="508030909" visible="true" version="4" changeset="19179826" timestamp="2013-11-29T15:16:11Z" user="antont" uid="1759061" lat="43.2454733" lon="76.8409611"/>
 <node id="508030911" visible="true" version="2" changeset="17719023" timestamp="2013-09-07T14:37:56Z" user="Lyubchenko Denis" uid="705874" lat="43.2458559" lon="76.8399027"/>
 <node id="508030912" visible="true" version="2" changeset="17719023" timestamp="2013-09-07T14:37:56Z" user="Lyubchenko Denis" uid="705874" lat="43.2460117" lon="76.8404630"/>
 <node id="508030913" visible="true" version="2" changeset="17719023" timestamp="2013-09-07T14:37:56Z" user="Lyubchenko Denis" uid="705874" lat="43.2459480" lon="76.8398544"/>
 <node id="508030914" visible="true" version="4" changeset="19179826" timestamp="2013-11-29T15:16:11Z" user="antont" uid="1759061" lat="43.2456396" lon="76.8406135"/>
 <node id="508030915" visible="true" version="4" changeset="19179826" timestamp="2013-11-29T15:16:11Z" user="antont" uid="1759061" lat="43.2456778" lon="76.8407726"/>
 <node id="508030917" visible="true" version="2" changeset="17719023" timestamp="2013-09-07T14:37:56Z" user="Lyubchenko Denis" uid="705874" lat="43.2461038" lon="76.8404147"/>
 <node id="530287120" visible="true" version="7" changeset="161162887" timestamp="2025-01-09T09:55:12Z" user="dingoy29" uid="21226868" lat="43.2474850" lon="76.8424298">
  <tag k="amenity" v="fuel"/>
  <tag k="brand" v="Гелиос"/>
  <tag k="brand:en" v="Helios"/>
  <tag k="brand:wikidata" v="Q62286471"/>
  <tag k="name" v="Helios"/>
  <tag k="name:en" v="Helios"/>
  <tag k="name:ru" v="Гелиос"/>
  <tag k="operator" v="Helios"/>
 </node>
 <node id="530287121" visible="true" version="8" changeset="137024155" timestamp="2023-06-06T17:12:37Z" user="evgeniyakz" uid="16572338" lat="43.2478542" lon="76.8425626">
  <tag k="crossing" v="traffic_signals"/>
  <tag k="highway" v="crossing"/>
 </node>
 <node id="662744425" visible="true" version="1" changeset="4068961" timestamp="2010-03-08T06:26:27Z" user="Dmitry Olyenyov" uid="31991" lat="43.2461923" lon="76.8418587"/>
 <node id="662744426" visible="true" version="1" changeset="4068961" timestamp="2010-03-08T06:26:27Z" user="Dmitry Olyenyov" uid="31991" lat="43.2455404" lon="76.8424266"/>
 <node id="662744427" visible="true" version="1" changeset="4068961" timestamp="2010-03-08T06:26:27Z" user="Dmitry Olyenyov" uid="31991" lat="43.2457313" lon="76.8428398"/>
 <node id="662744434" visible="true" version="3" changeset="19128936" timestamp="2013-11-26T15:45:27Z" user="antont" uid="1759061" lat="43.2465794" lon="76.8414678"/>
 <node id="662744436" visible="true" version="3" changeset="19128936" timestamp="2013-11-26T15:45:27Z" user="antont" uid="1759061" lat="43.2469547" lon="76.8423156"/>
 <node id="662744439" visible="true" version="3" changeset="19128936" timestamp="2013-11-26T15:45:28Z" user="antont" uid="1759061" lat="43.2468186" lon="76.8424292"/>
 <node id="662744441" visible="true" version="3" changeset="19128936" timestamp="2013-11-26T15:45:28Z" user="antont" uid="1759061" lat="43.2464433" lon="76.8415813"/>
 <node id="662744444" visible="true" version="1" changeset="4068961" timestamp="2010-03-08T06:26:28Z" user="Dmitry Olyenyov" uid="31991" lat="43.2463833" lon="76.8422720"/>
 <node id="662744452" visible="true" version="2" changeset="17719023" timestamp="2013-09-07T14:37:56Z" user="Lyubchenko Denis" uid="705874" lat="43.2472649" lon="76.8428054"/>
 <node id="662744454" visible="true" version="2" changeset="17719023" timestamp="2013-09-07T14:37:56Z" user="Lyubchenko Denis" uid="705874" lat="43.2475191" lon="76.8437697"/>
 <node id="662744456" visible="true" version="2" changeset="17719023" timestamp="2013-09-07T14:37:56Z" user="Lyubchenko Denis" uid="705874" lat="43.2471317" lon="76.8429198"/>
 <node id="662744457" visible="true" version="1" changeset="4068961" timestamp="2010-03-08T06:26:28Z" user="Dmitry Olyenyov" uid="31991" lat="43.2472702" lon="76.8426612"/>
 <node id="662744458" visible="true" version="2" changeset="70623157" timestamp="2019-05-26T03:44:35Z" user="Кирилл Русинов" uid="2604331" lat="43.2452077" lon="76.8421795"/>
 <node id="662744464" visible="true" version="2" changeset="70623157" timestamp="2019-05-26T03:44:35Z" user="Кирилл Русинов" uid="2604331" lat="43.2467536" lon="76.8464943"/>
 <node id="662744465" visible="true" version="2" changeset="70623157" timestamp="2019-05-26T03:44:35Z" user="Кирилл Русинов" uid="2604331" lat="43.2465457" lon="76.8465770"/>
 <node id="662744466" visible="true" version="2" changeset="137726240" timestamp="2023-06-24T15:43:20Z" user="dressed-pleasekin" uid="11175011" lat="43.2469754" lon="76.8465589"/>
 <node id="662744467" visible="true" version="2" changeset="151991110" timestamp="2024-05-29T13:56:03Z" user="qtab" uid="19488713" lat="43.2469061" lon="76.8458096"/>
 <node id="662744468" visible="true" version="2" changeset="151991110" timestamp="2024-05-29T13:56:03Z" user="qtab" uid="19488713" lat="43.2471470" lon="76.8463192"/>
 <node id="662744469" visible="true" version="2" changeset="151991110" timestamp="2024-05-29T13:56:03Z" user="qtab" uid="19488713" lat="43.2469692" lon="76.8464777"/>
 <node id="662744470" visible="true" version="2" changeset="151991110" timestamp="2024-05-29T13:56:03Z" user="qtab" uid="19488713" lat="43.2467283" lon="76.8459680"/>
 <node id="662744471" visible="true" version="1" changeset="4068961" timestamp="2010-03-08T06:26:28Z" user="Dmitry Olyenyov" uid="31991" lat="43.2462309" lon="76.8467347"/>
 <node id="662744472" visible="true" version="1" changeset="4068961" timestamp="2010-03-08T06:26:28Z" user="Dmitry Olyenyov" uid="31991" lat="43.2463591" lon="76.8466755"/>
 <node id="662744473" visible="true" version="1" changeset="4068961" timestamp="2010-03-08T06:26:28Z" user="Dmitry Olyenyov" uid="31991" lat="43.2464631" lon="76.8471004"/>
 <node id="662744474" visible="true" version="1" changeset="4068961" timestamp="2010-03-08T06:26:28Z" user="Dmitry Olyenyov" uid="31991" lat="43.2463350" lon="76.8471596"/>
 <node id="662744475" visible="true" version="2" changeset="70623157" timestamp="2019-05-26T03:44:35Z" user="Кирилл Русинов" uid="2604331" lat="43.2466442" lon="76.8470438"/>
 <node id="662744476" visible="true" version="1" changeset="4068961" timestamp="2010-03-08T06:26:28Z" user="Dmitry Olyenyov" uid="31991" lat="43.2466302" lon="76.8472809"/>
 <node id="662744477" visible="true" version="2" changeset="70623157" timestamp="2019-05-26T03:44:35Z" user="Кирилл Русинов" uid="2604331" lat="43.2468521" lon="76.8469611"/>
 <node id="662744478" visible="true" version="2" changeset="137726240" timestamp="2023-06-24T15:43:20Z" user="dressed-pleasekin" uid="11175011" lat="43.2468992" lon="76.8469344"/>
 <node id="662744479" visible="true" version="2" changeset="137726240" timestamp="2023-06-24T15:43:20Z" user="dressed-pleasekin" uid="11175011" lat="43.2468280" lon="76.8466223"/>
 <node id="662744480" visible="true" version="1" changeset="4068961" timestamp="2010-03-08T06:26:28Z" user="Dmitry Olyenyov" uid="31991" lat="43.2469863" lon="76.8471268"/>
 <node id="662744483" visible="true" version="1" changeset="4068961" timestamp="2010-03-08T06:26:28Z" user="Dmitry Olyenyov" uid="31991" lat="43.2466602" lon="76.8474113"/>
 <node id="662744488" visible="true" version="2" changeset="137726240" timestamp="2023-06-24T15:43:20Z" user="dressed-pleasekin" uid="11175011" lat="43.2470466" lon="76.8468711"/>
 <node id="662744489" visible="true" version="1" changeset="4068961" timestamp="2010-03-08T06:26:28Z" user="Dmitry Olyenyov" uid="31991" lat="43.2470163" lon="76.8472571"/>
 <node id="662744510" visible="true" version="2" changeset="151991110" timestamp="2024-05-29T13:56:03Z" user="qtab" uid="19488713" lat="43.2488827" lon="76.8435993"/>
 <node id="662744511" visible="true" version="2" changeset="66142731" timestamp="2019-01-08T22:18:17Z" user="Roolet" uid="9202949" lat="43.2486982" lon="76.8431967"/>
 <node id="662744513" visible="true" version="2" changeset="66142731" timestamp="2019-01-08T22:18:17Z" user="Roolet" uid="9202949" lat="43.2493637" lon="76.8431468"/>
 <node id="662744514" visible="true" version="6" changeset="137024155" timestamp="2023-06-06T17:12:37Z" user="evgeniyakz" uid="16572338" lat="43.2477037" lon="76.8421981"/>
 <node id="662744515" visible="true" version="2" changeset="42433632" timestamp="2016-09-25T22:45:42Z" user="_ANick_" uid="1686959" lat="43.2479905" lon="76.8418556"/>
 <node id="662744516" visible="true" version="1" changeset="4068961" timestamp="2010-03-08T06:26:29Z" user="Dmitry Olyenyov" uid="31991" lat="43.2483542" lon="76.8416986"/>
 <node id="662744517" visible="true" version="1" changeset="4068961" timestamp="2010-03-08T06:26:29Z" user="Dmitry Olyenyov" uid="31991" lat="43.2485853" lon="76.8414871"/>
 <node id="662744518" visible="true" version="2" changeset="17719023" timestamp="2013-09-07T14:37:56Z" user="Lyubchenko Denis" uid="705874" lat="43.2476523" lon="76.8436552"/>
 <node id="662744528" visible="true" version="2" changeset="139114833" timestamp="2023-07-28T03:58:58Z" user="RwenzoriMountains" uid="16853667" lat="43.2487989" lon="76.8463429"/>
 <node id="662744529" visible="true" version="1" changeset="4068961" timestamp="2010-03-08T06:26:30Z" user="Dmitry Olyenyov" uid="31991" lat="43.2486370" lon="76.8458312"/>
 <node id="662744530" visible="true" version="1" changeset="4068961" timestamp="2010-03-08T06:26:30Z" user="Dmitry Olyenyov" uid="31991" lat="43.2479796" lon="76.8442969"/>
 <node id="662744531" visible="true" version="2" changeset="66142731" timestamp="2019-01-08T22:18:17Z" user="Roolet" uid="9202949" lat="43.2498267" lon="76.8463126"/>
 <node id="662744533" visible="true" version="2" changeset="66142731" timestamp="2019-01-08T22:18:17Z" user="Roolet" uid="9202949" lat="43.2494117" lon="76.8448092"/>
 <node id="662744554" visible="true" version="2" changeset="66243058" timestamp="2019-01-12T02:25:36Z" user="whatmeinfallible" uid="7150022" lat="43.2493175" lon="76.8482537"/>
 <node id="662744555" visible="true" version="2" changeset="66243058" timestamp="2019-01-12T02:25:36Z" user="whatmeinfallible" uid="7150022" lat="43.2493332" lon="76.8480739"/>
 <node id="662744593" visible="true" version="1" changeset="4068961" timestamp="2010-03-08T06:26:32Z" user="Dmitry Olyenyov" uid="31991" lat="43.2469522" lon="76.8502252"/>
 <node id="662744594" visible="true" version="1" changeset="4068961" timestamp="2010-03-08T06:26:32Z" user="Dmitry Olyenyov" uid="31991" lat="43.2468184" lon="76.8493806"/>
 <node id="662744629" visible="true" version="2" changeset="66243058" timestamp="2019-01-12T02:25:36Z" user="whatmeinfallible" uid="7150022" lat="43.2499659" lon="76.8512766"/>
 <node id="662744630" visible="true" version="2" changeset="66243058" timestamp="2019-01-12T02:25:36Z" user="whatmeinfallible" uid="7150022" lat="43.2498570" lon="76.8500588"/>
 <node id="662744631" visible="true" version="1" changeset="4068961" timestamp="2010-03-08T06:26:33Z" user="Dmitry Olyenyov" uid="31991" lat="43.2497709" lon="76.8496292"/>
 <node id="662744633" visible="true" version="2" changeset="66243058" timestamp="2019-01-12T02:25:36Z" user="whatmeinfallible" uid="7150022" lat="43.2499320" lon="76.8507448"/>
 <node id="662744634" visible="true" version="1" changeset="4068961" timestamp="2010-03-08T06:26:33Z" user="Dmitry Olyenyov" uid="31991" lat="43.2501599" lon="76.8522314"/>
 <node id="662744639" visible="true" version="5" changeset="130434183" timestamp="2022-12-23T19:23:54Z" user="dressed-pleasekin" uid="11175011" lat="43.2504187" lon="76.8530576"/>
 <node id="662846085" visible="true" version="2" changeset="19050454" timestamp="2013-11-22T10:32:42Z" user="antont" uid="1759061" lat="43.2442060" lon="76.8450264"/>
 <node id="662846086" visible="true" version="2" changeset="19050454" timestamp="2013-11-22T10:32:42Z" user="antont" uid="1759061" lat="43.2444385" lon="76.8460525"/>
 <node id="662846087" visible="true" version="2" changeset="19050454" timestamp="2013-11-22T10:32:42Z" user="antont" uid="1759061" lat="43.2438422" lon="76.8463071"/>
 <node id="662846088" visible="true" version="2" changeset="19050454" timestamp="2013-11-22T10:32:42Z" user="antont" uid="1759061" lat="43.2436097" lon="76.8452810"/>
 <node id="662846104" visible="true" version="2" changeset="19050454" timestamp="2013-11-22T10:32:42Z" user="antont" uid="1759061" lat="43.2437365" lon="76.8469452"/>
 <node id="662846105" visible="true" version="2" changeset="19050454" timestamp="2013-11-22T10:32:42Z" user="antont" uid="1759061" lat="43.2438730" lon="76.8475431"/>
 <node id="662846106" visible="true" version="2" changeset="19050454" timestamp="2013-11-22T10:32:42Z" user="antont" uid="1759061" lat="43.2437064" lon="76.8476148"/>
 <node id="662846107" visible="true" version="2" changeset="19050454" timestamp="2013-11-22T10:32:42Z" user="antont" uid="1759061" lat="43.2435698" lon="76.8470170"/>
 <node id="662846112" visible="true" version="2" changeset="130034985" timestamp="2022-12-13T12:31:22Z" user="dressed-pleasekin" uid="11175011" lat="43.2441094" lon="76.8472363"/>
 <node id="662846113" visible="true" version="2" changeset="130034985" timestamp="2022-12-13T12:31:22Z" user="dressed-pleasekin" uid="11175011" lat="43.2441362" lon="76.8473461"/>
 <node id="662846117" visible="true" version="2" changeset="130034985" timestamp="2022-12-13T12:31:22Z" user="dressed-pleasekin" uid="11175011" lat="43.2445735" lon="76.8470233"/>
 <node id="662846118" visible="true" version="2" changeset="130034985" timestamp="2022-12-13T12:31:22Z" user="dressed-pleasekin" uid="11175011" lat="43.2446002" lon="76.8471331"/>
 <node id="880366424" visible="true" version="7" changeset="45492829" timestamp="2017-01-25T22:32:01Z" user="_ANick_" uid="1686959" lat="43.2432751" lon="76.8380174"/>
 <node id="880366426" visible="true" version="6" changeset="45492829" timestamp="2017-01-25T22:32:01Z" user="_ANick_" uid="1686959" lat="43.2454296" lon="76.8369455"/>
 <node id="1239998574" visible="true" version="8" changeset="140513660" timestamp="2023-08-28T21:25:35Z" user="LexIgnatov" uid="316868" lat="43.2431825" lon="76.8375177"/>
 <node id="1389358565" visible="true" version="6" changeset="158525613" timestamp="2024-10-30T05:41:02Z" user="nuruk" uid="20180657" lat="43.2442939" lon="76.8376075">
  <tag k="highway" v="give_way"/>
 </node>
 <node id="1389358569" visible="true" version="5" changeset="59259468" timestamp="2018-05-25T05:39:39Z" user="m00sekateer" uid="2444967" lat="43.2445570" lon="76.8372336"/>
 <node id="1389358571" visible="true" version="4" changeset="45492829" timestamp="2017-01-25T22:32:01Z" user="_ANick_" uid="1686959" lat="43.2446892" lon="76.8368759"/>
 <node id="1389358574" visible="true" version="2" changeset="42433632" timestamp="2016-09-25T22:44:23Z" user="_ANick_" uid="1686959" lat="43.2446288" lon="76.8338744"/>
 <node id="1389358576" visible="true" version="4" changeset="45492829" timestamp="2017-01-25T22:32:01Z" user="_ANick_" uid="1686959" lat="43.2447834" lon="76.8367084"/>
 <node id="1389358579" visible="true" version="5" changeset="45492829" timestamp="2017-01-25T22:32:01Z" user="_ANick_" uid="1686959" lat="43.2447694" lon="76.8368784"/>
 <node id="1389358581" visible="true" version="4" changeset="45492829" timestamp="2017-01-25T22:32:01Z" user="_ANick_" uid="1686959" lat="43.2447499" lon="76.8370456"/>
 <node id="1389358583" visible="true" version="5" changeset="45492829" timestamp="2017-01-25T22:32:01Z" user="_ANick_" uid="1686959" lat="43.2448012" lon="76.8368182"/>
 <node id="1389358585" visible="true" version="7" changeset="160994888" timestamp="2025-01-04T17:20:28Z" user="LexIgnatov" uid="316868" lat="43.2448181" lon="76.8346046"/>
 <node id="1389358587" visible="true" version="5" changeset="45492829" timestamp="2017-01-25T22:32:02Z" user="_ANick_" uid="1686959" lat="43.2447831" lon="76.8371403"/>
 <node id="1389358589" visible="true" version="3" changeset="45492829" timestamp="2017-01-25T22:32:02Z" user="_ANick_" uid="1686959" lat="43.2448613" lon="76.8350868"/>
 <node id="1389358591" visible="true" version="3" changeset="45492829" timestamp="2017-01-25T22:32:02Z" user="_ANick_" uid="1686959" lat="43.2450060" lon="76.8363440"/>
 <node id="1389358593" visible="true" version="5" changeset="45492829" timestamp="2017-01-25T22:32:02Z" user="_ANick_" uid="1686959" lat="43.2449652" lon="76.8366042"/>
 <node id="1389358594" visible="true" version="4" changeset="45492829" timestamp="2017-01-25T22:32:02Z" user="_ANick_" uid="1686959" lat="43.2449726" lon="76.8372235"/>
 <node id="1389358596" visible="true" version="4" changeset="45492829" timestamp="2017-01-25T22:32:02Z" user="_ANick_" uid="1686959" lat="43.2453101" lon="76.8349399"/>
 <node id="1389358597" visible="true" version="3" changeset="45492829" timestamp="2017-01-25T22:32:02Z" user="_ANick_" uid="1686959" lat="43.2450278" lon="76.8362754"/>
 <node id="1389358599" visible="true" version="5" changeset="45492829" timestamp="2017-01-25T22:32:02Z" user="_ANick_" uid="1686959" lat="43.2450587" lon="76.8365188"/>
 <node id="1389358601" visible="true" version="3" changeset="45492829" timestamp="2017-01-25T22:32:02Z" user="_ANick_" uid="1686959" lat="43.2450568" lon="76.8359634"/>
 <node id="1389358603" visible="true" version="4" changeset="45492829" timestamp="2017-01-25T22:32:02Z" user="_ANick_" uid="1686959" lat="43.2449992" lon="76.8353429"/>
 <node id="1389358605" visible="true" version="5" changeset="45492829" timestamp="2017-01-25T22:32:03Z" user="_ANick_" uid="1686959" lat="43.2451445" lon="76.8364742"/>
 <node id="1389358607" visible="true" version="4" changeset="45492829" timestamp="2017-01-25T22:32:03Z" user="_ANick_" uid="1686959" lat="43.2451244" lon="76.8358905"/>
 <node id="1389358609" visible="true" version="5" changeset="45492829" timestamp="2017-01-25T22:32:03Z" user="_ANick_" uid="1686959" lat="43.2451974" lon="76.8365487"/>
 <node id="1389358613" visible="true" version="5" changeset="45492829" timestamp="2017-01-25T22:32:03Z" user="_ANick_" uid="1686959" lat="43.2452777" lon="76.8364743"/>
 <node id="1389358614" visible="true" version="5" changeset="45492829" timestamp="2017-01-25T22:32:03Z" user="_ANick_" uid="1686959" lat="43.2453625" lon="76.8368677"/>
 <node id="1389358616" visible="true" version="2" changeset="42433632" timestamp="2016-09-25T22:44:27Z" user="_ANick_" uid="1686959" lat="43.2453852" lon="76.8377409"/>
 <node id="1389358618" visible="true" version="5" changeset="158525613" timestamp="2024-10-30T05:41:02Z" user="nuruk" uid="20180657" lat="43.2456029" lon="76.8359578"/>
 <node id="1389358619" visible="true" version="4" changeset="45492829" timestamp="2017-01-25T22:32:03Z" user="_ANick_" uid="1686959" lat="43.2456639" lon="76.8360513"/>
 <node id="1389358620" visible="true" version="1" changeset="8945733" timestamp="2011-08-07T10:59:52Z" user="chnav" uid="248768" lat="43.2457749" lon="76.8381909"/>
 <node id="1389358621" visible="true" version="3" changeset="42433632" timestamp="2016-09-25T22:44:27Z" user="_ANick_" uid="1686959" lat="43.2458336" lon="76.8368059"/>
 <node id="1389358622" visible="true" version="3" changeset="42433632" timestamp="2016-09-25T22:44:28Z" user="_ANick_" uid="1686959" lat="43.2458633" lon="76.8366433"/>
 <node id="1389358623" visible="true" version="4" changeset="45492829" timestamp="2017-01-25T22:32:03Z" user="_ANick_" uid="1686959" lat="43.2457921" lon="76.8361743"/>
 <node id="1389358624" visible="true" version="5" changeset="45492829" timestamp="2017-01-25T22:32:03Z" user="_ANick_" uid="1686959" lat="43.2459341" lon="76.8373193"/>
 <node id="1389358625" visible="true" version="3" changeset="45492829" timestamp="2017-01-25T22:32:03Z" user="_ANick_" uid="1686959" lat="43.2461677" lon="76.8370840"/>
 <node id="1389358626" visible="true" version="3" changeset="42433632" timestamp="2016-09-25T22:44:28Z" user="_ANick_" uid="1686959" lat="43.2459908" lon="76.8364770"/>
 <node id="1389358627" visible="true" version="3" changeset="42433632" timestamp="2016-09-25T22:44:28Z" user="_ANick_" uid="1686959" lat="43.2461246" lon="76.8364431"/>
 <node id="1389358628" visible="true" version="1" changeset="8945733" timestamp="2011-08-07T10:59:52Z" user="chnav" uid="248768" lat="43.2461936" lon="76.8359252"/>
 <node id="1389358629" visible="true" version="6" changeset="139431844" timestamp="2023-08-04T09:23:36Z" user="evgenius123" uid="2356202" lat="43.2460994" lon="76.8380498"/>
 <node id="1389358630" visible="true" version="4" changeset="129824140" timestamp="2022-12-07T14:17:33Z" user="dressed-pleasekin" uid="11175011" lat="43.2463378" lon="76.8395518"/>
 <node id="1389358631" visible="true" version="3" changeset="45492829" timestamp="2017-01-25T22:32:04Z" user="_ANick_" uid="1686959" lat="43.2463351" lon="76.8363082"/>
 <node id="1389358632" visible="true" version="2" changeset="42433632" timestamp="2016-09-25T22:44:28Z" user="_ANick_" uid="1686959" lat="43.2464291" lon="76.8386809"/>
 <node id="1389358633" visible="true" version="1" changeset="8945733" timestamp="2011-08-07T10:59:53Z" user="chnav" uid="248768" lat="43.2464905" lon="76.8387338"/>
 <node id="1389358634" visible="true" version="4" changeset="122193090" timestamp="2022-06-10T06:20:06Z" user="SEVEN" uid="127989" lat="43.2465834" lon="76.8364663"/>
 <node id="1389358635" visible="true" version="2" changeset="42433632" timestamp="2016-09-25T22:44:29Z" user="_ANick_" uid="1686959" lat="43.2465812" lon="76.8387972"/>
 <node id="1389358636" visible="true" version="2" changeset="42433632" timestamp="2016-09-25T22:44:29Z" user="_ANick_" uid="1686959" lat="43.2468257" lon="76.8387191"/>
 <node id="1389358637" visible="true" version="3" changeset="42433632" timestamp="2016-09-25T22:44:29Z" user="_ANick_" uid="1686959" lat="43.2467891" lon="76.8368233"/>
 <node id="1389358638" visible="true" version="4" changeset="45492829" timestamp="2017-01-25T22:32:04Z" user="_ANick_" uid="1686959" lat="43.2467958" lon="76.8391866"/>
 <node id="1389358639" visible="true" version="4" changeset="45492829" timestamp="2017-01-25T22:32:04Z" user="_ANick_" uid="1686959" lat="43.2467848" lon="76.8394030"/>
 <node id="1389358640" visible="true" version="4" changeset="45492829" timestamp="2017-01-25T22:32:04Z" user="_ANick_" uid="1686959" lat="43.2467916" lon="76.8394529"/>
 <node id="1389358641" visible="true" version="2" changeset="42433632" timestamp="2016-09-25T22:44:30Z" user="_ANick_" uid="1686959" lat="43.2468846" lon="76.8364771"/>
 <node id="1389358642" visible="true" version="1" changeset="8945733" timestamp="2011-08-07T10:59:53Z" user="chnav" uid="248768" lat="43.2470296" lon="76.8366322"/>
 <node id="1389358643" visible="true" version="3" changeset="42433632" timestamp="2016-09-25T22:44:30Z" user="_ANick_" uid="1686959" lat="43.2470697" lon="76.8413135"/>
 <node id="1389358644" visible="true" version="4" changeset="122193090" timestamp="2022-06-10T06:20:06Z" user="SEVEN" uid="127989" lat="43.2471177" lon="76.8377219"/>
 <node id="1389358645" visible="true" version="4" changeset="122193090" timestamp="2022-06-10T06:20:06Z" user="SEVEN" uid="127989" lat="43.2472731" lon="76.8377823"/>
 <node id="1389358646" visible="true" version="3" changeset="122193090" timestamp="2022-06-10T06:20:06Z" user="SEVEN" uid="127989" lat="43.2472275" lon="76.8383315"/>
 <node id="1389358647" visible="true" version="2" changeset="42433632" timestamp="2016-09-25T22:44:30Z" user="_ANick_" uid="1686959" lat="43.2473393" lon="76.8369754"/>
 <node id="1389358648" visible="true" version="4" changeset="122193090" timestamp="2022-06-10T06:20:06Z" user="SEVEN" uid="127989" lat="43.2473584" lon="76.8378581"/>
 <node id="1389358649" visible="true" version="2" changeset="42433632" timestamp="2016-09-25T22:44:30Z" user="_ANick_" uid="1686959" lat="43.2473854" lon="76.8379534"/>
 <node id="1389358650" visible="true" version="4" changeset="45492829" timestamp="2017-01-25T22:32:04Z" user="_ANick_" uid="1686959" lat="43.2473898" lon="76.8410448"/>
 <node id="1389358651" visible="true" version="2" changeset="42433632" timestamp="2016-09-25T22:44:31Z" user="_ANick_" uid="1686959" lat="43.2475264" lon="76.8371178"/>
 <node id="1389358652" visible="true" version="5" changeset="45492829" timestamp="2017-01-25T22:32:04Z" user="_ANick_" uid="1686959" lat="43.2475682" lon="76.8375044"/>
 <node id="1389358653" visible="true" version="4" changeset="45492829" timestamp="2017-01-25T22:32:04Z" user="_ANick_" uid="1686959" lat="43.2477619" lon="76.8378560"/>
 <node id="1433590994" visible="true" version="4" changeset="130204275" timestamp="2022-12-18T07:40:14Z" user="dressed-pleasekin" uid="11175011" lat="43.2446348" lon="76.8349622"/>
 <node id="1433590995" visible="true" version="4" changeset="130204275" timestamp="2022-12-18T07:40:14Z" user="dressed-pleasekin" uid="11175011" lat="43.2442433" lon="76.8366983"/>
 <node id="1433590996" visible="true" version="4" changeset="130204275" timestamp="2022-12-18T07:40:14Z" user="dressed-pleasekin" uid="11175011" lat="43.2445503" lon="76.8368120"/>
 <node id="1433590997" visible="true" version="5" changeset="130204275" timestamp="2022-12-18T07:40:14Z" user="dressed-pleasekin" uid="11175011" lat="43.2439281" lon="76.8353047"/>
 <node id="1711625683" visible="true" version="1" changeset="11266904" timestamp="2012-04-11T16:18:15Z" user="Pjkjnjq" uid="619011" lat="43.2453381" lon="76.8383349"/>
 <node id="1711625694" visible="true" version="2" changeset="45380095" timestamp="2017-01-22T21:54:21Z" user="_ANick_" uid="1686959" lat="43.2443298" lon="76.8385888"/>
 <node id="1711625699" visible="true" version="1" changeset="11266904" timestamp="2012-04-11T16:18:15Z" user="Pjkjnjq" uid="619011" lat="43.2457719" lon="76.8399067"/>
 <node id="1711625717" visible="true" version="1" changeset="11266904" timestamp="2012-04-11T16:18:15Z" user="Pjkjnjq" uid="619011" lat="43.2447051" lon="76.8384476"/>
 <node id="1711625725" visible="true" version="1" changeset="11266904" timestamp="2012-04-11T16:18:15Z" user="Pjkjnjq" uid="619011" lat="43.2451662" lon="76.8382866"/>
 <node id="1711625730" visible="true" version="5" changeset="122193090" timestamp="2022-06-10T06:20:06Z" user="SEVEN" uid="127989" lat="43.2442081" lon="76.8379112"/>
 <node id="1722015429" visible="true" version="1" changeset="11345881" timestamp="2012-04-18T16:29:55Z" user="Pjkjnjq" uid="619011" lat="43.2440891" lon="76.8383643"/>
 <node id="1722015441" visible="true" version="2" changeset="45380095" timestamp="2017-01-22T21:54:21Z" user="_ANick_" uid="1686959" lat="43.2442659" lon="76.8383051"/>
 <node id="1722015445" visible="true" version="2" changeset="36090242" timestamp="2015-12-21T16:49:59Z" user="Lyubchenko Denis" uid="705874" lat="43.2424267" lon="76.8388680"/>
 <node id="1722015451" visible="true" version="1" changeset="11345881" timestamp="2012-04-18T16:29:55Z" user="Pjkjnjq" uid="619011" lat="43.2436749" lon="76.8384395"/>
 <node id="2198750224" visible="true" version="3" changeset="42433632" timestamp="2016-09-25T22:44:43Z" user="_ANick_" uid="1686959" lat="43.2449901" lon="76.8337369"/>
 <node id="2198750459" visible="true" version="1" changeset="15346339" timestamp="2013-03-12T23:03:39Z" user="miros mari" uid="399714" lat="43.2482354" lon="76.8337382"/>
 <node id="2198750681" visible="true" version="3" changeset="42433632" timestamp="2016-09-25T22:44:43Z" user="_ANick_" uid="1686959" lat="43.2448815" lon="76.8334520"/>
 <node id="2198750917" visible="true" version="2" changeset="17697489" timestamp="2013-09-06T04:16:26Z" user="AlexBychkov" uid="494298" lat="43.2500602" lon="76.8338680"/>
 <node id="2198750922" visible="true" version="1" changeset="15346339" timestamp="2013-03-12T23:03:44Z" user="miros mari" uid="399714" lat="43.2504469" lon="76.8338374"/>
 <node id="2198751038" visible="true" version="1" changeset="15346339" timestamp="2013-03-12T23:03:45Z" user="miros mari" uid="399714" lat="43.2514530" lon="76.8334270"/>
 <node id="2198751156" visible="true" version="1" changeset="15346339" timestamp="2013-03-12T23:03:46Z" user="miros mari" uid="399714" lat="43.2495654" lon="76.8338219"/>
 <node id="2198751342" visible="true" version="4" changeset="143591279" timestamp="2023-11-03T20:56:19Z" user="LexIgnatov" uid="316868" lat="43.2551019" lon="76.8319466"/>
 <node id="2198751365" visible="true" version="1" changeset="15346339" timestamp="2013-03-12T23:03:48Z" user="miros mari" uid="399714" lat="43.2486941" lon="76.8336261"/>
 <node id="2198751490" visible="true" version="3" changeset="45380095" timestamp="2017-01-22T21:54:24Z" user="_ANick_" uid="1686959" lat="43.2544279" lon="76.8322075"/>
 <node id="2198751552" visible="true" version="7" changeset="143591279" timestamp="2023-11-03T20:56:19Z" user="LexIgnatov" uid="316868" lat="43.2557078" lon="76.8317121">
  <tag k="highway" v="traffic_signals"/>
 </node>
 <node id="2198751615" visible="true" version="4" changeset="45380095" timestamp="2017-01-22T21:54:24Z" user="_ANick_" uid="1686959" lat="43.2539390" lon="76.8324070"/>
 <node id="2198752102" visible="true" version="1" changeset="15346339" timestamp="2013-03-12T23:03:54Z" user="miros mari" uid="399714" lat="43.2476883" lon="76.8340037"/>
 <node id="2198752147" visible="true" version="4" changeset="45492829" timestamp="2017-01-25T22:32:06Z" user="_ANick_" uid="1686959" lat="43.2451334" lon="76.8342660"/>
 <node id="2198752329" visible="true" version="1" changeset="15346339" timestamp="2013-03-12T23:03:56Z" user="miros mari" uid="399714" lat="43.2507884" lon="76.8337038"/>
 <node id="2198752556" visible="true" version="1" changeset="15346339" timestamp="2013-03-12T23:03:58Z" user="miros mari" uid="399714" lat="43.2462559" lon="76.8347177"/>
 <node id="2198752597" visible="true" version="1" changeset="15346339" timestamp="2013-03-12T23:03:58Z" user="miros mari" uid="399714" lat="43.2484089" lon="76.8336582"/>
 <node id="2198752609" visible="true" version="1" changeset="15346339" timestamp="2013-03-12T23:03:58Z" user="miros mari" uid="399714" lat="43.2470905" lon="76.8343014"/>
 <node id="2198752611" visible="true" version="1" changeset="15346339" timestamp="2013-03-12T23:03:58Z" user="miros mari" uid="399714" lat="43.2491380" lon="76.8337408"/>
 <node id="2198752628" visible="true" version="3" changeset="45492829" timestamp="2017-01-25T22:32:06Z" user="_ANick_" uid="1686959" lat="43.2453742" lon="76.8351728"/>
 <node id="2198752639" visible="true" version="1" changeset="15346339" timestamp="2013-03-12T23:03:59Z" user="miros mari" uid="399714" lat="43.2502961" lon="76.8338567"/>
 <node id="2232527866" visible="true" version="4" changeset="45492829" timestamp="2017-01-25T22:32:06Z" user="_ANick_" uid="1686959" lat="43.2460576" lon="76.8372111"/>
 <node id="2232527872" visible="true" version="4" changeset="66243058" timestamp="2019-01-12T02:25:37Z" user="whatmeinfallible" uid="7150022" lat="43.2485602" lon="76.8374145"/>
 <node id="2232527973" visible="true" version="4" changeset="45492829" timestamp="2017-01-25T22:32:06Z" user="_ANick_" uid="1686959" lat="43.2464037" lon="76.8371931"/>
 <node id="2232527983" visible="true" version="7" changeset="59259468" timestamp="2018-05-25T05:39:39Z" user="m00sekateer" uid="2444967" lat="43.2453060" lon="76.8373253"/>
 <node id="2245453278" visible="true" version="1" changeset="15587610" timestamp="2013-04-02T21:53:45Z" user="miros mari" uid="399714" lat="43.2426407" lon="76.8380440"/>
 <node id="2245453317" visible="true" version="1" changeset="15587610" timestamp="2013-04-02T21:53:45Z" user="miros mari" uid="399714" lat="43.2428048" lon="76.8379716"/>
 <node id="2245453371" visible="true" version="1" changeset="15587610" timestamp="2013-04-02T21:53:47Z" user="miros mari" uid="399714" lat="43.2418949" lon="76.8382797"/>
 <node id="2245453432" visible="true" version="3" changeset="38086937" timestamp="2016-03-26T17:33:18Z" user="Lyubchenko Denis" uid="705874" lat="43.2420939" lon="76.8390173"/>
 <node id="2245453459" visible="true" version="2" changeset="45492829" timestamp="2017-01-25T22:32:07Z" user="_ANick_" uid="1686959" lat="43.2442133" lon="76.8374741"/>
 <node id="2245453463" visible="true" version="4" changeset="64522376" timestamp="2018-11-15T10:30:37Z" user="MNbrn" uid="6319160" lat="43.2442284" lon="76.8373319"/>
 <node id="2245453484" visible="true" version="1" changeset="15587610" timestamp="2013-04-02T21:53:49Z" user="miros mari" uid="399714" lat="43.2425279" lon="76.8380436"/>
 <node id="2245453487" visible="true" version="9" changeset="159543227" timestamp="2024-11-24T17:38:52Z" user="LexIgnatov" uid="316868" lat="43.2422065" lon="76.8384103"/>
 <node id="2245453499" visible="true" version="4" changeset="140386307" timestamp="2023-08-25T19:23:09Z" user="LexIgnatov" uid="316868" lat="43.2415462" lon="76.8383262"/>
 <node id="2245453505" visible="true" version="1" changeset="15587610" timestamp="2013-04-02T21:53:49Z" user="miros mari" uid="399714" lat="43.2417874" lon="76.8382984"/>
 <node id="2245453541" visible="true" version="2" changeset="33352915" timestamp="2015-08-15T14:07:11Z" user="Lyubchenko Denis" uid="705874" lat="43.2435997" lon="76.8376793"/>
 <node id="2245453573" visible="true" version="2" changeset="140386307" timestamp="2023-08-25T19:23:09Z" user="LexIgnatov" uid="316868" lat="43.2419920" lon="76.8381809"/>
 <node id="2245453574" visible="true" version="2" changeset="36090242" timestamp="2015-12-21T16:49:59Z" user="Lyubchenko Denis" uid="705874" lat="43.2422836" lon="76.8380937"/>
 <node id="2245453587" visible="true" version="3" changeset="64522376" timestamp="2018-11-15T10:30:37Z" user="MNbrn" uid="6319160" lat="43.2444338" lon="76.8372148"/>
 <node id="2245453589" visible="true" version="6" changeset="138571548" timestamp="2023-07-16T09:49:21Z" user="LexIgnatov" uid="316868" lat="43.2422464" lon="76.8385812"/>
 <node id="2245453697" visible="true" version="1" changeset="15587610" timestamp="2013-04-02T21:53:54Z" user="miros mari" uid="399714" lat="43.2416794" lon="76.8382827"/>
 <node id="2245453764" visible="true" version="3" changeset="140386307" timestamp="2023-08-25T19:23:09Z" user="LexIgnatov" uid="316868" lat="43.2415920" lon="76.8382421"/>
 <node id="2245524394" visible="true" version="1" changeset="15588147" timestamp="2013-04-02T23:16:29Z" user="miros mari" uid="399714" lat="43.2446385" lon="76.8437186"/>
 <node id="2245524407" visible="true" version="1" changeset="15588147" timestamp="2013-04-02T23:16:30Z" user="miros mari" uid="399714" lat="43.2437240" lon="76.8399936"/>
 <node id="2245524408" visible="true" version="1" changeset="15588147" timestamp="2013-04-02T23:16:30Z" user="miros mari" uid="399714" lat="43.2445010" lon="76.8418229"/>
 <node id="2245524433" visible="true" version="1" changeset="15588147" timestamp="2013-04-02T23:16:30Z" user="miros mari" uid="399714" lat="43.2442194" lon="76.8419503"/>
 <node id="2245524438" visible="true" version="1" changeset="15588147" timestamp="2013-04-02T23:16:30Z" user="miros mari" uid="399714" lat="43.2438465" lon="76.8390812"/>
 <node id="2245524443" visible="true" version="1" changeset="15588147" timestamp="2013-04-02T23:16:31Z" user="miros mari" uid="399714" lat="43.2436905" lon="76.8391487"/>
 <node id="2245524445" visible="true" version="1" changeset="15588147" timestamp="2013-04-02T23:16:31Z" user="miros mari" uid="399714" lat="43.2438899" lon="76.8399087"/>
 <node id="2245524503" visible="true" version="1" changeset="15588147" timestamp="2013-04-02T23:16:32Z" user="miros mari" uid="399714" lat="43.2446732" lon="76.8417451"/>
 <node id="2245524505" visible="true" version="1" changeset="15588147" timestamp="2013-04-02T23:16:32Z" user="miros mari" uid="399714" lat="43.2450928" lon="76.8435157"/>
 <node id="2245524508" visible="true" version="1" changeset="15588147" timestamp="2013-04-02T23:16:32Z" user="miros mari" uid="399714" lat="43.2436553" lon="76.8391889"/>
 <node id="2245524510" visible="true" version="1" changeset="15588147" timestamp="2013-04-02T23:16:32Z" user="miros mari" uid="399714" lat="43.2439952" lon="76.8389556"/>
 <node id="2245524526" visible="true" version="1" changeset="15588147" timestamp="2013-04-02T23:16:32Z" user="miros mari" uid="399714" lat="43.2437840" lon="76.8399629"/>
 <node id="2245524554" visible="true" version="2" changeset="40635917" timestamp="2016-07-10T18:34:14Z" user="Lyubchenko Denis" uid="705874" lat="43.2436141" lon="76.8392369"/>
 <node id="2245524562" visible="true" version="1" changeset="15588147" timestamp="2013-04-02T23:16:33Z" user="miros mari" uid="399714" lat="43.2447888" lon="76.8436515"/>
 <node id="2245524590" visible="true" version="1" changeset="15588147" timestamp="2013-04-02T23:16:34Z" user="miros mari" uid="399714" lat="43.2437407" lon="76.8397794"/>
 <node id="2245524635" visible="true" version="1" changeset="15588147" timestamp="2013-04-02T23:16:35Z" user="miros mari" uid="399714" lat="43.2449204" lon="76.8435927"/>
 <node id="2245524652" visible="true" version="1" changeset="15588147" timestamp="2013-04-02T23:16:35Z" user="miros mari" uid="399714" lat="43.2443696" lon="76.8418824"/>
 <node id="2338315692" visible="true" version="3" changeset="130204275" timestamp="2022-12-18T07:40:14Z" user="dressed-pleasekin" uid="11175011" lat="43.2447210" lon="76.8354367"/>
 <node id="2338315694" visible="true" version="3" changeset="130204275" timestamp="2022-12-18T07:40:14Z" user="dressed-pleasekin" uid="11175011" lat="43.2447536" lon="76.8355636"/>
 <node id="2338315696" visible="true" version="3" changeset="130204275" timestamp="2022-12-18T07:40:14Z" user="dressed-pleasekin" uid="11175011" lat="43.2447529" lon="76.8354212"/>
 <node id="2386307373" visible="true" version="2" changeset="139112240" timestamp="2023-07-28T01:16:56Z" user="RwenzoriMountains" uid="16853667" lat="43.2523236" lon="76.8330627"/>
 <node id="2447764850" visible="true" version="1" changeset="17697489" timestamp="2013-09-06T04:16:17Z" user="AlexBychkov" uid="494298" lat="43.2495135" lon="76.8345518"/>
 <node id="2449481132" visible="true" version="3" changeset="19533981" timestamp="2013-12-19T16:43:09Z" user="_ANick_" uid="1686959" lat="43.2453228" lon="76.8380086"/>
 <node id="2449481133" visible="true" version="3" changeset="19533981" timestamp="2013-12-19T16:43:09Z" user="_ANick_" uid="1686959" lat="43.2453798" lon="76.8383316"/>
 <node id="2449481134" visible="true" version="3" changeset="19533981" timestamp="2013-12-19T16:43:09Z" user="_ANick_" uid="1686959" lat="43.2454870" lon="76.8381695"/>
 <node id="2449481135" visible="true" version="2" changeset="19128936" timestamp="2013-11-26T15:45:23Z" user="antont" uid="1759061" lat="43.2460200" lon="76.8404902"/>
 <node id="2449481136" visible="true" version="3" changeset="38087134" timestamp="2016-03-26T17:42:44Z" user="Lyubchenko Denis" uid="705874" lat="43.2461073" lon="76.8404162"/>
 <node id="2449481137" visible="true" version="2" changeset="19128936" timestamp="2013-11-26T15:45:23Z" user="antont" uid="1759061" lat="43.2462509" lon="76.8409982"/>
 <node id="2449481138" visible="true" version="3" changeset="19128936" timestamp="2013-11-26T15:45:23Z" user="antont" uid="1759061" lat="43.2463343" lon="76.8409259"/>
 <node id="2481609423" visible="true" version="4" changeset="45492829" timestamp="2017-01-25T22:32:08Z" user="_ANick_" uid="1686959" lat="43.2392821" lon="76.8295397"/>
 <node id="2481609427" visible="true" version="5" changeset="45492829" timestamp="2017-01-25T22:32:08Z" user="_ANick_" uid="1686959" lat="43.2412781" lon="76.8288152"/>
 <node id="2481609429" visible="true" version="3" changeset="45492829" timestamp="2017-01-25T22:32:08Z" user="_ANick_" uid="1686959" lat="43.2412450" lon="76.8376495"/>
 <node id="2481609431" visible="true" version="3" changeset="45492829" timestamp="2017-01-25T22:32:08Z" user="_ANick_" uid="1686959" lat="43.2416946" lon="76.8382388"/>
 <node id="2481609433" visible="true" version="3" changeset="45492829" timestamp="2017-01-25T22:32:08Z" user="_ANick_" uid="1686959" lat="43.2418508" lon="76.8289904"/>
 <node id="2481609435" visible="true" version="4" changeset="45492829" timestamp="2017-01-25T22:32:08Z" user="_ANick_" uid="1686959" lat="43.2434308" lon="76.8288180"/>
 <node id="2481609437" visible="true" version="4" changeset="64522376" timestamp="2018-11-15T10:30:37Z" user="MNbrn" uid="6319160" lat="43.2443418" lon="76.8374450"/>
 <node id="2481609439" visible="true" version="3" changeset="64522376" timestamp="2018-11-15T10:30:37Z" user="MNbrn" uid="6319160" lat="43.2445404" lon="76.8371701"/>
 <node id="2481609441" visible="true" version="4" changeset="59609318" timestamp="2018-06-06T16:56:12Z" user="MNbrn" uid="6319160" lat="43.2446135" lon="76.8337227"/>
 <node id="2481609443" visible="true" version="3" changeset="45492829" timestamp="2017-01-25T22:32:08Z" user="_ANick_" uid="1686959" lat="43.2445327" lon="76.8331350"/>
 <node id="2481609445" visible="true" version="3" changeset="64522376" timestamp="2018-11-15T10:30:37Z" user="MNbrn" uid="6319160" lat="43.2446997" lon="76.8367398"/>
 <node id="2481609447" visible="true" version="3" changeset="45492829" timestamp="2017-01-25T22:32:09Z" user="_ANick_" uid="1686959" lat="43.2449736" lon="76.8356167"/>
 <node id="2481635850" visible="true" version="3" changeset="45492829" timestamp="2017-01-25T22:32:09Z" user="_ANick_" uid="1686959" lat="43.2404144" lon="76.8342552"/>
 <node id="2481635852" visible="true" version="3" changeset="45492829" timestamp="2017-01-25T22:32:09Z" user="_ANick_" uid="1686959" lat="43.2405096" lon="76.8346354"/>
 <node id="2481635855" visible="true" version="2" changeset="45492829" timestamp="2017-01-25T22:32:09Z" user="_ANick_" uid="1686959" lat="43.2413281" lon="76.8379212"/>
 <node id="2481635856" visible="true" version="2" changeset="45492829" timestamp="2017-01-25T22:32:09Z" user="_ANick_" uid="1686959" lat="43.2414807" lon="76.8381173"/>
 <node id="2481635857" visible="true" version="2" changeset="45492829" timestamp="2017-01-25T22:32:09Z" user="_ANick_" uid="1686959" lat="43.2418549" lon="76.8382524"/>
 <node id="2481635858" visible="true" version="2" changeset="45492829" timestamp="2017-01-25T22:32:09Z" user="_ANick_" uid="1686959" lat="43.2420568" lon="76.8382187"/>
 <node id="2481635859" visible="true" version="2" changeset="45492829" timestamp="2017-01-25T22:32:09Z" user="_ANick_" uid="1686959" lat="43.2425098" lon="76.8380632"/>
 <node id="2481635860" visible="true" version="2" changeset="45492829" timestamp="2017-01-25T22:32:09Z" user="_ANick_" uid="1686959" lat="43.2426083" lon="76.8381308"/>
 <node id="2481635861" visible="true" version="2" changeset="45492829" timestamp="2017-01-25T22:32:10Z" user="_ANick_" uid="1686959" lat="43.2430330" lon="76.8285534"/>
 <node id="2481635862" visible="true" version="3" changeset="45492829" timestamp="2017-01-25T22:32:10Z" user="_ANick_" uid="1686959" lat="43.2431997" lon="76.8285473"/>
 <node id="2481635863" visible="true" version="3" changeset="45492829" timestamp="2017-01-25T22:32:10Z" user="_ANick_" uid="1686959" lat="43.2433565" lon="76.8286643"/>
 <node id="2481635864" visible="true" version="3" changeset="64522376" timestamp="2018-11-15T10:30:38Z" user="MNbrn" uid="6319160" lat="43.2440739" lon="76.8375805"/>
 <node id="2481635865" visible="true" version="2" changeset="45492829" timestamp="2017-01-25T22:32:10Z" user="_ANick_" uid="1686959" lat="43.2448037" lon="76.8346086"/>
 <node id="2481635866" visible="true" version="2" changeset="45492829" timestamp="2017-01-25T22:32:10Z" user="_ANick_" uid="1686959" lat="43.2448088" lon="76.8349229"/>
 <node id="2481635867" visible="true" version="4" changeset="64522376" timestamp="2018-11-15T10:30:38Z" user="MNbrn" uid="6319160" lat="43.2449658" lon="76.8363723"/>
 <node id="2481635868" visible="true" version="2" changeset="45492829" timestamp="2017-01-25T22:32:10Z" user="_ANick_" uid="1686959" lat="43.2450225" lon="76.8358867"/>
 <node id="2481670029" visible="true" version="2" changeset="18181711" timestamp="2013-10-04T16:28:58Z" user="Lyubchenko Denis" uid="705874" lat="43.2441832" lon="76.8359692">
  <tag k="amenity" v="bar"/>
  <tag k="internet_access" v="yes"/>
  <tag k="name" v="Пинта Бар"/>
  <tag k="name:en" v="Pinta Bar"/>
 </node>
 <node id="2481670034" visible="true" version="3" changeset="64909803" timestamp="2018-11-26T19:44:38Z" user="MNbrn" uid="6319160" lat="43.2441367" lon="76.8357415">
  <tag k="amenity" v="cinema"/>
  <tag k="description" v="7 залов"/>
  <tag k="level" v="3"/>
  <tag k="name" v="Арман"/>
  <tag k="name:en" v="Arman"/>
 </node>
 <node id="2481670053" visible="true" version="1" changeset="18168284" timestamp="2013-10-03T20:04:47Z" user="chnav" uid="248768" lat="43.2445877" lon="76.8356748">
  <tag k="name" v="Технодом"/>
  <tag k="shop" v="electronics"/>
 </node>
 <node id="2510035306" visible="true" version="5" changeset="129824140" timestamp="2022-12-07T14:17:33Z" user="dressed-pleasekin" uid="11175011" lat="43.2460261" lon="76.8401622">
  <tag k="amenity" v="bank"/>
  <tag k="atm" v="yes"/>
  <tag k="brand" v="Народный банк"/>
  <tag k="brand:wikidata" v="Q1046186"/>
  <tag k="name" v="Народный банк"/>
  <tag k="opening_hours" v="Mo-Fr 09:00-18:00, Sa 09:00-14:00"/>
  <tag k="operator" v="Народный банк Казахстана"/>
 </node>
 <node id="2510035374" visible="true" version="2" changeset="19128936" timestamp="2013-11-26T15:45:23Z" user="antont" uid="1759061" lat="43.2462426" lon="76.8410074"/>
 <node id="2510035376" visible="true" version="2" changeset="19128936" timestamp="2013-11-26T15:45:23Z" user="antont" uid="1759061" lat="43.2463341" lon="76.8412015"/>
 <node id="2510035378" visible="true" version="2" changeset="19128936" timestamp="2013-11-26T15:45:23Z" user="antont" uid="1759061" lat="43.2464053" lon="76.8408628"/>
 <node id="2510035380" visible="true" version="2" changeset="19128936" timestamp="2013-11-26T15:45:23Z" user="antont" uid="1759061" lat="43.2464968" lon="76.8410569"/>
 <node id="2522883154" visible="true" version="2" changeset="139113392" timestamp="2023-07-28T02:33:42Z" user="RwenzoriMountains" uid="16853667" lat="43.2478599" lon="76.8403235"/>
 <node id="2522883155" visible="true" version="2" changeset="139113392" timestamp="2023-07-28T02:33:42Z" user="RwenzoriMountains" uid="16853667" lat="43.2479224" lon="76.8404389"/>
 <node id="2522883156" visible="true" version="2" changeset="139113392" timestamp="2023-07-28T02:33:42Z" user="RwenzoriMountains" uid="16853667" lat="43.2477251" lon="76.8395992"/>
 <node id="2522883157" visible="true" version="2" changeset="139113392" timestamp="2023-07-28T02:33:42Z" user="RwenzoriMountains" uid="16853667" lat="43.2480630" lon="76.8402832"/>
 <node id="2522883158" visible="true" version="2" changeset="139113392" timestamp="2023-07-28T02:33:42Z" user="RwenzoriMountains" uid="16853667" lat="43.2480318" lon="76.8405944"/>
 <node id="2522883159" visible="true" version="2" changeset="139113392" timestamp="2023-07-28T02:33:42Z" user="RwenzoriMountains" uid="16853667" lat="43.2479087" lon="76.8400015"/>
 <node id="2522883160" visible="true" version="2" changeset="139113392" timestamp="2023-07-28T02:33:42Z" user="RwenzoriMountains" uid="16853667" lat="43.2480201" lon="76.8402215"/>
 <node id="2522883161" visible="true" version="2" changeset="139113392" timestamp="2023-07-28T02:33:42Z" user="RwenzoriMountains" uid="16853667" lat="43.2481529" lon="76.8404119"/>
 <node id="2522883162" visible="true" version="2" changeset="139113392" timestamp="2023-07-28T02:33:42Z" user="RwenzoriMountains" uid="16853667" lat="43.2475805" lon="76.8397199"/>
 <node id="2522883163" visible="true" version="2" changeset="139113392" timestamp="2023-07-28T02:33:42Z" user="RwenzoriMountains" uid="16853667" lat="43.2477798" lon="76.8401599"/>
 <node id="2524267528" visible="true" version="1" changeset="18782380" timestamp="2013-11-08T13:45:56Z" user="Lyubchenko Denis" uid="705874" lat="43.2454911" lon="76.8410137"/>
 <node id="2524267529" visible="true" version="3" changeset="19179826" timestamp="2013-11-29T15:16:02Z" user="antont" uid="1759061" lat="43.2454947" lon="76.8405999"/>
 <node id="2524267530" visible="true" version="3" changeset="19179826" timestamp="2013-11-29T15:16:02Z" user="antont" uid="1759061" lat="43.2455119" lon="76.8406713"/>
 <node id="2524267531" visible="true" version="3" changeset="19179826" timestamp="2013-11-29T15:16:02Z" user="antont" uid="1759061" lat="43.2455495" lon="76.8408306"/>
 <node id="2524267532" visible="true" version="1" changeset="18782380" timestamp="2013-11-08T13:45:56Z" user="Lyubchenko Denis" uid="705874" lat="43.2455673" lon="76.8413308"/>
 <node id="2524267533" visible="true" version="3" changeset="19179826" timestamp="2013-11-29T15:16:02Z" user="antont" uid="1759061" lat="43.2455702" lon="76.8409172"/>
 <node id="2524267534" visible="true" version="1" changeset="18782380" timestamp="2013-11-08T13:45:56Z" user="Lyubchenko Denis" uid="705874" lat="43.2455817" lon="76.8413885"/>
 <node id="2524267535" visible="true" version="1" changeset="18782380" timestamp="2013-11-08T13:45:56Z" user="Lyubchenko Denis" uid="705874" lat="43.2455887" lon="76.8409696"/>
 <node id="2524267536" visible="true" version="1" changeset="18782380" timestamp="2013-11-08T13:45:56Z" user="Lyubchenko Denis" uid="705874" lat="43.2456059" lon="76.8410410"/>
 <node id="2524267537" visible="true" version="1" changeset="18782380" timestamp="2013-11-08T13:45:56Z" user="Lyubchenko Denis" uid="705874" lat="43.2456435" lon="76.8412003"/>
 <node id="2524267539" visible="true" version="1" changeset="18782380" timestamp="2013-11-08T13:45:56Z" user="Lyubchenko Denis" uid="705874" lat="43.2456579" lon="76.8417055"/>
 <node id="2524267541" visible="true" version="1" changeset="18782380" timestamp="2013-11-08T13:45:56Z" user="Lyubchenko Denis" uid="705874" lat="43.2456643" lon="76.8412869"/>
 <node id="2524267542" visible="true" version="1" changeset="18782380" timestamp="2013-11-08T13:45:57Z" user="Lyubchenko Denis" uid="705874" lat="43.2456793" lon="76.8413443"/>
 <node id="2524267544" visible="true" version="1" changeset="18782380" timestamp="2013-11-08T13:45:57Z" user="Lyubchenko Denis" uid="705874" lat="43.2456965" lon="76.8414158"/>
 <node id="2524267546" visible="true" version="1" changeset="18782380" timestamp="2013-11-08T13:45:57Z" user="Lyubchenko Denis" uid="705874" lat="43.2457336" lon="76.8409832"/>
 <node id="2524267548" visible="true" version="1" changeset="18782380" timestamp="2013-11-08T13:45:57Z" user="Lyubchenko Denis" uid="705874" lat="43.2457341" lon="76.8415751"/>
 <node id="2524267550" visible="true" version="1" changeset="18782380" timestamp="2013-11-08T13:45:57Z" user="Lyubchenko Denis" uid="705874" lat="43.2457549" lon="76.8416616"/>
 <node id="2524267551" visible="true" version="1" changeset="18782380" timestamp="2013-11-08T13:45:57Z" user="Lyubchenko Denis" uid="705874" lat="43.2457718" lon="76.8411423"/>
 <node id="2524267552" visible="true" version="1" changeset="18782380" timestamp="2013-11-08T13:45:57Z" user="Lyubchenko Denis" uid="705874" lat="43.2458242" lon="76.8413580"/>
 <node id="2524267553" visible="true" version="1" changeset="18782380" timestamp="2013-11-08T13:45:57Z" user="Lyubchenko Denis" uid="705874" lat="43.2458624" lon="76.8415170"/>
 <node id="2585195768" visible="true" version="2" changeset="139112702" timestamp="2023-07-28T01:48:41Z" user="RwenzoriMountains" uid="16853667" lat="43.2452246" lon="76.8341273"/>
 <node id="2585195774" visible="true" version="2" changeset="139112702" timestamp="2023-07-28T01:48:41Z" user="RwenzoriMountains" uid="16853667" lat="43.2452970" lon="76.8340990"/>
 <node id="2585195779" visible="true" version="2" changeset="139112702" timestamp="2023-07-28T01:48:41Z" user="RwenzoriMountains" uid="16853667" lat="43.2453647" lon="76.8348037"/>
 <node id="2585195784" visible="true" version="2" changeset="139112702" timestamp="2023-07-28T01:48:41Z" user="RwenzoriMountains" uid="16853667" lat="43.2454371" lon="76.8347755"/>
 <node id="2585195787" visible="true" version="1" changeset="19516892" timestamp="2013-12-18T15:19:43Z" user="antont" uid="1759061" lat="43.2455392" lon="76.8355886"/>
 <node id="2585195788" visible="true" version="1" changeset="19516892" timestamp="2013-12-18T15:19:43Z" user="antont" uid="1759061" lat="43.2455831" lon="76.8357433"/>
 <node id="2585195790" visible="true" version="1" changeset="19516892" timestamp="2013-12-18T15:19:43Z" user="antont" uid="1759061" lat="43.2457333" lon="76.8354849"/>
 <node id="2585195791" visible="true" version="1" changeset="19516892" timestamp="2013-12-18T15:19:43Z" user="antont" uid="1759061" lat="43.2457414" lon="76.8355136"/>
 <node id="2585195793" visible="true" version="1" changeset="19516892" timestamp="2013-12-18T15:19:43Z" user="antont" uid="1759061" lat="43.2457900" lon="76.8354876"/>
 <node id="2585195794" visible="true" version="1" changeset="19516892" timestamp="2013-12-18T15:19:43Z" user="antont" uid="1759061" lat="43.2458257" lon="76.8356136"/>
 <node id="2585195807" visible="true" version="3" changeset="45492829" timestamp="2017-01-25T22:32:11Z" user="_ANick_" uid="1686959" lat="43.2463491" lon="76.8381120"/>
 <node id="2585195808" visible="true" version="1" changeset="19516892" timestamp="2013-12-18T15:19:43Z" user="antont" uid="1759061" lat="43.2463477" lon="76.8413655"/>
 <node id="2585195809" visible="true" version="3" changeset="45492829" timestamp="2017-01-25T22:32:11Z" user="_ANick_" uid="1686959" lat="43.2464142" lon="76.8381847"/>
 <node id="2585195810" visible="true" version="3" changeset="45492829" timestamp="2017-01-25T22:32:11Z" user="_ANick_" uid="1686959" lat="43.2464555" lon="76.8381161"/>
 <node id="2585195811" visible="true" version="1" changeset="19516892" timestamp="2013-12-18T15:19:43Z" user="antont" uid="1759061" lat="43.2464419" lon="76.8415794"/>
 <node id="2585195812" visible="true" version="3" changeset="45492829" timestamp="2017-01-25T22:32:11Z" user="_ANick_" uid="1686959" lat="43.2465105" lon="76.8378394"/>
 <node id="2585195813" visible="true" version="3" changeset="45492829" timestamp="2017-01-25T22:32:11Z" user="_ANick_" uid="1686959" lat="43.2465298" lon="76.8379914"/>
 <node id="2585195814" visible="true" version="3" changeset="45492829" timestamp="2017-01-25T22:32:11Z" user="_ANick_" uid="1686959" lat="43.2465756" lon="76.8379121"/>
 <node id="2585195815" visible="true" version="1" changeset="19516892" timestamp="2013-12-18T15:19:43Z" user="antont" uid="1759061" lat="43.2465547" lon="76.8411936"/>
 <node id="2585195819" visible="true" version="1" changeset="19516892" timestamp="2013-12-18T15:19:43Z" user="antont" uid="1759061" lat="43.2466489" lon="76.8414074"/>
 <node id="2585195826" visible="true" version="1" changeset="19516892" timestamp="2013-12-18T15:19:44Z" user="antont" uid="1759061" lat="43.2469652" lon="76.8396350"/>
 <node id="2585195827" visible="true" version="1" changeset="19516892" timestamp="2013-12-18T15:19:44Z" user="antont" uid="1759061" lat="43.2469700" lon="76.8395496"/>
 <node id="2585195829" visible="true" version="1" changeset="19516892" timestamp="2013-12-18T15:19:44Z" user="antont" uid="1759061" lat="43.2469716" lon="76.8397115"/>
 <node id="2585195830" visible="true" version="1" changeset="19516892" timestamp="2013-12-18T15:19:44Z" user="antont" uid="1759061" lat="43.2469923" lon="76.8394818"/>
 <node id="2585195831" visible="true" version="1" changeset="19516892" timestamp="2013-12-18T15:19:44Z" user="antont" uid="1759061" lat="43.2470146" lon="76.8398275"/>
 <node id="2585195832" visible="true" version="1" changeset="19516892" timestamp="2013-12-18T15:19:44Z" user="antont" uid="1759061" lat="43.2470800" lon="76.8396043"/>
 <node id="2585195833" visible="true" version="1" changeset="19516892" timestamp="2013-12-18T15:19:44Z" user="antont" uid="1759061" lat="43.2470800" lon="76.8396525"/>
 <node id="2585195834" visible="true" version="1" changeset="19516892" timestamp="2013-12-18T15:19:44Z" user="antont" uid="1759061" lat="43.2470832" lon="76.8397006"/>
 <node id="2585195835" visible="true" version="1" changeset="19516892" timestamp="2013-12-18T15:19:44Z" user="antont" uid="1759061" lat="43.2470959" lon="76.8397444"/>
 <node id="2585195836" visible="true" version="1" changeset="19516892" timestamp="2013-12-18T15:19:44Z" user="antont" uid="1759061" lat="43.2471007" lon="76.8395409"/>
 <node id="2585195837" visible="true" version="1" changeset="19516892" timestamp="2013-12-18T15:19:44Z" user="antont" uid="1759061" lat="43.2471628" lon="76.8390814"/>
 <node id="2585195838" visible="true" version="1" changeset="19516892" timestamp="2013-12-18T15:19:44Z" user="antont" uid="1759061" lat="43.2472680" lon="76.8391755"/>
 <node id="2585195842" visible="true" version="1" changeset="19516892" timestamp="2013-12-18T15:19:44Z" user="antont" uid="1759061" lat="43.2474975" lon="76.8409849"/>
 <node id="2585195843" visible="true" version="1" changeset="19516892" timestamp="2013-12-18T15:19:44Z" user="antont" uid="1759061" lat="43.2475157" lon="76.8412244"/>
 <node id="2585195847" visible="true" version="1" changeset="19516892" timestamp="2013-12-18T15:19:44Z" user="antont" uid="1759061" lat="43.2475899" lon="76.8409149"/>
 <node id="2585195849" visible="true" version="1" changeset="19516892" timestamp="2013-12-18T15:19:44Z" user="antont" uid="1759061" lat="43.2476289" lon="76.8412988"/>
 <node id="2585195851" visible="true" version="1" changeset="19516892" timestamp="2013-12-18T15:19:44Z" user="antont" uid="1759061" lat="43.2476639" lon="76.8417167"/>
 <node id="2585195854" visible="true" version="1" changeset="19516892" timestamp="2013-12-18T15:19:44Z" user="antont" uid="1759061" lat="43.2477452" lon="76.8416598"/>
 <node id="2585195858" visible="true" version="1" changeset="19516892" timestamp="2013-12-18T15:19:44Z" user="antont" uid="1759061" lat="43.2478394" lon="76.8410118"/>
 <node id="2585195860" visible="true" version="1" changeset="19516892" timestamp="2013-12-18T15:19:44Z" user="antont" uid="1759061" lat="43.2478719" lon="76.8410759"/>
 <node id="2585195862" visible="true" version="1" changeset="19516892" timestamp="2013-12-18T15:19:45Z" user="antont" uid="1759061" lat="43.2479428" lon="76.8408131"/>
 <node id="2585195864" visible="true" version="1" changeset="19516892" timestamp="2013-12-18T15:19:45Z" user="antont" uid="1759061" lat="43.2479795" lon="76.8408853"/>
 <node id="2585195867" visible="true" version="1" changeset="19516892" timestamp="2013-12-18T15:19:45Z" user="antont" uid="1759061" lat="43.2480957" lon="76.8467554"/>
 <node id="2585195870" visible="true" version="1" changeset="19516892" timestamp="2013-12-18T15:19:45Z" user="antont" uid="1759061" lat="43.2482885" lon="76.8474609"/>
 <node id="2585195878" visible="true" version="1" changeset="19516892" timestamp="2013-12-18T15:19:45Z" user="antont" uid="1759061" lat="43.2487112" lon="76.8464384"/>
 <node id="2585195882" visible="true" version="1" changeset="19516892" timestamp="2013-12-18T15:19:45Z" user="antont" uid="1759061" lat="43.2489040" lon="76.8471438"/>
 <node id="2586948919" visible="true" version="4" changeset="45492829" timestamp="2017-01-25T22:32:11Z" user="_ANick_" uid="1686959" lat="43.2447432" lon="76.8369937"/>
 <node id="2586948920" visible="true" version="4" changeset="45492829" timestamp="2017-01-25T22:32:11Z" user="_ANick_" uid="1686959" lat="43.2447537" lon="76.8369198"/>
 <node id="2586948923" visible="true" version="4" changeset="45492829" timestamp="2017-01-25T22:32:11Z" user="_ANick_" uid="1686959" lat="43.2447652" lon="76.8371049"/>
 <node id="2586948924" visible="true" version="4" changeset="45492829" timestamp="2017-01-25T22:32:11Z" user="_ANick_" uid="1686959" lat="43.2448296" lon="76.8367719"/>
 <node id="2586948925" visible="true" version="3" changeset="45492829" timestamp="2017-01-25T22:32:11Z" user="_ANick_" uid="1686959" lat="43.2448142" lon="76.8371729"/>
 <node id="2586948926" visible="true" version="4" changeset="45492829" timestamp="2017-01-25T22:32:11Z" user="_ANick_" uid="1686959" lat="43.2448794" lon="76.8367144"/>
 <node id="2586948927" visible="true" version="4" changeset="45492829" timestamp="2017-01-25T22:32:11Z" user="_ANick_" uid="1686959" lat="43.2448592" lon="76.8372053"/>
 <node id="2586948928" visible="true" version="2" changeset="42433632" timestamp="2016-09-25T22:44:59Z" user="_ANick_" uid="1686959" lat="43.2450737" lon="76.8350381"/>
 <node id="2586948929" visible="true" version="4" changeset="45492829" timestamp="2017-01-25T22:32:11Z" user="_ANick_" uid="1686959" lat="43.2451013" lon="76.8364892"/>
 <node id="2586948930" visible="true" version="3" changeset="45492829" timestamp="2017-01-25T22:32:11Z" user="_ANick_" uid="1686959" lat="43.2451125" lon="76.8372083"/>
 <node id="2586948933" visible="true" version="4" changeset="45492829" timestamp="2017-01-25T22:32:11Z" user="_ANick_" uid="1686959" lat="43.2452097" lon="76.8364648"/>
 <node id="2586948935" visible="true" version="1" changeset="19533981" timestamp="2013-12-19T16:42:52Z" user="_ANick_" uid="1686959" lat="43.2452471" lon="76.8379996"/>
 <node id="2586948937" visible="true" version="1" changeset="19533981" timestamp="2013-12-19T16:42:52Z" user="_ANick_" uid="1686959" lat="43.2452552" lon="76.8382209"/>
 <node id="2586948938" visible="true" version="1" changeset="19533981" timestamp="2013-12-19T16:42:52Z" user="_ANick_" uid="1686959" lat="43.2452890" lon="76.8382607"/>
 <node id="2586948940" visible="true" version="4" changeset="45492829" timestamp="2017-01-25T22:32:11Z" user="_ANick_" uid="1686959" lat="43.2453397" lon="76.8365181"/>
 <node id="2586948944" visible="true" version="1" changeset="19533981" timestamp="2013-12-19T16:42:52Z" user="_ANick_" uid="1686959" lat="43.2453390" lon="76.8383005"/>
 <node id="2586948946" visible="true" version="1" changeset="19533981" timestamp="2013-12-19T16:42:52Z" user="_ANick_" uid="1686959" lat="43.2453777" lon="76.8380439"/>
 <node id="2586948950" visible="true" version="1" changeset="19533981" timestamp="2013-12-19T16:42:52Z" user="_ANick_" uid="1686959" lat="43.2454566" lon="76.8381235"/>
 <node id="2586948951" visible="true" version="3" changeset="45492829" timestamp="2017-01-25T22:32:11Z" user="_ANick_" uid="1686959" lat="43.2456514" lon="76.8371452"/>
 <node id="2586948953" visible="true" version="3" changeset="45492829" timestamp="2017-01-25T22:32:11Z" user="_ANick_" uid="1686959" lat="43.2457797" lon="76.8372376"/>
 <node id="2586948955" visible="true" version="2" changeset="42433632" timestamp="2016-09-25T22:45:00Z" user="_ANick_" uid="1686959" lat="43.2458469" lon="76.8367010"/>
 <node id="2586948961" visible="true" version="2" changeset="42433632" timestamp="2016-09-25T22:45:01Z" user="_ANick_" uid="1686959" lat="43.2458889" lon="76.8365912"/>
 <node id="2586948963" visible="true" version="2" changeset="42433632" timestamp="2016-09-25T22:45:01Z" user="_ANick_" uid="1686959" lat="43.2459422" lon="76.8365185"/>
 <node id="2586948965" visible="true" version="2" changeset="42433632" timestamp="2016-09-25T22:45:01Z" user="_ANick_" uid="1686959" lat="43.2460496" lon="76.8364548"/>
 <node id="2586948967" visible="true" version="5" changeset="59259468" timestamp="2018-05-25T05:39:39Z" user="m00sekateer" uid="2444967" lat="43.2460681" lon="76.8373499"/>
 <node id="2586948971" visible="true" version="1" changeset="19533981" timestamp="2013-12-19T16:42:52Z" user="_ANick_" uid="1686959" lat="43.2463391" lon="76.8364376"/>
 <node id="2586948973" visible="true" version="2" changeset="42433632" timestamp="2016-09-25T22:45:01Z" user="_ANick_" uid="1686959" lat="43.2463361" lon="76.8390974"/>
 <node id="2586948975" visible="true" version="1" changeset="19533981" timestamp="2013-12-19T16:42:52Z" user="_ANick_" uid="1686959" lat="43.2464893" lon="76.8370085"/>
 <node id="2586948977" visible="true" version="2" changeset="42433632" timestamp="2016-09-25T22:45:01Z" user="_ANick_" uid="1686959" lat="43.2465735" lon="76.8397091"/>
 <node id="2586948979" visible="true" version="2" changeset="42433632" timestamp="2016-09-25T22:45:01Z" user="_ANick_" uid="1686959" lat="43.2466019" lon="76.8369986"/>
 <node id="2586948981" visible="true" version="3" changeset="122193090" timestamp="2022-06-10T06:20:06Z" user="SEVEN" uid="127989" lat="43.2466557" lon="76.8364880"/>
 <node id="2586948984" visible="true" version="3" changeset="122193090" timestamp="2022-06-10T06:20:06Z" user="SEVEN" uid="127989" lat="43.2465928" lon="76.8394690"/>
 <node id="2586948986" visible="true" version="2" changeset="42433632" timestamp="2016-09-25T22:45:02Z" user="_ANick_" uid="1686959" lat="43.2466700" lon="76.8369848"/>
 <node id="2586948989" visible="true" version="2" changeset="42433632" timestamp="2016-09-25T22:45:02Z" user="_ANick_" uid="1686959" lat="43.2467006" lon="76.8400540"/>
 <node id="2586948990" visible="true" version="3" changeset="122193090" timestamp="2022-06-10T06:20:06Z" user="SEVEN" uid="127989" lat="43.2467281" lon="76.8365393"/>
 <node id="2586948991" visible="true" version="2" changeset="42433632" timestamp="2016-09-25T22:45:02Z" user="_ANick_" uid="1686959" lat="43.2467661" lon="76.8366081"/>
 <node id="2586948992" visible="true" version="2" changeset="42433632" timestamp="2016-09-25T22:45:02Z" user="_ANick_" uid="1686959" lat="43.2467613" lon="76.8368918"/>
 <node id="2586948993" visible="true" version="3" changeset="45492829" timestamp="2017-01-25T22:32:12Z" user="_ANick_" uid="1686959" lat="43.2467798" lon="76.8393182"/>
 <node id="2586948994" visible="true" version="3" changeset="45492829" timestamp="2017-01-25T22:32:12Z" user="_ANick_" uid="1686959" lat="43.2467872" lon="76.8392549"/>
 <node id="2586948995" visible="true" version="2" changeset="42433632" timestamp="2016-09-25T22:45:02Z" user="_ANick_" uid="1686959" lat="43.2467970" lon="76.8367662"/>
 <node id="2586948996" visible="true" version="3" changeset="45492829" timestamp="2017-01-25T22:32:12Z" user="_ANick_" uid="1686959" lat="43.2468060" lon="76.8395376"/>
 <node id="2586948997" visible="true" version="3" changeset="45492829" timestamp="2017-01-25T22:32:12Z" user="_ANick_" uid="1686959" lat="43.2468371" lon="76.8396575"/>
 <node id="2586948998" visible="true" version="3" changeset="122193090" timestamp="2022-06-10T06:20:06Z" user="SEVEN" uid="127989" lat="43.2468019" lon="76.8399930"/>
 <node id="2586949001" visible="true" version="2" changeset="42433632" timestamp="2016-09-25T22:45:03Z" user="_ANick_" uid="1686959" lat="43.2471680" lon="76.8414849"/>
 <node id="2586949002" visible="true" version="2" changeset="42433632" timestamp="2016-09-25T22:45:03Z" user="_ANick_" uid="1686959" lat="43.2471800" lon="76.8412284"/>
 <node id="2586949003" visible="true" version="3" changeset="122193090" timestamp="2022-06-10T06:20:06Z" user="SEVEN" uid="127989" lat="43.2471719" lon="76.8408940"/>
 <node id="2586949005" visible="true" version="3" changeset="122193090" timestamp="2022-06-10T06:20:06Z" user="SEVEN" uid="127989" lat="43.2472756" lon="76.8411356"/>
 <node id="2586949007" visible="true" version="3" changeset="45492829" timestamp="2017-01-25T22:32:12Z" user="_ANick_" uid="1686959" lat="43.2473226" lon="76.8376262"/>
 <node id="2586949009" visible="true" version="4" changeset="132831963" timestamp="2023-02-21T11:48:48Z" user="LakeTopozero" uid="17110754" lat="43.2474929" lon="76.8414690"/>
 <node id="2586949011" visible="true" version="2" changeset="42433632" timestamp="2016-09-25T22:45:04Z" user="_ANick_" uid="1686959" lat="43.2475326" lon="76.8419882"/>
 <node id="2586949012" visible="true" version="4" changeset="137024155" timestamp="2023-06-06T17:12:37Z" user="evgeniyakz" uid="16572338" lat="43.2476638" lon="76.8421045"/>
 <node id="2586949013" visible="true" version="4" changeset="45492829" timestamp="2017-01-25T22:32:12Z" user="_ANick_" uid="1686959" lat="43.2476706" lon="76.8376461"/>
 <node id="2586949014" visible="true" version="3" changeset="45492829" timestamp="2017-01-25T22:32:12Z" user="_ANick_" uid="1686959" lat="43.2476993" lon="76.8379022"/>
 <node id="2586949015" visible="true" version="3" changeset="45492829" timestamp="2017-01-25T22:32:13Z" user="_ANick_" uid="1686959" lat="43.2478340" lon="76.8378208"/>
 <node id="2586949016" visible="true" version="3" changeset="45492829" timestamp="2017-01-25T22:32:13Z" user="_ANick_" uid="1686959" lat="43.2479524" lon="76.8377846"/>
 <node id="2586949017" visible="true" version="4" changeset="45492829" timestamp="2017-01-25T22:32:13Z" user="_ANick_" uid="1686959" lat="43.2480074" lon="76.8376865"/>
 <node id="2586949018" visible="true" version="3" changeset="45492829" timestamp="2017-01-25T22:32:13Z" user="_ANick_" uid="1686959" lat="43.2480892" lon="76.8375500"/>
 <node id="2586949019" visible="true" version="1" changeset="19533981" timestamp="2013-12-19T16:42:53Z" user="_ANick_" uid="1686959" lat="43.2481430" lon="76.8432541"/>
 <node id="2586949022" visible="true" version="3" changeset="45492829" timestamp="2017-01-25T22:32:13Z" user="_ANick_" uid="1686959" lat="43.2485230" lon="76.8376086"/>
 <node id="2586949024" visible="true" version="3" changeset="45492829" timestamp="2017-01-25T22:32:13Z" user="_ANick_" uid="1686959" lat="43.2487216" lon="76.8377735"/>
 <node id="2586949027" visible="true" version="4" changeset="45492829" timestamp="2017-01-25T22:32:13Z" user="_ANick_" uid="1686959" lat="43.2490113" lon="76.8377043"/>
 <node id="2592786301" visible="true" version="2" changeset="45286309" timestamp="2017-01-19T01:11:09Z" user="Eva Blue" uid="4803528" lat="43.2450911" lon="76.8404289"/>
 <node id="2592786303" visible="true" version="2" changeset="45286309" timestamp="2017-01-19T01:11:09Z" user="Eva Blue" uid="4803528" lat="43.2451540" lon="76.8402765"/>
 <node id="2592786305" visible="true" version="2" changeset="45286309" timestamp="2017-01-19T01:11:09Z" user="Eva Blue" uid="4803528" lat="43.2452001" lon="76.8405137"/>
 <node id="2592786309" visible="true" version="2" changeset="45265082" timestamp="2017-01-18T09:01:05Z" user="Kate Diaz" uid="4803527" lat="43.2452701" lon="76.8403568"/>
 <node id="2592786310" visible="true" version="2" changeset="45286309" timestamp="2017-01-19T01:11:09Z" user="Eva Blue" uid="4803528" lat="43.2452630" lon="76.8403613"/>
 <node id="2592786313" visible="true" version="2" changeset="45265082" timestamp="2017-01-18T09:01:05Z" user="Kate Diaz" uid="4803527" lat="43.2453330" lon="76.8402045"/>
 <node id="2592786316" visible="true" version="2" changeset="45265082" timestamp="2017-01-18T09:01:05Z" user="Kate Diaz" uid="4803527" lat="43.2453791" lon="76.8404417"/>
 <node id="2592786318" visible="true" version="2" changeset="45265082" timestamp="2017-01-18T09:01:05Z" user="Kate Diaz" uid="4803527" lat="43.2454420" lon="76.8402893"/>
 <node id="2592786319" visible="true" version="2" changeset="45260551" timestamp="2017-01-18T03:35:51Z" user="Kate Diaz" uid="4803527" lat="43.2454378" lon="76.8402817"/>
 <node id="2592786321" visible="true" version="2" changeset="45260551" timestamp="2017-01-18T03:35:51Z" user="Kate Diaz" uid="4803527" lat="43.2455007" lon="76.8401294"/>
 <node id="2592786322" visible="true" version="2" changeset="45260551" timestamp="2017-01-18T03:35:51Z" user="Kate Diaz" uid="4803527" lat="43.2455468" lon="76.8403666"/>
 <node id="2592786324" visible="true" version="2" changeset="45260551" timestamp="2017-01-18T03:35:51Z" user="Kate Diaz" uid="4803527" lat="43.2456097" lon="76.8402142"/>
 <node id="2636534109" visible="true" version="8" changeset="143591279" timestamp="2023-11-03T20:56:19Z" user="LexIgnatov" uid="316868" lat="43.2558402" lon="76.8316609">
  <tag k="highway" v="traffic_signals"/>
 </node>
 <node id="2874262879" visible="true" version="1" changeset="22483388" timestamp="2014-05-22T10:58:59Z" user="Bespaev" uid="1825191" lat="43.2457638" lon="76.8343728"/>
 <node id="2874262884" visible="true" version="1" changeset="22483388" timestamp="2014-05-22T10:58:59Z" user="Bespaev" uid="1825191" lat="43.2458178" lon="76.8340139"/>
 <node id="2874262888" visible="true" version="1" changeset="22483388" timestamp="2014-05-22T10:58:59Z" user="Bespaev" uid="1825191" lat="43.2458566" lon="76.8357363"/>
 <node id="2874262889" visible="true" version="1" changeset="22483388" timestamp="2014-05-22T10:58:59Z" user="Bespaev" uid="1825191" lat="43.2458577" lon="76.8343305"/>
 <node id="2874262890" visible="true" version="1" changeset="22483388" timestamp="2014-05-22T10:58:59Z" user="Bespaev" uid="1825191" lat="43.2458655" lon="76.8347976"/>
 <node id="2874262892" visible="true" version="1" changeset="22483388" timestamp="2014-05-22T10:58:59Z" user="Bespaev" uid="1825191" lat="43.2458709" lon="76.8350778"/>
 <node id="2874262895" visible="true" version="1" changeset="22483388" timestamp="2014-05-22T10:58:59Z" user="Bespaev" uid="1825191" lat="43.2458948" lon="76.8351779"/>
 <node id="2874262896" visible="true" version="1" changeset="22483388" timestamp="2014-05-22T10:58:59Z" user="Bespaev" uid="1825191" lat="43.2459155" lon="76.8359466"/>
 <node id="2874262897" visible="true" version="1" changeset="22483388" timestamp="2014-05-22T10:58:59Z" user="Bespaev" uid="1825191" lat="43.2459340" lon="76.8345680"/>
 <node id="2874262898" visible="true" version="1" changeset="22483388" timestamp="2014-05-22T10:58:59Z" user="Bespaev" uid="1825191" lat="43.2459378" lon="76.8356934"/>
 <node id="2874270203" visible="true" version="1" changeset="22483388" timestamp="2014-05-22T10:58:59Z" user="Bespaev" uid="1825191" lat="43.2459568" lon="76.8350392"/>
 <node id="2874270205" visible="true" version="1" changeset="22483388" timestamp="2014-05-22T10:58:59Z" user="Bespaev" uid="1825191" lat="43.2459593" lon="76.8347553"/>
 <node id="2874270206" visible="true" version="1" changeset="22483388" timestamp="2014-05-22T10:58:59Z" user="Bespaev" uid="1825191" lat="43.2459636" lon="76.8339563"/>
 <node id="2874270208" visible="true" version="1" changeset="22483388" timestamp="2014-05-22T10:58:59Z" user="Bespaev" uid="1825191" lat="43.2459807" lon="76.8351393"/>
 <node id="2874270210" visible="true" version="1" changeset="22483388" timestamp="2014-05-22T10:58:59Z" user="Bespaev" uid="1825191" lat="43.2459967" lon="76.8359037"/>
 <node id="2874270223" visible="true" version="1" changeset="22483388" timestamp="2014-05-22T10:58:59Z" user="Bespaev" uid="1825191" lat="43.2460798" lon="76.8345104"/>
 <node id="2874270224" visible="true" version="1" changeset="22483388" timestamp="2014-05-22T10:58:59Z" user="Bespaev" uid="1825191" lat="43.2460811" lon="76.8356958"/>
 <node id="2874270227" visible="true" version="1" changeset="22483388" timestamp="2014-05-22T10:59:00Z" user="Bespaev" uid="1825191" lat="43.2461085" lon="76.8358553"/>
 <node id="2874270228" visible="true" version="1" changeset="22483388" timestamp="2014-05-22T10:59:00Z" user="Bespaev" uid="1825191" lat="43.2461110" lon="76.8344973"/>
 <node id="2874270234" visible="true" version="1" changeset="22483388" timestamp="2014-05-22T10:59:00Z" user="Bespaev" uid="1825191" lat="43.2461453" lon="76.8346588"/>
 <node id="2874270238" visible="true" version="1" changeset="22483388" timestamp="2014-05-22T10:59:00Z" user="Bespaev" uid="1825191" lat="43.2461669" lon="76.8356679"/>
 <node id="2874270239" visible="true" version="1" changeset="22483388" timestamp="2014-05-22T10:59:00Z" user="Bespaev" uid="1825191" lat="43.2461720" lon="76.8350933"/>
 <node id="2874270244" visible="true" version="1" changeset="22483388" timestamp="2014-05-22T10:59:00Z" user="Bespaev" uid="1825191" lat="43.2461925" lon="76.8356800"/>
 <node id="2874270245" visible="true" version="1" changeset="22483388" timestamp="2014-05-22T10:59:00Z" user="Bespaev" uid="1825191" lat="43.2461944" lon="76.8358275"/>
 <node id="2874270246" visible="true" version="1" changeset="22483388" timestamp="2014-05-22T10:59:00Z" user="Bespaev" uid="1825191" lat="43.2461969" lon="76.8344629"/>
 <node id="2874270247" visible="true" version="1" changeset="22483388" timestamp="2014-05-22T10:59:00Z" user="Bespaev" uid="1825191" lat="43.2461992" lon="76.8351993"/>
 <node id="2874270251" visible="true" version="1" changeset="22483388" timestamp="2014-05-22T10:59:00Z" user="Bespaev" uid="1825191" lat="43.2462312" lon="76.8346245"/>
 <node id="2874270252" visible="true" version="1" changeset="22483388" timestamp="2014-05-22T10:59:00Z" user="Bespaev" uid="1825191" lat="43.2462315" lon="76.8358108"/>
 <node id="2874270257" visible="true" version="1" changeset="22483388" timestamp="2014-05-22T10:59:00Z" user="Bespaev" uid="1825191" lat="43.2462516" lon="76.8350547"/>
 <node id="2874270261" visible="true" version="1" changeset="22483388" timestamp="2014-05-22T10:59:00Z" user="Bespaev" uid="1825191" lat="43.2462726" lon="76.8344409"/>
 <node id="2874270264" visible="true" version="1" changeset="22483388" timestamp="2014-05-22T10:59:00Z" user="Bespaev" uid="1825191" lat="43.2462788" lon="76.8351607"/>
 <node id="2874270268" visible="true" version="1" changeset="22483388" timestamp="2014-05-22T10:59:00Z" user="Bespaev" uid="1825191" lat="43.2462969" lon="76.8345444"/>
 <node id="2874270269" visible="true" version="1" changeset="22483388" timestamp="2014-05-22T10:59:00Z" user="Bespaev" uid="1825191" lat="43.2463169" lon="76.8356100"/>
 <node id="2874270270" visible="true" version="1" changeset="22483388" timestamp="2014-05-22T10:59:00Z" user="Bespaev" uid="1825191" lat="43.2463210" lon="76.8344195"/>
 <node id="2874270271" visible="true" version="1" changeset="22483388" timestamp="2014-05-22T10:59:00Z" user="Bespaev" uid="1825191" lat="43.2463333" lon="76.8348408"/>
 <node id="2874270272" visible="true" version="1" changeset="22483388" timestamp="2014-05-22T10:59:00Z" user="Bespaev" uid="1825191" lat="43.2463372" lon="76.8353785"/>
 <node id="2874270274" visible="true" version="1" changeset="22483388" timestamp="2014-05-22T10:59:00Z" user="Bespaev" uid="1825191" lat="43.2463453" lon="76.8345230"/>
 <node id="2874270276" visible="true" version="1" changeset="22483388" timestamp="2014-05-22T10:59:01Z" user="Bespaev" uid="1825191" lat="43.2463559" lon="76.8357408"/>
 <node id="2874270278" visible="true" version="1" changeset="22483388" timestamp="2014-05-22T10:59:01Z" user="Bespaev" uid="1825191" lat="43.2463625" lon="76.8349518"/>
 <node id="2874270283" visible="true" version="1" changeset="22483388" timestamp="2014-05-22T10:59:01Z" user="Bespaev" uid="1825191" lat="43.2463837" lon="76.8355590"/>
 <node id="2874270287" visible="true" version="1" changeset="22483388" timestamp="2014-05-22T10:59:01Z" user="Bespaev" uid="1825191" lat="43.2464026" lon="76.8343456"/>
 <node id="2874270292" visible="true" version="1" changeset="22483388" timestamp="2014-05-22T10:59:01Z" user="Bespaev" uid="1825191" lat="43.2464286" lon="76.8347936"/>
 <node id="2874270294" visible="true" version="1" changeset="22483388" timestamp="2014-05-22T10:59:01Z" user="Bespaev" uid="1825191" lat="43.2464387" lon="76.8353292"/>
 <node id="2874270299" visible="true" version="1" changeset="22483388" timestamp="2014-05-22T10:59:01Z" user="Bespaev" uid="1825191" lat="43.2464484" lon="76.8344887"/>
 <node id="2874270300" visible="true" version="1" changeset="22483388" timestamp="2014-05-22T10:59:01Z" user="Bespaev" uid="1825191" lat="43.2464578" lon="76.8349046"/>
 <node id="2874270303" visible="true" version="1" changeset="22483388" timestamp="2014-05-22T10:59:01Z" user="Bespaev" uid="1825191" lat="43.2464667" lon="76.8343070"/>
 <node id="2874270308" visible="true" version="1" changeset="22483388" timestamp="2014-05-22T10:59:01Z" user="Bespaev" uid="1825191" lat="43.2464852" lon="76.8355097"/>
 <node id="2874270314" visible="true" version="1" changeset="22483388" timestamp="2014-05-22T10:59:01Z" user="Bespaev" uid="1825191" lat="43.2465124" lon="76.8344501"/>
 <node id="2874270323" visible="true" version="1" changeset="22483388" timestamp="2014-05-22T10:59:01Z" user="Bespaev" uid="1825191" lat="43.2465752" lon="76.8346933"/>
 <node id="2874270328" visible="true" version="1" changeset="22483388" timestamp="2014-05-22T10:59:01Z" user="Bespaev" uid="1825191" lat="43.2466011" lon="76.8359145"/>
 <node id="2874270329" visible="true" version="1" changeset="22483388" timestamp="2014-05-22T10:59:01Z" user="Bespaev" uid="1825191" lat="43.2466077" lon="76.8348339"/>
 <node id="2874270335" visible="true" version="1" changeset="22483388" timestamp="2014-05-22T10:59:02Z" user="Bespaev" uid="1825191" lat="43.2466392" lon="76.8346654"/>
 <node id="2874270337" visible="true" version="1" changeset="22483388" timestamp="2014-05-22T10:59:02Z" user="Bespaev" uid="1825191" lat="43.2466478" lon="76.8360710"/>
 <node id="2874270341" visible="true" version="1" changeset="22483388" timestamp="2014-05-22T10:59:02Z" user="Bespaev" uid="1825191" lat="43.2466573" lon="76.8354402"/>
 <node id="2874270346" visible="true" version="1" changeset="22483388" timestamp="2014-05-22T10:59:02Z" user="Bespaev" uid="1825191" lat="43.2466717" lon="76.8348060"/>
 <node id="2874270348" visible="true" version="1" changeset="22483388" timestamp="2014-05-22T10:59:02Z" user="Bespaev" uid="1825191" lat="43.2466917" lon="76.8355671"/>
 <node id="2874270349" visible="true" version="1" changeset="22483388" timestamp="2014-05-22T10:59:02Z" user="Bespaev" uid="1825191" lat="43.2466964" lon="76.8358609"/>
 <node id="2874270357" visible="true" version="1" changeset="22483388" timestamp="2014-05-22T10:59:02Z" user="Bespaev" uid="1825191" lat="43.2467431" lon="76.8360174"/>
 <node id="2874270361" visible="true" version="1" changeset="22483388" timestamp="2014-05-22T10:59:02Z" user="Bespaev" uid="1825191" lat="43.2467667" lon="76.8353845"/>
 <node id="2874270366" visible="true" version="1" changeset="22483388" timestamp="2014-05-22T10:59:02Z" user="Bespaev" uid="1825191" lat="43.2468010" lon="76.8355114"/>
 <node id="2874270368" visible="true" version="1" changeset="22483388" timestamp="2014-05-22T10:59:02Z" user="Bespaev" uid="1825191" lat="43.2468180" lon="76.8358109"/>
 <node id="2874270371" visible="true" version="1" changeset="22483388" timestamp="2014-05-22T10:59:02Z" user="Bespaev" uid="1825191" lat="43.2468335" lon="76.8344883"/>
 <node id="2874270378" visible="true" version="1" changeset="22483388" timestamp="2014-05-22T10:59:02Z" user="Bespaev" uid="1825191" lat="43.2468629" lon="76.8359419"/>
 <node id="2874270382" visible="true" version="1" changeset="22483388" timestamp="2014-05-22T10:59:02Z" user="Bespaev" uid="1825191" lat="43.2468816" lon="76.8346730"/>
 <node id="2874270383" visible="true" version="1" changeset="22483388" timestamp="2014-05-22T10:59:02Z" user="Bespaev" uid="1825191" lat="43.2468931" lon="76.8357624"/>
 <node id="2874270385" visible="true" version="1" changeset="22483388" timestamp="2014-05-22T10:59:03Z" user="Bespaev" uid="1825191" lat="43.2469038" lon="76.8353473"/>
 <node id="2874270388" visible="true" version="1" changeset="22483388" timestamp="2014-05-22T10:59:03Z" user="Bespaev" uid="1825191" lat="43.2469353" lon="76.8354556"/>
 <node id="2874270389" visible="true" version="1" changeset="22483388" timestamp="2014-05-22T10:59:03Z" user="Bespaev" uid="1825191" lat="43.2469380" lon="76.8358934"/>
 <node id="2874270392" visible="true" version="1" changeset="22483388" timestamp="2014-05-22T10:59:03Z" user="Bespaev" uid="1825191" lat="43.2469572" lon="76.8344276"/>
 <node id="2874270394" visible="true" version="1" changeset="22483388" timestamp="2014-05-22T10:59:03Z" user="Bespaev" uid="1825191" lat="43.2469818" lon="76.8353045"/>
 <node id="2874270397" visible="true" version="1" changeset="22483388" timestamp="2014-05-22T10:59:03Z" user="Bespaev" uid="1825191" lat="43.2470053" lon="76.8346124"/>
 <node id="2874270400" visible="true" version="1" changeset="22483388" timestamp="2014-05-22T10:59:03Z" user="Bespaev" uid="1825191" lat="43.2470134" lon="76.8354128"/>
 <node id="2874270506" visible="true" version="1" changeset="22483388" timestamp="2014-05-22T10:59:03Z" user="Bespaev" uid="1825191" lat="43.2470308" lon="76.8356993"/>
 <node id="2874270509" visible="true" version="1" changeset="22483388" timestamp="2014-05-22T10:59:03Z" user="Bespaev" uid="1825191" lat="43.2470880" lon="76.8358651"/>
 <node id="2874270512" visible="true" version="1" changeset="22483388" timestamp="2014-05-22T10:59:03Z" user="Bespaev" uid="1825191" lat="43.2470952" lon="76.8352140"/>
 <node id="2874270515" visible="true" version="1" changeset="22483388" timestamp="2014-05-22T10:59:03Z" user="Bespaev" uid="1825191" lat="43.2471147" lon="76.8356448"/>
 <node id="2874270517" visible="true" version="1" changeset="22483388" timestamp="2014-05-22T10:59:03Z" user="Bespaev" uid="1825191" lat="43.2471305" lon="76.8353570"/>
 <node id="2874270520" visible="true" version="1" changeset="22483388" timestamp="2014-05-22T10:59:04Z" user="Bespaev" uid="1825191" lat="43.2471520" lon="76.8346560"/>
 <node id="2874270523" visible="true" version="1" changeset="22483388" timestamp="2014-05-22T10:59:04Z" user="Bespaev" uid="1825191" lat="43.2471719" lon="76.8358106"/>
 <node id="2874270526" visible="true" version="1" changeset="22483388" timestamp="2014-05-22T10:59:04Z" user="Bespaev" uid="1825191" lat="43.2471921" lon="76.8351690"/>
 <node id="2874270527" visible="true" version="1" changeset="22483388" timestamp="2014-05-22T10:59:04Z" user="Bespaev" uid="1825191" lat="43.2472040" lon="76.8348368"/>
 <node id="2874270533" visible="true" version="1" changeset="22483388" timestamp="2014-05-22T10:59:04Z" user="Bespaev" uid="1825191" lat="43.2472273" lon="76.8353120"/>
 <node id="2874270539" visible="true" version="1" changeset="22483388" timestamp="2014-05-22T10:59:04Z" user="Bespaev" uid="1825191" lat="43.2472469" lon="76.8346044"/>
 <node id="2874270542" visible="true" version="1" changeset="22483388" timestamp="2014-05-22T10:59:04Z" user="Bespaev" uid="1825191" lat="43.2472715" lon="76.8355902"/>
 <node id="2874270544" visible="true" version="1" changeset="22483388" timestamp="2014-05-22T10:59:04Z" user="Bespaev" uid="1825191" lat="43.2472990" lon="76.8347852"/>
 <node id="2874270547" visible="true" version="1" changeset="22483388" timestamp="2014-05-22T10:59:04Z" user="Bespaev" uid="1825191" lat="43.2473146" lon="76.8357245"/>
 <node id="2874270548" visible="true" version="1" changeset="22483388" timestamp="2014-05-22T10:59:04Z" user="Bespaev" uid="1825191" lat="43.2473240" lon="76.8351133"/>
 <node id="2874270551" visible="true" version="1" changeset="22483388" timestamp="2014-05-22T10:59:04Z" user="Bespaev" uid="1825191" lat="43.2473466" lon="76.8355447"/>
 <node id="2874270554" visible="true" version="1" changeset="22483388" timestamp="2014-05-22T10:59:04Z" user="Bespaev" uid="1825191" lat="43.2473617" lon="76.8352412"/>
 <node id="2874270557" visible="true" version="1" changeset="22483388" timestamp="2014-05-22T10:59:04Z" user="Bespaev" uid="1825191" lat="43.2473897" lon="76.8356790"/>
 <node id="2874270561" visible="true" version="1" changeset="22483388" timestamp="2014-05-22T10:59:04Z" user="Bespaev" uid="1825191" lat="43.2474052" lon="76.8350683"/>
 <node id="2874270565" visible="true" version="1" changeset="22483388" timestamp="2014-05-22T10:59:04Z" user="Bespaev" uid="1825191" lat="43.2474173" lon="76.8355144"/>
 <node id="2874270567" visible="true" version="1" changeset="22483388" timestamp="2014-05-22T10:59:04Z" user="Bespaev" uid="1825191" lat="43.2474429" lon="76.8351962"/>
 <node id="2874270568" visible="true" version="1" changeset="22483388" timestamp="2014-05-22T10:59:04Z" user="Bespaev" uid="1825191" lat="43.2474438" lon="76.8356235"/>
 <node id="2874270569" visible="true" version="1" changeset="22483388" timestamp="2014-05-22T10:59:04Z" user="Bespaev" uid="1825191" lat="43.2474546" lon="76.8350644"/>
 <node id="2874270573" visible="true" version="1" changeset="22483388" timestamp="2014-05-22T10:59:05Z" user="Bespaev" uid="1825191" lat="43.2474769" lon="76.8361360"/>
 <node id="2874270574" visible="true" version="1" changeset="22483388" timestamp="2014-05-22T10:59:05Z" user="Bespaev" uid="1825191" lat="43.2474769" lon="76.8363027"/>
 <node id="2874270576" visible="true" version="1" changeset="22483388" timestamp="2014-05-22T10:59:05Z" user="Bespaev" uid="1825191" lat="43.2474803" lon="76.8351705"/>
 <node id="2874270580" visible="true" version="1" changeset="22483388" timestamp="2014-05-22T10:59:05Z" user="Bespaev" uid="1825191" lat="43.2474968" lon="76.8354780"/>
 <node id="2874270584" visible="true" version="1" changeset="22483388" timestamp="2014-05-22T10:59:05Z" user="Bespaev" uid="1825191" lat="43.2475233" lon="76.8355872"/>
 <node id="2874270585" visible="true" version="1" changeset="22483388" timestamp="2014-05-22T10:59:05Z" user="Bespaev" uid="1825191" lat="43.2475249" lon="76.8350322"/>
 <node id="2874270587" visible="true" version="1" changeset="22483388" timestamp="2014-05-22T10:59:05Z" user="Bespaev" uid="1825191" lat="43.2475494" lon="76.8349960"/>
 <node id="2874270588" visible="true" version="1" changeset="22483388" timestamp="2014-05-22T10:59:05Z" user="Bespaev" uid="1825191" lat="43.2475506" lon="76.8351383"/>
 <node id="2874270590" visible="true" version="1" changeset="22483388" timestamp="2014-05-22T10:59:05Z" user="Bespaev" uid="1825191" lat="43.2475771" lon="76.8354204"/>
 <node id="2874270592" visible="true" version="1" changeset="22483388" timestamp="2014-05-22T10:59:05Z" user="Bespaev" uid="1825191" lat="43.2475803" lon="76.8351233"/>
 <node id="2874270593" visible="true" version="1" changeset="22483388" timestamp="2014-05-22T10:59:05Z" user="Bespaev" uid="1825191" lat="43.2475827" lon="76.8344426"/>
 <node id="2874270595" visible="true" version="1" changeset="22483388" timestamp="2014-05-22T10:59:05Z" user="Bespaev" uid="1825191" lat="43.2475984" lon="76.8361360"/>
 <node id="2874270596" visible="true" version="1" changeset="22483388" timestamp="2014-05-22T10:59:05Z" user="Bespaev" uid="1825191" lat="43.2475984" lon="76.8363027"/>
 <node id="2874270599" visible="true" version="1" changeset="22483388" timestamp="2014-05-22T10:59:05Z" user="Bespaev" uid="1825191" lat="43.2476290" lon="76.8349595"/>
 <node id="2874270600" visible="true" version="1" changeset="22483388" timestamp="2014-05-22T10:59:05Z" user="Bespaev" uid="1825191" lat="43.2476293" lon="76.8355781"/>
 <node id="2874270601" visible="true" version="1" changeset="22483388" timestamp="2014-05-22T10:59:05Z" user="Bespaev" uid="1825191" lat="43.2476325" lon="76.8345942"/>
 <node id="2874270603" visible="true" version="1" changeset="22483388" timestamp="2014-05-22T10:59:05Z" user="Bespaev" uid="1825191" lat="43.2476599" lon="76.8350869"/>
 <node id="2874270604" visible="true" version="1" changeset="22483388" timestamp="2014-05-22T10:59:05Z" user="Bespaev" uid="1825191" lat="43.2476743" lon="76.8353598"/>
 <node id="2874270605" visible="true" version="1" changeset="22483388" timestamp="2014-05-22T10:59:05Z" user="Bespaev" uid="1825191" lat="43.2476954" lon="76.8343729"/>
 <node id="2874270607" visible="true" version="1" changeset="22483388" timestamp="2014-05-22T10:59:05Z" user="Bespaev" uid="1825191" lat="43.2477022" lon="76.8363240"/>
 <node id="2874270608" visible="true" version="1" changeset="22483388" timestamp="2014-05-22T10:59:05Z" user="Bespaev" uid="1825191" lat="43.2477095" lon="76.8360954"/>
 <node id="2874270611" visible="true" version="1" changeset="22483388" timestamp="2014-05-22T10:59:05Z" user="Bespaev" uid="1825191" lat="43.2477265" lon="76.8355174"/>
 <node id="2874270613" visible="true" version="1" changeset="22483388" timestamp="2014-05-22T10:59:05Z" user="Bespaev" uid="1825191" lat="43.2477451" lon="76.8345245"/>
 <node id="2874270616" visible="true" version="1" changeset="22483388" timestamp="2014-05-22T10:59:05Z" user="Bespaev" uid="1825191" lat="43.2477596" lon="76.8349012"/>
 <node id="2874270618" visible="true" version="1" changeset="22483388" timestamp="2014-05-22T10:59:05Z" user="Bespaev" uid="1825191" lat="43.2477880" lon="76.8350183"/>
 <node id="2874270620" visible="true" version="1" changeset="22483388" timestamp="2014-05-22T10:59:05Z" user="Bespaev" uid="1825191" lat="43.2478082" lon="76.8353355"/>
 <node id="2874270624" visible="true" version="1" changeset="22483388" timestamp="2014-05-22T10:59:06Z" user="Bespaev" uid="1825191" lat="43.2478298" lon="76.8348691"/>
 <node id="2874270626" visible="true" version="1" changeset="22483388" timestamp="2014-05-22T10:59:06Z" user="Bespaev" uid="1825191" lat="43.2478369" lon="76.8354265"/>
 <node id="2874270627" visible="true" version="1" changeset="22483388" timestamp="2014-05-22T10:59:06Z" user="Bespaev" uid="1825191" lat="43.2478523" lon="76.8363331"/>
 <node id="2874270628" visible="true" version="1" changeset="22483388" timestamp="2014-05-22T10:59:06Z" user="Bespaev" uid="1825191" lat="43.2478583" lon="76.8349861"/>
 <node id="2874270629" visible="true" version="1" changeset="22483388" timestamp="2014-05-22T10:59:06Z" user="Bespaev" uid="1825191" lat="43.2478597" lon="76.8361045"/>
 <node id="2874270632" visible="true" version="1" changeset="22483388" timestamp="2014-05-22T10:59:06Z" user="Bespaev" uid="1825191" lat="43.2478766" lon="76.8362936"/>
 <node id="2874270634" visible="true" version="1" changeset="22483388" timestamp="2014-05-22T10:59:06Z" user="Bespaev" uid="1825191" lat="43.2478960" lon="76.8360544"/>
 <node id="2874270636" visible="true" version="1" changeset="22483388" timestamp="2014-05-22T10:59:06Z" user="Bespaev" uid="1825191" lat="43.2479103" lon="76.8348143"/>
 <node id="2874270639" visible="true" version="1" changeset="22483388" timestamp="2014-05-22T10:59:06Z" user="Bespaev" uid="1825191" lat="43.2479362" lon="76.8352594"/>
 <node id="2874270640" visible="true" version="1" changeset="22483388" timestamp="2014-05-22T10:59:06Z" user="Bespaev" uid="1825191" lat="43.2479473" lon="76.8349411"/>
 <node id="2874270641" visible="true" version="1" changeset="22483388" timestamp="2014-05-22T10:59:06Z" user="Bespaev" uid="1825191" lat="43.2479649" lon="76.8353503"/>
 <node id="2874270649" visible="true" version="1" changeset="22483388" timestamp="2014-05-22T10:59:06Z" user="Bespaev" uid="1825191" lat="43.2480158" lon="76.8363149"/>
 <node id="2874270650" visible="true" version="1" changeset="22483388" timestamp="2014-05-22T10:59:06Z" user="Bespaev" uid="1825191" lat="43.2480275" lon="76.8347500"/>
 <node id="2874270653" visible="true" version="1" changeset="22483388" timestamp="2014-05-22T10:59:06Z" user="Bespaev" uid="1825191" lat="43.2480351" lon="76.8360756"/>
 <node id="2874270655" visible="true" version="1" changeset="22483388" timestamp="2014-05-22T10:59:06Z" user="Bespaev" uid="1825191" lat="43.2480644" lon="76.8348768"/>
 <node id="2874270659" visible="true" version="1" changeset="22483388" timestamp="2014-05-22T10:59:06Z" user="Bespaev" uid="1825191" lat="43.2480808" lon="76.8352171"/>
 <node id="2874270660" visible="true" version="1" changeset="22483388" timestamp="2014-05-22T10:59:06Z" user="Bespaev" uid="1825191" lat="43.2480849" lon="76.8365213"/>
 <node id="2874270661" visible="true" version="1" changeset="22483388" timestamp="2014-05-22T10:59:06Z" user="Bespaev" uid="1825191" lat="43.2480862" lon="76.8362160"/>
 <node id="2874270662" visible="true" version="1" changeset="22483388" timestamp="2014-05-22T10:59:06Z" user="Bespaev" uid="1825191" lat="43.2480910" lon="76.8347181"/>
 <node id="2874270663" visible="true" version="1" changeset="22483388" timestamp="2014-05-22T10:59:06Z" user="Bespaev" uid="1825191" lat="43.2480931" lon="76.8367121"/>
 <node id="2874270664" visible="true" version="1" changeset="22483388" timestamp="2014-05-22T10:59:06Z" user="Bespaev" uid="1825191" lat="43.2480953" lon="76.8360602"/>
 <node id="2874270665" visible="true" version="1" changeset="22483388" timestamp="2014-05-22T10:59:06Z" user="Bespaev" uid="1825191" lat="43.2481085" lon="76.8364483"/>
 <node id="2874270666" visible="true" version="1" changeset="22483388" timestamp="2014-05-22T10:59:06Z" user="Bespaev" uid="1825191" lat="43.2481107" lon="76.8353507"/>
 <node id="2874270671" visible="true" version="1" changeset="22483388" timestamp="2014-05-22T10:59:06Z" user="Bespaev" uid="1825191" lat="43.2481269" lon="76.8348703"/>
 <node id="2874270676" visible="true" version="1" changeset="22483388" timestamp="2014-05-22T10:59:06Z" user="Bespaev" uid="1825191" lat="43.2481895" lon="76.8346743"/>
 <node id="2874270677" visible="true" version="1" changeset="22483388" timestamp="2014-05-22T10:59:07Z" user="Bespaev" uid="1825191" lat="43.2481956" lon="76.8351686"/>
 <node id="2874270678" visible="true" version="1" changeset="22483388" timestamp="2014-05-22T10:59:07Z" user="Bespaev" uid="1825191" lat="43.2481966" lon="76.8362281"/>
 <node id="2874270679" visible="true" version="1" changeset="22483388" timestamp="2014-05-22T10:59:07Z" user="Bespaev" uid="1825191" lat="43.2481975" lon="76.8365122"/>
 <node id="2874270680" visible="true" version="1" changeset="22483388" timestamp="2014-05-22T10:59:07Z" user="Bespaev" uid="1825191" lat="43.2482057" lon="76.8360723"/>
 <node id="2874270681" visible="true" version="1" changeset="22483388" timestamp="2014-05-22T10:59:07Z" user="Bespaev" uid="1825191" lat="43.2482057" lon="76.8367030"/>
 <node id="2874270684" visible="true" version="1" changeset="22483388" timestamp="2014-05-22T10:59:07Z" user="Bespaev" uid="1825191" lat="43.2482254" lon="76.8348265"/>
 <node id="2874270685" visible="true" version="1" changeset="22483388" timestamp="2014-05-22T10:59:07Z" user="Bespaev" uid="1825191" lat="43.2482256" lon="76.8353021"/>
 <node id="2874270692" visible="true" version="1" changeset="22483388" timestamp="2014-05-22T10:59:07Z" user="Bespaev" uid="1825191" lat="43.2483057" lon="76.8350805"/>
 <node id="2874270693" visible="true" version="1" changeset="22483388" timestamp="2014-05-22T10:59:07Z" user="Bespaev" uid="1825191" lat="43.2483404" lon="76.8352233"/>
 <node id="2874270696" visible="true" version="1" changeset="22483388" timestamp="2014-05-22T10:59:07Z" user="Bespaev" uid="1825191" lat="43.2484111" lon="76.8355477"/>
 <node id="2874270697" visible="true" version="1" changeset="22483388" timestamp="2014-05-22T10:59:07Z" user="Bespaev" uid="1825191" lat="43.2484118" lon="76.8350320"/>
 <node id="2874270700" visible="true" version="1" changeset="22483388" timestamp="2014-05-22T10:59:07Z" user="Bespaev" uid="1825191" lat="43.2484242" lon="76.8357101"/>
 <node id="2874270703" visible="true" version="1" changeset="22483388" timestamp="2014-05-22T10:59:07Z" user="Bespaev" uid="1825191" lat="43.2484464" lon="76.8351748"/>
 <node id="2874270710" visible="true" version="1" changeset="22483388" timestamp="2014-05-22T10:59:07Z" user="Bespaev" uid="1825191" lat="43.2485198" lon="76.8349749"/>
 <node id="2874270711" visible="true" version="1" changeset="22483388" timestamp="2014-05-22T10:59:07Z" user="Bespaev" uid="1825191" lat="43.2485304" lon="76.8355296"/>
 <node id="2874270714" visible="true" version="1" changeset="22483388" timestamp="2014-05-22T10:59:07Z" user="Bespaev" uid="1825191" lat="43.2485435" lon="76.8356920"/>
 <node id="2874270715" visible="true" version="1" changeset="22483388" timestamp="2014-05-22T10:59:07Z" user="Bespaev" uid="1825191" lat="43.2485591" lon="76.8351445"/>
 <node id="2874270716" visible="true" version="1" changeset="22483388" timestamp="2014-05-22T10:59:07Z" user="Bespaev" uid="1825191" lat="43.2485591" lon="76.8363209"/>
 <node id="2874270717" visible="true" version="1" changeset="22483388" timestamp="2014-05-22T10:59:07Z" user="Bespaev" uid="1825191" lat="43.2485736" lon="76.8361383"/>
 <node id="2874270718" visible="true" version="1" changeset="22483388" timestamp="2014-05-22T10:59:07Z" user="Bespaev" uid="1825191" lat="43.2486169" lon="76.8349324"/>
 <node id="2874270721" visible="true" version="1" changeset="22483388" timestamp="2014-05-22T10:59:07Z" user="Bespaev" uid="1825191" lat="43.2486562" lon="76.8351020"/>
 <node id="2874270722" visible="true" version="1" changeset="22483388" timestamp="2014-05-22T10:59:07Z" user="Bespaev" uid="1825191" lat="43.2486812" lon="76.8354739"/>
 <node id="2874270723" visible="true" version="1" changeset="22483388" timestamp="2014-05-22T10:59:07Z" user="Bespaev" uid="1825191" lat="43.2487004" lon="76.8363421"/>
 <node id="2874270725" visible="true" version="1" changeset="22483388" timestamp="2014-05-22T10:59:07Z" user="Bespaev" uid="1825191" lat="43.2487085" lon="76.8356508"/>
 <node id="2874270726" visible="true" version="1" changeset="22483388" timestamp="2014-05-22T10:59:07Z" user="Bespaev" uid="1825191" lat="43.2487150" lon="76.8361595"/>
 <node id="2874270727" visible="true" version="1" changeset="22483388" timestamp="2014-05-22T10:59:07Z" user="Bespaev" uid="1825191" lat="43.2487272" lon="76.8348529"/>
 <node id="2874270730" visible="true" version="1" changeset="22483388" timestamp="2014-05-22T10:59:07Z" user="Bespaev" uid="1825191" lat="43.2487865" lon="76.8350384"/>
 <node id="2874270731" visible="true" version="1" changeset="22483388" timestamp="2014-05-22T10:59:08Z" user="Bespaev" uid="1825191" lat="43.2487865" lon="76.8365756"/>
 <node id="2874270732" visible="true" version="1" changeset="22483388" timestamp="2014-05-22T10:59:08Z" user="Bespaev" uid="1825191" lat="43.2487979" lon="76.8354399"/>
 <node id="2874270734" visible="true" version="1" changeset="22483388" timestamp="2014-05-22T10:59:08Z" user="Bespaev" uid="1825191" lat="43.2488178" lon="76.8347983"/>
 <node id="2874270735" visible="true" version="1" changeset="22483388" timestamp="2014-05-22T10:59:08Z" user="Bespaev" uid="1825191" lat="43.2488252" lon="76.8356168"/>
 <node id="2874270736" visible="true" version="1" changeset="22483388" timestamp="2014-05-22T10:59:08Z" user="Bespaev" uid="1825191" lat="43.2488502" lon="76.8354293"/>
 <node id="2874270739" visible="true" version="1" changeset="22483388" timestamp="2014-05-22T10:59:08Z" user="Bespaev" uid="1825191" lat="43.2488705" lon="76.8355993"/>
 <node id="2874270740" visible="true" version="1" changeset="22483388" timestamp="2014-05-22T10:59:08Z" user="Bespaev" uid="1825191" lat="43.2488771" lon="76.8349838"/>
 <node id="2874270745" visible="true" version="1" changeset="22483388" timestamp="2014-05-22T10:59:08Z" user="Bespaev" uid="1825191" lat="43.2489717" lon="76.8354020"/>
 <node id="2874270746" visible="true" version="1" changeset="22483388" timestamp="2014-05-22T10:59:08Z" user="Bespaev" uid="1825191" lat="43.2489919" lon="76.8355720"/>
 <node id="2874270792" visible="true" version="1" changeset="22483388" timestamp="2014-05-22T10:59:09Z" user="Bespaev" uid="1825191" lat="43.2494601" lon="76.8366969"/>
 <node id="2874270919" visible="true" version="1" changeset="22483388" timestamp="2014-05-22T10:59:10Z" user="Bespaev" uid="1825191" lat="43.2496885" lon="76.8338345"/>
 <node id="2876099577" visible="true" version="2" changeset="66142731" timestamp="2019-01-08T22:18:17Z" user="Roolet" uid="9202949" lat="43.2491029" lon="76.8434151"/>
 <node id="2876099581" visible="true" version="2" changeset="66142731" timestamp="2019-01-08T22:18:17Z" user="Roolet" uid="9202949" lat="43.2496868" lon="76.8428709"/>
 <node id="2915565813" visible="true" version="1" changeset="22921306" timestamp="2014-06-14T07:20:36Z" user="Maxa49980" uid="2098744" lat="43.2440126" lon="76.8383505"/>
 <node id="2915565814" visible="true" version="1" changeset="22921306" timestamp="2014-06-14T07:20:36Z" user="Maxa49980" uid="2098744" lat="43.2440206" lon="76.8383832"/>
 <node id="2915565815" visible="true" version="1" changeset="22921306" timestamp="2014-06-14T07:20:36Z" user="Maxa49980" uid="2098744" lat="43.2437381" lon="76.8384791"/>
 <node id="2915565816" visible="true" version="1" changeset="22921306" timestamp="2014-06-14T07:20:36Z" user="Maxa49980" uid="2098744" lat="43.2437703" lon="76.8386575"/>
 <node id="2915565817" visible="true" version="1" changeset="22921306" timestamp="2014-06-14T07:20:36Z" user="Maxa49980" uid="2098744" lat="43.2440528" lon="76.8385616"/>
 <node id="2915565818" visible="true" version="1" changeset="22921306" timestamp="2014-06-14T07:20:36Z" user="Maxa49980" uid="2098744" lat="43.2437282" lon="76.8384815"/>
 <node id="2915565819" visible="true" version="1" changeset="22921306" timestamp="2014-06-14T07:20:36Z" user="Maxa49980" uid="2098744" lat="43.2437621" lon="76.8386587"/>
 <node id="2915565820" visible="true" version="1" changeset="22921306" timestamp="2014-06-14T07:20:36Z" user="Maxa49980" uid="2098744" lat="43.2435583" lon="76.8387321"/>
 <node id="2915565821" visible="true" version="1" changeset="22921306" timestamp="2014-06-14T07:20:36Z" user="Maxa49980" uid="2098744" lat="43.2435244" lon="76.8385548"/>
 <node id="3208176013" visible="true" version="2" changeset="45261568" timestamp="2017-01-18T05:12:58Z" user="Eva Blue" uid="4803528" lat="43.2473952" lon="76.8423865"/>
 <node id="3208176014" visible="true" version="2" changeset="45261568" timestamp="2017-01-18T05:12:58Z" user="Eva Blue" uid="4803528" lat="43.2474217" lon="76.8424483"/>
 <node id="3208176015" visible="true" version="2" changeset="45261568" timestamp="2017-01-18T05:12:58Z" user="Eva Blue" uid="4803528" lat="43.2474687" lon="76.8423017"/>
 <node id="3208176016" visible="true" version="2" changeset="45261568" timestamp="2017-01-18T05:12:58Z" user="Eva Blue" uid="4803528" lat="43.2474492" lon="76.8424261"/>
 <node id="3208176017" visible="true" version="2" changeset="45261568" timestamp="2017-01-18T05:12:58Z" user="Eva Blue" uid="4803528" lat="43.2474854" lon="76.8425104"/>
 <node id="3208176018" visible="true" version="2" changeset="45261568" timestamp="2017-01-18T05:12:58Z" user="Eva Blue" uid="4803528" lat="43.2474898" lon="76.8423100"/>
 <node id="3208176019" visible="true" version="2" changeset="45261568" timestamp="2017-01-18T05:12:58Z" user="Eva Blue" uid="4803528" lat="43.2474927" lon="76.8423943"/>
 <node id="3208176021" visible="true" version="2" changeset="45261568" timestamp="2017-01-18T05:12:58Z" user="Eva Blue" uid="4803528" lat="43.2475174" lon="76.8423743"/>
 <node id="3208176022" visible="true" version="1" changeset="27077042" timestamp="2014-11-27T20:33:49Z" user="Lyubchenko Denis" uid="705874" lat="43.2475224" lon="76.8424229"/>
 <node id="3208176023" visible="true" version="2" changeset="45261568" timestamp="2017-01-18T05:12:58Z" user="Eva Blue" uid="4803528" lat="43.2475278" lon="76.8424761"/>
 <node id="3208176024" visible="true" version="4" changeset="137024155" timestamp="2023-06-06T17:12:37Z" user="evgeniyakz" uid="16572338" lat="43.2477823" lon="76.8423918"/>
 <node id="3301864492" visible="true" version="2" changeset="42433632" timestamp="2016-09-25T22:45:21Z" user="_ANick_" uid="1686959" lat="43.2449076" lon="76.8338526"/>
 <node id="3301864493" visible="true" version="2" changeset="42433632" timestamp="2016-09-25T22:45:22Z" user="_ANick_" uid="1686959" lat="43.2447782" lon="76.8338920"/>
 <node id="3521328199" visible="true" version="4" changeset="122193090" timestamp="2022-06-10T06:20:06Z" user="SEVEN" uid="127989" lat="43.2462236" lon="76.8376227"/>
 <node id="3521328200" visible="true" version="2" changeset="45492829" timestamp="2017-01-25T22:32:14Z" user="_ANick_" uid="1686959" lat="43.2462879" lon="76.8379008"/>
 <node id="3521328201" visible="true" version="2" changeset="45492829" timestamp="2017-01-25T22:32:14Z" user="_ANick_" uid="1686959" lat="43.2463039" lon="76.8377372"/>
 <node id="3521328202" visible="true" version="2" changeset="45492829" timestamp="2017-01-25T22:32:14Z" user="_ANick_" uid="1686959" lat="43.2463555" lon="76.8379396"/>
 <node id="3521328203" visible="true" version="2" changeset="45492829" timestamp="2017-01-25T22:32:14Z" user="_ANick_" uid="1686959" lat="43.2463591" lon="76.8381675"/>
 <node id="3521328204" visible="true" version="1" changeset="31195643" timestamp="2015-05-16T08:35:41Z" user="ggood" uid="363515" lat="43.2464326" lon="76.8383632"/>
 <node id="3521328205" visible="true" version="1" changeset="31195643" timestamp="2015-05-16T08:35:41Z" user="ggood" uid="363515" lat="43.2464351" lon="76.8381809"/>
 <node id="3521328206" visible="true" version="2" changeset="45492829" timestamp="2017-01-25T22:32:14Z" user="_ANick_" uid="1686959" lat="43.2464661" lon="76.8377507"/>
 <node id="3521328207" visible="true" version="2" changeset="45492829" timestamp="2017-01-25T22:32:15Z" user="_ANick_" uid="1686959" lat="43.2464920" lon="76.8385569"/>
 <node id="3521328208" visible="true" version="1" changeset="31195643" timestamp="2015-05-16T08:35:42Z" user="ggood" uid="363515" lat="43.2465138" lon="76.8383733"/>
 <node id="3521328209" visible="true" version="2" changeset="45492829" timestamp="2017-01-25T22:32:15Z" user="_ANick_" uid="1686959" lat="43.2465871" lon="76.8386989"/>
 <node id="3521328210" visible="true" version="1" changeset="31195643" timestamp="2015-05-16T08:35:42Z" user="ggood" uid="363515" lat="43.2465777" lon="76.8382619"/>
 <node id="3521328211" visible="true" version="1" changeset="31195643" timestamp="2015-05-16T08:35:42Z" user="ggood" uid="363515" lat="43.2465826" lon="76.8379211"/>
 <node id="3521328212" visible="true" version="2" changeset="45492829" timestamp="2017-01-25T22:32:15Z" user="_ANick_" uid="1686959" lat="43.2466403" lon="76.8383237"/>
 <node id="3521328213" visible="true" version="1" changeset="31195643" timestamp="2015-05-16T08:35:42Z" user="ggood" uid="363515" lat="43.2466440" lon="76.8378266"/>
 <node id="3521328214" visible="true" version="1" changeset="31195643" timestamp="2015-05-16T08:35:42Z" user="ggood" uid="363515" lat="43.2466760" lon="76.8378097"/>
 <node id="3521328215" visible="true" version="2" changeset="45492829" timestamp="2017-01-25T22:32:15Z" user="_ANick_" uid="1686959" lat="43.2467146" lon="76.8381989"/>
 <node id="3521328216" visible="true" version="2" changeset="45492829" timestamp="2017-01-25T22:32:15Z" user="_ANick_" uid="1686959" lat="43.2467101" lon="76.8386873"/>
 <node id="3521328217" visible="true" version="1" changeset="31195643" timestamp="2015-05-16T08:35:42Z" user="ggood" uid="363515" lat="43.2466981" lon="76.8380291"/>
 <node id="3521328218" visible="true" version="1" changeset="31195643" timestamp="2015-05-16T08:35:42Z" user="ggood" uid="363515" lat="43.2467424" lon="76.8378367"/>
 <node id="3521328219" visible="true" version="1" changeset="31195643" timestamp="2015-05-16T08:35:42Z" user="ggood" uid="363515" lat="43.2467596" lon="76.8379143"/>
 <node id="3521328220" visible="true" version="2" changeset="45492829" timestamp="2017-01-25T22:32:15Z" user="_ANick_" uid="1686959" lat="43.2469002" lon="76.8384993"/>
 <node id="3521328221" visible="true" version="2" changeset="45492829" timestamp="2017-01-25T22:32:15Z" user="_ANick_" uid="1686959" lat="43.2470092" lon="76.8378507"/>
 <node id="3521328222" visible="true" version="2" changeset="45492829" timestamp="2017-01-25T22:32:15Z" user="_ANick_" uid="1686959" lat="43.2471154" lon="76.8378545"/>
 <node id="3521328223" visible="true" version="2" changeset="45492829" timestamp="2017-01-25T22:32:15Z" user="_ANick_" uid="1686959" lat="43.2471993" lon="76.8381884"/>
 <node id="3521328224" visible="true" version="2" changeset="45492829" timestamp="2017-01-25T22:32:15Z" user="_ANick_" uid="1686959" lat="43.2472077" lon="76.8378661"/>
 <node id="3521328225" visible="true" version="2" changeset="45492829" timestamp="2017-01-25T22:32:16Z" user="_ANick_" uid="1686959" lat="43.2472664" lon="76.8378929"/>
 <node id="3521328226" visible="true" version="2" changeset="45492829" timestamp="2017-01-25T22:32:16Z" user="_ANick_" uid="1686959" lat="43.2472971" lon="76.8380656"/>
 <node id="3521328227" visible="true" version="2" changeset="45492829" timestamp="2017-01-25T22:32:16Z" user="_ANick_" uid="1686959" lat="43.2473055" lon="76.8379658"/>
 <node id="3521333924" visible="true" version="2" changeset="45492829" timestamp="2017-01-25T22:32:16Z" user="_ANick_" uid="1686959" lat="43.2456504" lon="76.8360901"/>
 <node id="3521333925" visible="true" version="2" changeset="45492829" timestamp="2017-01-25T22:32:16Z" user="_ANick_" uid="1686959" lat="43.2456671" lon="76.8361439"/>
 <node id="3521333926" visible="true" version="2" changeset="45492829" timestamp="2017-01-25T22:32:16Z" user="_ANick_" uid="1686959" lat="43.2457370" lon="76.8363895"/>
 <node id="3521333927" visible="true" version="2" changeset="45492829" timestamp="2017-01-25T22:32:16Z" user="_ANick_" uid="1686959" lat="43.2457790" lon="76.8362283"/>
 <node id="3521333928" visible="true" version="2" changeset="45492829" timestamp="2017-01-25T22:32:16Z" user="_ANick_" uid="1686959" lat="43.2458097" lon="76.8366236"/>
 <node id="3521333929" visible="true" version="2" changeset="45492829" timestamp="2017-01-25T22:32:16Z" user="_ANick_" uid="1686959" lat="43.2458293" lon="76.8365430"/>
 <node id="3521333930" visible="true" version="2" changeset="45492829" timestamp="2017-01-25T22:32:16Z" user="_ANick_" uid="1686959" lat="43.2458740" lon="76.8362935"/>
 <node id="3521333931" visible="true" version="2" changeset="45492829" timestamp="2017-01-25T22:32:17Z" user="_ANick_" uid="1686959" lat="43.2459020" lon="76.8364240"/>
 <node id="3521333932" visible="true" version="2" changeset="42433632" timestamp="2016-09-25T22:45:22Z" user="_ANick_" uid="1686959" lat="43.2458948" lon="76.8368804"/>
 <node id="3521333933" visible="true" version="2" changeset="42433632" timestamp="2016-09-25T22:45:22Z" user="_ANick_" uid="1686959" lat="43.2458898" lon="76.8368104"/>
 <node id="3521333934" visible="true" version="2" changeset="42433632" timestamp="2016-09-25T22:45:22Z" user="_ANick_" uid="1686959" lat="43.2459014" lon="76.8366942"/>
 <node id="3521333935" visible="true" version="2" changeset="42433632" timestamp="2016-09-25T22:45:23Z" user="_ANick_" uid="1686959" lat="43.2459490" lon="76.8370097"/>
 <node id="3521333936" visible="true" version="2" changeset="42433632" timestamp="2016-09-25T22:45:23Z" user="_ANick_" uid="1686959" lat="43.2459378" lon="76.8366138"/>
 <node id="3521333937" visible="true" version="2" changeset="42433632" timestamp="2016-09-25T22:45:23Z" user="_ANick_" uid="1686959" lat="43.2460068" lon="76.8365445"/>
 <node id="3521333938" visible="true" version="2" changeset="45492829" timestamp="2017-01-25T22:32:17Z" user="_ANick_" uid="1686959" lat="43.2460473" lon="76.8363281"/>
 <node id="3521333939" visible="true" version="2" changeset="42433632" timestamp="2016-09-25T22:45:23Z" user="_ANick_" uid="1686959" lat="43.2461338" lon="76.8365161"/>
 <node id="3521333940" visible="true" version="3" changeset="45492829" timestamp="2017-01-25T22:32:17Z" user="_ANick_" uid="1686959" lat="43.2463763" lon="76.8370765"/>
 <node id="3521333941" visible="true" version="1" changeset="31195681" timestamp="2015-05-16T08:39:17Z" user="ggood" uid="363515" lat="43.2465029" lon="76.8365238"/>
 <node id="3521333942" visible="true" version="1" changeset="31195681" timestamp="2015-05-16T08:39:17Z" user="ggood" uid="363515" lat="43.2465533" lon="76.8369153"/>
 <node id="3521333943" visible="true" version="1" changeset="31195681" timestamp="2015-05-16T08:39:17Z" user="ggood" uid="363515" lat="43.2466343" lon="76.8365699"/>
 <node id="3521333944" visible="true" version="2" changeset="45492829" timestamp="2017-01-25T22:32:17Z" user="_ANick_" uid="1686959" lat="43.2466477" lon="76.8370957"/>
 <node id="3521333945" visible="true" version="1" changeset="31195681" timestamp="2015-05-16T08:39:17Z" user="ggood" uid="363515" lat="43.2466455" lon="76.8368769"/>
 <node id="3521333946" visible="true" version="3" changeset="45492829" timestamp="2017-01-25T22:32:17Z" user="_ANick_" uid="1686959" lat="43.2466846" lon="76.8370290"/>
 <node id="3521333947" visible="true" version="1" changeset="31195681" timestamp="2015-05-16T08:39:18Z" user="ggood" uid="363515" lat="43.2466930" lon="76.8368232"/>
 <node id="3521333948" visible="true" version="1" changeset="31195681" timestamp="2015-05-16T08:39:18Z" user="ggood" uid="363515" lat="43.2466958" lon="76.8366505"/>
 <node id="3521333949" visible="true" version="1" changeset="31195681" timestamp="2015-05-16T08:39:18Z" user="ggood" uid="363515" lat="43.2467154" lon="76.8367464"/>
 <node id="3521333950" visible="true" version="3" changeset="45492829" timestamp="2017-01-25T22:32:17Z" user="_ANick_" uid="1686959" lat="43.2467452" lon="76.8364746"/>
 <node id="3521333951" visible="true" version="3" changeset="45492829" timestamp="2017-01-25T22:32:17Z" user="_ANick_" uid="1686959" lat="43.2467860" lon="76.8369576"/>
 <node id="3521333952" visible="true" version="3" changeset="45492829" timestamp="2017-01-25T22:32:17Z" user="_ANick_" uid="1686959" lat="43.2468389" lon="76.8366629"/>
 <node id="3521333953" visible="true" version="3" changeset="45492829" timestamp="2017-01-25T22:32:17Z" user="_ANick_" uid="1686959" lat="43.2468403" lon="76.8368336"/>
 <node id="3521333954" visible="true" version="3" changeset="45492829" timestamp="2017-01-25T22:32:17Z" user="_ANick_" uid="1686959" lat="43.2468893" lon="76.8365749"/>
 <node id="3521333955" visible="true" version="3" changeset="45492829" timestamp="2017-01-25T22:32:17Z" user="_ANick_" uid="1686959" lat="43.2470433" lon="76.8367429"/>
 <node id="3521333956" visible="true" version="2" changeset="45492829" timestamp="2017-01-25T22:32:17Z" user="_ANick_" uid="1686959" lat="43.2471057" lon="76.8371315"/>
 <node id="3521333957" visible="true" version="3" changeset="45492829" timestamp="2017-01-25T22:32:17Z" user="_ANick_" uid="1686959" lat="43.2472206" lon="76.8369280"/>
 <node id="3521333958" visible="true" version="3" changeset="45492829" timestamp="2017-01-25T22:32:17Z" user="_ANick_" uid="1686959" lat="43.2473431" lon="76.8370440"/>
 <node id="3521333959" visible="true" version="3" changeset="45492829" timestamp="2017-01-25T22:32:17Z" user="_ANick_" uid="1686959" lat="43.2471753" lon="76.8376718"/>
 <node id="3521333960" visible="true" version="3" changeset="45492829" timestamp="2017-01-25T22:32:17Z" user="_ANick_" uid="1686959" lat="43.2474506" lon="76.8371208"/>
 <node id="3521333961" visible="true" version="4" changeset="45492829" timestamp="2017-01-25T22:32:17Z" user="_ANick_" uid="1686959" lat="43.2473901" lon="76.8381887"/>
 <node id="3521333962" visible="true" version="4" changeset="45492829" timestamp="2017-01-25T22:32:17Z" user="_ANick_" uid="1686959" lat="43.2473952" lon="76.8378180"/>
 <node id="3521333963" visible="true" version="4" changeset="45492829" timestamp="2017-01-25T22:32:17Z" user="_ANick_" uid="1686959" lat="43.2474275" lon="76.8379585"/>
 <node id="3521333964" visible="true" version="2" changeset="45492829" timestamp="2017-01-25T22:32:17Z" user="_ANick_" uid="1686959" lat="43.2475914" lon="76.8371932"/>
 <node id="3521333965" visible="true" version="3" changeset="45492829" timestamp="2017-01-25T22:32:18Z" user="_ANick_" uid="1686959" lat="43.2475469" lon="76.8379658"/>
 <node id="3521333966" visible="true" version="3" changeset="45492829" timestamp="2017-01-25T22:32:18Z" user="_ANick_" uid="1686959" lat="43.2476877" lon="76.8378143"/>
 <node id="3521333967" visible="true" version="3" changeset="45492829" timestamp="2017-01-25T22:32:18Z" user="_ANick_" uid="1686959" lat="43.2478242" lon="76.8377308"/>
 <node id="3521335257" visible="true" version="4" changeset="45492829" timestamp="2017-01-25T22:32:18Z" user="_ANick_" uid="1686959" lat="43.2444209" lon="76.8375227"/>
 <node id="3521335258" visible="true" version="4" changeset="45492829" timestamp="2017-01-25T22:32:18Z" user="_ANick_" uid="1686959" lat="43.2445498" lon="76.8373250"/>
 <node id="3521335259" visible="true" version="4" changeset="45492829" timestamp="2017-01-25T22:32:18Z" user="_ANick_" uid="1686959" lat="43.2445994" lon="76.8372173"/>
 <node id="3521335260" visible="true" version="4" changeset="45492829" timestamp="2017-01-25T22:32:18Z" user="_ANick_" uid="1686959" lat="43.2446493" lon="76.8370682"/>
 <node id="3521335261" visible="true" version="4" changeset="45492829" timestamp="2017-01-25T22:32:18Z" user="_ANick_" uid="1686959" lat="43.2447106" lon="76.8369000"/>
 <node id="3521335262" visible="true" version="4" changeset="45492829" timestamp="2017-01-25T22:32:18Z" user="_ANick_" uid="1686959" lat="43.2447224" lon="76.8374015"/>
 <node id="3521335263" visible="true" version="4" changeset="45492829" timestamp="2017-01-25T22:32:18Z" user="_ANick_" uid="1686959" lat="43.2447146" lon="76.8370447"/>
 <node id="3521335264" visible="true" version="4" changeset="45492829" timestamp="2017-01-25T22:32:19Z" user="_ANick_" uid="1686959" lat="43.2447666" lon="76.8372034"/>
 <node id="3521335265" visible="true" version="4" changeset="45492829" timestamp="2017-01-25T22:32:19Z" user="_ANick_" uid="1686959" lat="43.2448014" lon="76.8373690"/>
 <node id="3521335266" visible="true" version="3" changeset="45492829" timestamp="2017-01-25T22:32:19Z" user="_ANick_" uid="1686959" lat="43.2448130" lon="76.8369646"/>
 <node id="3521335267" visible="true" version="3" changeset="45492829" timestamp="2017-01-25T22:32:19Z" user="_ANick_" uid="1686959" lat="43.2448189" lon="76.8370487"/>
 <node id="3521335268" visible="true" version="4" changeset="45492829" timestamp="2017-01-25T22:32:19Z" user="_ANick_" uid="1686959" lat="43.2448796" lon="76.8372757"/>
 <node id="3521335269" visible="true" version="3" changeset="45492829" timestamp="2017-01-25T22:32:19Z" user="_ANick_" uid="1686959" lat="43.2448387" lon="76.8368804"/>
 <node id="3521335270" visible="true" version="3" changeset="45492829" timestamp="2017-01-25T22:32:19Z" user="_ANick_" uid="1686959" lat="43.2448486" lon="76.8371138"/>
 <node id="3521335271" visible="true" version="3" changeset="45492829" timestamp="2017-01-25T22:32:19Z" user="_ANick_" uid="1686959" lat="43.2449257" lon="76.8371437"/>
 <node id="3521335272" visible="true" version="4" changeset="45492829" timestamp="2017-01-25T22:32:19Z" user="_ANick_" uid="1686959" lat="43.2451213" lon="76.8372759"/>
 <node id="3521335273" visible="true" version="3" changeset="45492829" timestamp="2017-01-25T22:32:19Z" user="_ANick_" uid="1686959" lat="43.2449830" lon="76.8366742"/>
 <node id="3521335274" visible="true" version="3" changeset="45492829" timestamp="2017-01-25T22:32:19Z" user="_ANick_" uid="1686959" lat="43.2450206" lon="76.8371545"/>
 <node id="3521335275" visible="true" version="3" changeset="45492829" timestamp="2017-01-25T22:32:19Z" user="_ANick_" uid="1686959" lat="43.2451332" lon="76.8365684"/>
 <node id="3521335276" visible="true" version="3" changeset="45492829" timestamp="2017-01-25T22:32:19Z" user="_ANick_" uid="1686959" lat="43.2452123" lon="76.8367692"/>
 <node id="3521335277" visible="true" version="3" changeset="45492829" timestamp="2017-01-25T22:32:20Z" user="_ANick_" uid="1686959" lat="43.2453151" lon="76.8369618"/>
 <node id="3521335278" visible="true" version="3" changeset="45492829" timestamp="2017-01-25T22:32:20Z" user="_ANick_" uid="1686959" lat="43.2454930" lon="76.8370785"/>
 <node id="3645889756" visible="true" version="3" changeset="64522376" timestamp="2018-11-15T10:30:38Z" user="MNbrn" uid="6319160" lat="43.2436377" lon="76.8342161"/>
 <node id="3645889765" visible="true" version="2" changeset="139112702" timestamp="2023-07-28T01:48:41Z" user="RwenzoriMountains" uid="16853667" lat="43.2444939" lon="76.8333223"/>
 <node id="3685340654" visible="true" version="1" changeset="33175884" timestamp="2015-08-07T10:12:34Z" user="Lyubchenko Denis" uid="705874" lat="43.2432999" lon="76.8375405"/>
 <node id="3685340655" visible="true" version="1" changeset="33175884" timestamp="2015-08-07T10:12:34Z" user="Lyubchenko Denis" uid="705874" lat="43.2433474" lon="76.8377528"/>
 <node id="3685340656" visible="true" version="2" changeset="33352915" timestamp="2015-08-15T14:07:11Z" user="Lyubchenko Denis" uid="705874" lat="43.2434508" lon="76.8369921"/>
 <node id="3685340657" visible="true" version="2" changeset="33352915" timestamp="2015-08-15T14:07:11Z" user="Lyubchenko Denis" uid="705874" lat="43.2434916" lon="76.8372105"/>
 <node id="3685340658" visible="true" version="2" changeset="33352915" timestamp="2015-08-15T14:07:11Z" user="Lyubchenko Denis" uid="705874" lat="43.2434908" lon="76.8370293"/>
 <node id="3685340659" visible="true" version="2" changeset="33352915" timestamp="2015-08-15T14:07:11Z" user="Lyubchenko Denis" uid="705874" lat="43.2435385" lon="76.8373999"/>
 <node id="3685340660" visible="true" version="2" changeset="33352915" timestamp="2015-08-15T14:07:11Z" user="Lyubchenko Denis" uid="705874" lat="43.2435774" lon="76.8375804"/>
 <node id="3685340661" visible="true" version="2" changeset="33352915" timestamp="2015-08-15T14:07:11Z" user="Lyubchenko Denis" uid="705874" lat="43.2435721" lon="76.8374418"/>
 <node id="3685340663" visible="true" version="2" changeset="64522376" timestamp="2018-11-15T10:30:38Z" user="MNbrn" uid="6319160" lat="43.2440755" lon="76.8368528"/>
 <node id="3685340664" visible="true" version="2" changeset="64522376" timestamp="2018-11-15T10:30:38Z" user="MNbrn" uid="6319160" lat="43.2440905" lon="76.8370002"/>
 <node id="3685340665" visible="true" version="2" changeset="64522376" timestamp="2018-11-15T10:30:38Z" user="MNbrn" uid="6319160" lat="43.2441413" lon="76.8371985"/>
 <node id="3685340666" visible="true" version="1" changeset="33175884" timestamp="2015-08-07T10:12:34Z" user="Lyubchenko Denis" uid="705874" lat="43.2441422" lon="76.8374015"/>
 <node id="3685340667" visible="true" version="2" changeset="64522376" timestamp="2018-11-15T10:30:38Z" user="MNbrn" uid="6319160" lat="43.2442256" lon="76.8374499"/>
 <node id="3685340668" visible="true" version="3" changeset="140513660" timestamp="2023-08-28T21:25:35Z" user="LexIgnatov" uid="316868" lat="43.2442099" lon="76.8366995"/>
 <node id="3685340669" visible="true" version="2" changeset="42433632" timestamp="2016-09-25T22:45:26Z" user="_ANick_" uid="1686959" lat="43.2442885" lon="76.8369135"/>
 <node id="3685340670" visible="true" version="5" changeset="59259468" timestamp="2018-05-25T05:39:39Z" user="m00sekateer" uid="2444967" lat="43.2445072" lon="76.8373190"/>
 <node id="3698596624" visible="true" version="4" changeset="64522376" timestamp="2018-11-15T10:30:38Z" user="MNbrn" uid="6319160" lat="43.2434767" lon="76.8351906"/>
 <node id="3698597325" visible="true" version="4" changeset="64522376" timestamp="2018-11-15T10:30:38Z" user="MNbrn" uid="6319160" lat="43.2435833" lon="76.8351403"/>
 <node id="3698597326" visible="true" version="4" changeset="64522376" timestamp="2018-11-15T10:30:38Z" user="MNbrn" uid="6319160" lat="43.2438608" lon="76.8367225"/>
 <node id="3698597327" visible="true" version="4" changeset="64522376" timestamp="2018-11-15T10:30:38Z" user="MNbrn" uid="6319160" lat="43.2439673" lon="76.8366722"/>
 <node id="3698616868" visible="true" version="1" changeset="33353271" timestamp="2015-08-15T14:31:01Z" user="Lyubchenko Denis" uid="705874" lat="43.2403639" lon="76.8232528">
  <tag k="power" v="tower"/>
 </node>
 <node id="3699547780" visible="true" version="2" changeset="46374414" timestamp="2017-02-24T18:00:18Z" user="Lyubchenko Denis" uid="705874" lat="43.2399447" lon="76.8225296">
  <tag k="power" v="tower"/>
 </node>
 <node id="3710473804" visible="true" version="4" changeset="143591279" timestamp="2023-11-03T20:56:19Z" user="LexIgnatov" uid="316868" lat="43.2553418" lon="76.8318537"/>
 <node id="3715400614" visible="true" version="3" changeset="130204275" timestamp="2022-12-18T07:40:14Z" user="dressed-pleasekin" uid="11175011" lat="43.2443586" lon="76.8367410">
  <tag k="entrance" v="main"/>
 </node>
 <node id="3715400615" visible="true" version="3" changeset="130204275" timestamp="2022-12-18T07:40:14Z" user="dressed-pleasekin" uid="11175011" lat="43.2447388" lon="76.8355060">
  <tag k="entrance" v="main"/>
 </node>
 <node id="3719760449" visible="true" version="6" changeset="66243058" timestamp="2019-01-12T02:25:37Z" user="whatmeinfallible" uid="7150022" lat="43.2508546" lon="76.8379962"/>
 <node id="3719760452" visible="true" version="4" changeset="66243058" timestamp="2019-01-12T02:25:37Z" user="whatmeinfallible" uid="7150022" lat="43.2503900" lon="76.8378254"/>
 <node id="3719763536" visible="true" version="1" changeset="33660329" timestamp="2015-08-29T09:56:46Z" user="Vanoita" uid="2620287" lat="43.2483714" lon="76.8371646"/>
 <node id="3719763537" visible="true" version="1" changeset="33660329" timestamp="2015-08-29T09:56:46Z" user="Vanoita" uid="2620287" lat="43.2480812" lon="76.8370955"/>
 <node id="3719763538" visible="true" version="1" changeset="33660329" timestamp="2015-08-29T09:56:46Z" user="Vanoita" uid="2620287" lat="43.2477999" lon="76.8370914"/>
 <node id="3719763539" visible="true" version="2" changeset="42433632" timestamp="2016-09-25T22:45:29Z" user="_ANick_" uid="1686959" lat="43.2476470" lon="76.8371820"/>
 <node id="3719763540" visible="true" version="1" changeset="33660329" timestamp="2015-08-29T09:56:46Z" user="Vanoita" uid="2620287" lat="43.2480698" lon="76.8368821"/>
 <node id="3719763541" visible="true" version="1" changeset="33660329" timestamp="2015-08-29T09:56:46Z" user="Vanoita" uid="2620287" lat="43.2480698" lon="76.8369431"/>
 <node id="3719763542" visible="true" version="1" changeset="33660329" timestamp="2015-08-29T09:56:46Z" user="Vanoita" uid="2620287" lat="43.2480387" lon="76.8369939"/>
 <node id="3719763543" visible="true" version="1" changeset="33660329" timestamp="2015-08-29T09:56:46Z" user="Vanoita" uid="2620287" lat="43.2479780" lon="76.8369960"/>
 <node id="3719763544" visible="true" version="1" changeset="33660329" timestamp="2015-08-29T09:56:46Z" user="Vanoita" uid="2620287" lat="43.2479736" lon="76.8370386"/>
 <node id="3719763545" visible="true" version="1" changeset="33660329" timestamp="2015-08-29T09:56:46Z" user="Vanoita" uid="2620287" lat="43.2480594" lon="76.8370447"/>
 <node id="3719763546" visible="true" version="1" changeset="33660329" timestamp="2015-08-29T09:56:46Z" user="Vanoita" uid="2620287" lat="43.2480594" lon="76.8371484"/>
 <node id="3719763547" visible="true" version="1" changeset="33660329" timestamp="2015-08-29T09:56:46Z" user="Vanoita" uid="2620287" lat="43.2478285" lon="76.8371525"/>
 <node id="3719763548" visible="true" version="1" changeset="33660329" timestamp="2015-08-29T09:56:46Z" user="Vanoita" uid="2620287" lat="43.2478314" lon="76.8369939"/>
 <node id="3719763549" visible="true" version="1" changeset="33660329" timestamp="2015-08-29T09:56:46Z" user="Vanoita" uid="2620287" lat="43.2476789" lon="76.8369838"/>
 <node id="3719763550" visible="true" version="1" changeset="33660329" timestamp="2015-08-29T09:56:46Z" user="Vanoita" uid="2620287" lat="43.2476759" lon="76.8370590"/>
 <node id="3719763551" visible="true" version="1" changeset="33660329" timestamp="2015-08-29T09:56:46Z" user="Vanoita" uid="2620287" lat="43.2475930" lon="76.8370488"/>
 <node id="3719763552" visible="true" version="1" changeset="33660329" timestamp="2015-08-29T09:56:46Z" user="Vanoita" uid="2620287" lat="43.2476049" lon="76.8368537"/>
 <node id="3719767219" visible="true" version="1" changeset="33660361" timestamp="2015-08-29T09:58:44Z" user="Vanoita" uid="2620287" lat="43.2475318" lon="76.8386108"/>
 <node id="3719767220" visible="true" version="1" changeset="33660361" timestamp="2015-08-29T09:58:44Z" user="Vanoita" uid="2620287" lat="43.2474366" lon="76.8385267"/>
 <node id="3719767221" visible="true" version="1" changeset="33660361" timestamp="2015-08-29T09:58:44Z" user="Vanoita" uid="2620287" lat="43.2475692" lon="76.8382652"/>
 <node id="3719767222" visible="true" version="1" changeset="33660361" timestamp="2015-08-29T09:58:44Z" user="Vanoita" uid="2620287" lat="43.2476679" lon="76.8381205"/>
 <node id="3719767223" visible="true" version="1" changeset="33660361" timestamp="2015-08-29T09:58:45Z" user="Vanoita" uid="2620287" lat="43.2477699" lon="76.8380317"/>
 <node id="3719767224" visible="true" version="1" changeset="33660361" timestamp="2015-08-29T09:58:45Z" user="Vanoita" uid="2620287" lat="43.2478924" lon="76.8380317"/>
 <node id="3719767825" visible="true" version="1" changeset="33660361" timestamp="2015-08-29T09:58:45Z" user="Vanoita" uid="2620287" lat="43.2488550" lon="76.8381531"/>
 <node id="3719767826" visible="true" version="1" changeset="33660361" timestamp="2015-08-29T09:58:45Z" user="Vanoita" uid="2620287" lat="43.2488346" lon="76.8382979"/>
 <node id="3719767827" visible="true" version="1" changeset="33660361" timestamp="2015-08-29T09:58:45Z" user="Vanoita" uid="2620287" lat="43.2484332" lon="76.8382465"/>
 <node id="3719767828" visible="true" version="1" changeset="33660361" timestamp="2015-08-29T09:58:45Z" user="Vanoita" uid="2620287" lat="43.2479196" lon="76.8381858"/>
 <node id="3719767829" visible="true" version="1" changeset="33660361" timestamp="2015-08-29T09:58:45Z" user="Vanoita" uid="2620287" lat="43.2477903" lon="76.8381812"/>
 <node id="3719767830" visible="true" version="1" changeset="33660361" timestamp="2015-08-29T09:58:45Z" user="Vanoita" uid="2620287" lat="43.2477291" lon="76.8382279"/>
 <node id="3719767831" visible="true" version="1" changeset="33660361" timestamp="2015-08-29T09:58:45Z" user="Vanoita" uid="2620287" lat="43.2476849" lon="76.8383073"/>
 <node id="3719767832" visible="true" version="3" changeset="129824140" timestamp="2022-12-07T14:17:33Z" user="dressed-pleasekin" uid="11175011" lat="43.2460751" lon="76.8397394"/>
 <node id="3719767833" visible="true" version="1" changeset="33660361" timestamp="2015-08-29T09:58:45Z" user="Vanoita" uid="2620287" lat="43.2462701" lon="76.8402293"/>
 <node id="3719767834" visible="true" version="1" changeset="33660361" timestamp="2015-08-29T09:58:45Z" user="Vanoita" uid="2620287" lat="43.2465057" lon="76.8407777"/>
 <node id="3719767835" visible="true" version="1" changeset="33660361" timestamp="2015-08-29T09:58:45Z" user="Vanoita" uid="2620287" lat="43.2459345" lon="76.8398042"/>
 <node id="3726715631" visible="true" version="2" changeset="139113392" timestamp="2023-07-28T02:33:42Z" user="RwenzoriMountains" uid="16853667" lat="43.2477081" lon="76.8406549"/>
 <node id="3726715632" visible="true" version="2" changeset="139113392" timestamp="2023-07-28T02:33:42Z" user="RwenzoriMountains" uid="16853667" lat="43.2477878" lon="76.8408348"/>
 <node id="3726715633" visible="true" version="2" changeset="139113392" timestamp="2023-07-28T02:33:42Z" user="RwenzoriMountains" uid="16853667" lat="43.2478722" lon="76.8405179"/>
 <node id="3726715634" visible="true" version="2" changeset="139113392" timestamp="2023-07-28T02:33:42Z" user="RwenzoriMountains" uid="16853667" lat="43.2479519" lon="76.8406978"/>
 <node id="3726715635" visible="true" version="1" changeset="33761653" timestamp="2015-09-02T21:41:21Z" user="Lyubchenko Denis" uid="705874" lat="43.2481586" lon="76.8390992"/>
 <node id="3726715636" visible="true" version="1" changeset="33761653" timestamp="2015-09-02T21:41:21Z" user="Lyubchenko Denis" uid="705874" lat="43.2481812" lon="76.8387357"/>
 <node id="3726715637" visible="true" version="1" changeset="33761653" timestamp="2015-09-02T21:41:21Z" user="Lyubchenko Denis" uid="705874" lat="43.2482658" lon="76.8391118"/>
 <node id="3726715638" visible="true" version="1" changeset="33761653" timestamp="2015-09-02T21:41:21Z" user="Lyubchenko Denis" uid="705874" lat="43.2482748" lon="76.8389666"/>
 <node id="3726715639" visible="true" version="1" changeset="33761653" timestamp="2015-09-02T21:41:21Z" user="Lyubchenko Denis" uid="705874" lat="43.2482855" lon="76.8389096"/>
 <node id="3726715640" visible="true" version="1" changeset="33761653" timestamp="2015-09-02T21:41:21Z" user="Lyubchenko Denis" uid="705874" lat="43.2482955" lon="76.8387491"/>
 <node id="3726715641" visible="true" version="1" changeset="33761653" timestamp="2015-09-02T21:41:21Z" user="Lyubchenko Denis" uid="705874" lat="43.2483159" lon="76.8394186"/>
 <node id="3726715642" visible="true" version="1" changeset="33761653" timestamp="2015-09-02T21:41:21Z" user="Lyubchenko Denis" uid="705874" lat="43.2483435" lon="76.8389746"/>
 <node id="3726715643" visible="true" version="1" changeset="33761653" timestamp="2015-09-02T21:41:21Z" user="Lyubchenko Denis" uid="705874" lat="43.2483590" lon="76.8389182"/>
 <node id="3726715644" visible="true" version="1" changeset="33761653" timestamp="2015-09-02T21:41:21Z" user="Lyubchenko Denis" uid="705874" lat="43.2483718" lon="76.8387115"/>
 <node id="3726715645" visible="true" version="1" changeset="33761653" timestamp="2015-09-02T21:41:21Z" user="Lyubchenko Denis" uid="705874" lat="43.2484527" lon="76.8394346"/>
 <node id="3726715646" visible="true" version="1" changeset="33761653" timestamp="2015-09-02T21:41:21Z" user="Lyubchenko Denis" uid="705874" lat="43.2484635" lon="76.8392602"/>
 <node id="3726715647" visible="true" version="1" changeset="33761653" timestamp="2015-09-02T21:41:21Z" user="Lyubchenko Denis" uid="705874" lat="43.2484759" lon="76.8391982"/>
 <node id="3726715648" visible="true" version="1" changeset="33761653" timestamp="2015-09-02T21:41:21Z" user="Lyubchenko Denis" uid="705874" lat="43.2485052" lon="76.8387271"/>
 <node id="3726715649" visible="true" version="1" changeset="33761653" timestamp="2015-09-02T21:41:21Z" user="Lyubchenko Denis" uid="705874" lat="43.2485242" lon="76.8394324"/>
 <node id="3726715650" visible="true" version="1" changeset="33761653" timestamp="2015-09-02T21:41:21Z" user="Lyubchenko Denis" uid="705874" lat="43.2485343" lon="76.8392684"/>
 <node id="3726715651" visible="true" version="1" changeset="33761653" timestamp="2015-09-02T21:41:22Z" user="Lyubchenko Denis" uid="705874" lat="43.2485456" lon="76.8392063"/>
 <node id="3726715652" visible="true" version="1" changeset="33761653" timestamp="2015-09-02T21:41:22Z" user="Lyubchenko Denis" uid="705874" lat="43.2485571" lon="76.8390206"/>
 <node id="3726715653" visible="true" version="1" changeset="33761653" timestamp="2015-09-02T21:41:22Z" user="Lyubchenko Denis" uid="705874" lat="43.2486425" lon="76.8394463"/>
 <node id="3726715654" visible="true" version="1" changeset="33761653" timestamp="2015-09-02T21:41:22Z" user="Lyubchenko Denis" uid="705874" lat="43.2486681" lon="76.8390336"/>
 <node id="3726715655" visible="true" version="1" changeset="33761653" timestamp="2015-09-02T21:41:22Z" user="Lyubchenko Denis" uid="705874" lat="43.2488918" lon="76.8390234"/>
 <node id="3726715656" visible="true" version="1" changeset="33761653" timestamp="2015-09-02T21:41:22Z" user="Lyubchenko Denis" uid="705874" lat="43.2488952" lon="76.8386585"/>
 <node id="3726715657" visible="true" version="1" changeset="33761653" timestamp="2015-09-02T21:41:22Z" user="Lyubchenko Denis" uid="705874" lat="43.2489994" lon="76.8390252"/>
 <node id="3726715658" visible="true" version="1" changeset="33761653" timestamp="2015-09-02T21:41:22Z" user="Lyubchenko Denis" uid="705874" lat="43.2490007" lon="76.8388796"/>
 <node id="3726715659" visible="true" version="1" changeset="33761653" timestamp="2015-09-02T21:41:22Z" user="Lyubchenko Denis" uid="705874" lat="43.2490084" lon="76.8388217"/>
 <node id="3726715660" visible="true" version="1" changeset="33761653" timestamp="2015-09-02T21:41:22Z" user="Lyubchenko Denis" uid="705874" lat="43.2490099" lon="76.8386606"/>
 <node id="3726715661" visible="true" version="1" changeset="33761653" timestamp="2015-09-02T21:41:22Z" user="Lyubchenko Denis" uid="705874" lat="43.2490655" lon="76.8393263"/>
 <node id="3726715662" visible="true" version="1" changeset="33761653" timestamp="2015-09-02T21:41:22Z" user="Lyubchenko Denis" uid="705874" lat="43.2490696" lon="76.8388808"/>
 <node id="3726715663" visible="true" version="1" changeset="33761653" timestamp="2015-09-02T21:41:22Z" user="Lyubchenko Denis" uid="705874" lat="43.2490821" lon="76.8388230"/>
 <node id="3726715664" visible="true" version="1" changeset="33761653" timestamp="2015-09-02T21:41:22Z" user="Lyubchenko Denis" uid="705874" lat="43.2490840" lon="76.8386155"/>
 <node id="3726715665" visible="true" version="1" changeset="33761653" timestamp="2015-09-02T21:41:22Z" user="Lyubchenko Denis" uid="705874" lat="43.2492028" lon="76.8393287"/>
 <node id="3726715666" visible="true" version="1" changeset="33761653" timestamp="2015-09-02T21:41:22Z" user="Lyubchenko Denis" uid="705874" lat="43.2492044" lon="76.8391536"/>
 <node id="3726715667" visible="true" version="1" changeset="33761653" timestamp="2015-09-02T21:41:22Z" user="Lyubchenko Denis" uid="705874" lat="43.2492135" lon="76.8390906"/>
 <node id="3726715668" visible="true" version="1" changeset="33761653" timestamp="2015-09-02T21:41:22Z" user="Lyubchenko Denis" uid="705874" lat="43.2492179" lon="76.8386179"/>
 <node id="3726715669" visible="true" version="1" changeset="33761653" timestamp="2015-09-02T21:41:22Z" user="Lyubchenko Denis" uid="705874" lat="43.2492739" lon="76.8393194"/>
 <node id="3726715670" visible="true" version="1" changeset="33761653" timestamp="2015-09-02T21:41:22Z" user="Lyubchenko Denis" uid="705874" lat="43.2492755" lon="76.8391549"/>
 <node id="3726715671" visible="true" version="1" changeset="33761653" timestamp="2015-09-02T21:41:22Z" user="Lyubchenko Denis" uid="705874" lat="43.2492834" lon="76.8390918"/>
 <node id="3726715672" visible="true" version="1" changeset="33761653" timestamp="2015-09-02T21:41:22Z" user="Lyubchenko Denis" uid="705874" lat="43.2492851" lon="76.8389054"/>
 <node id="3726715673" visible="true" version="1" changeset="33761653" timestamp="2015-09-02T21:41:22Z" user="Lyubchenko Denis" uid="705874" lat="43.2493927" lon="76.8393215"/>
 <node id="3726715674" visible="true" version="1" changeset="33761653" timestamp="2015-09-02T21:41:22Z" user="Lyubchenko Denis" uid="705874" lat="43.2493965" lon="76.8389073"/>
 <node id="3865921591" visible="true" version="2" changeset="61754648" timestamp="2018-08-17T18:52:55Z" user="Toliman" uid="204045" lat="43.2415656" lon="76.8292182">
  <tag k="power" v="tower"/>
 </node>
 <node id="3903220243" visible="true" version="1" changeset="36090242" timestamp="2015-12-21T16:49:54Z" user="Lyubchenko Denis" uid="705874" lat="43.2459476" lon="76.8398953">
  <tag k="name" v="Макс"/>
  <tag k="shop" v="convenience"/>
 </node>
 <node id="3903220244" visible="true" version="1" changeset="36090242" timestamp="2015-12-21T16:49:54Z" user="Lyubchenko Denis" uid="705874" lat="43.2419540" lon="76.8382250"/>
 <node id="3903220251" visible="true" version="2" changeset="45380095" timestamp="2017-01-22T21:54:54Z" user="_ANick_" uid="1686959" lat="43.2442513" lon="76.8382335"/>
 <node id="3903220252" visible="true" version="5" changeset="45492829" timestamp="2017-01-25T22:32:21Z" user="_ANick_" uid="1686959" lat="43.2444900" lon="76.8380783"/>
 <node id="3903220253" visible="true" version="1" changeset="36090242" timestamp="2015-12-21T16:49:54Z" user="Lyubchenko Denis" uid="705874" lat="43.2444761" lon="76.8385262"/>
 <node id="3903220254" visible="true" version="1" changeset="36090242" timestamp="2015-12-21T16:49:54Z" user="Lyubchenko Denis" uid="705874" lat="43.2446098" lon="76.8386318"/>
 <node id="3903220255" visible="true" version="1" changeset="36090242" timestamp="2015-12-21T16:49:54Z" user="Lyubchenko Denis" uid="705874" lat="43.2446612" lon="76.8388332"/>
 <node id="3903220256" visible="true" version="1" changeset="36090242" timestamp="2015-12-21T16:49:54Z" user="Lyubchenko Denis" uid="705874" lat="43.2447878" lon="76.8393098"/>
 <node id="3903227057" visible="true" version="1" changeset="36090242" timestamp="2015-12-21T16:49:54Z" user="Lyubchenko Denis" uid="705874" lat="43.2448982" lon="76.8398130"/>
 <node id="3903227058" visible="true" version="1" changeset="36090242" timestamp="2015-12-21T16:49:54Z" user="Lyubchenko Denis" uid="705874" lat="43.2450002" lon="76.8402396"/>
 <node id="3903227059" visible="true" version="1" changeset="36090242" timestamp="2015-12-21T16:49:54Z" user="Lyubchenko Denis" uid="705874" lat="43.2450244" lon="76.8402292"/>
 <node id="3903227060" visible="true" version="2" changeset="45380095" timestamp="2017-01-22T21:54:55Z" user="_ANick_" uid="1686959" lat="43.2450322" lon="76.8379287"/>
 <node id="3903227063" visible="true" version="2" changeset="45286309" timestamp="2017-01-19T01:11:09Z" user="Eva Blue" uid="4803528" lat="43.2451207" lon="76.8403572">
  <tag k="entrance" v="staircase"/>
 </node>
 <node id="3903227064" visible="true" version="1" changeset="36090242" timestamp="2015-12-21T16:49:54Z" user="Lyubchenko Denis" uid="705874" lat="43.2451026" lon="76.8383088"/>
 <node id="3903227065" visible="true" version="1" changeset="36090242" timestamp="2015-12-21T16:49:54Z" user="Lyubchenko Denis" uid="705874" lat="43.2451493" lon="76.8378961"/>
 <node id="3903227067" visible="true" version="2" changeset="45265082" timestamp="2017-01-18T09:01:05Z" user="Kate Diaz" uid="4803527" lat="43.2452001" lon="76.8401534"/>
 <node id="3903227069" visible="true" version="1" changeset="36090242" timestamp="2015-12-21T16:49:54Z" user="Lyubchenko Denis" uid="705874" lat="43.2452098" lon="76.8382989"/>
 <node id="3903227070" visible="true" version="2" changeset="45265082" timestamp="2017-01-18T09:01:05Z" user="Kate Diaz" uid="4803527" lat="43.2453012" lon="76.8402816">
  <tag k="entrance" v="staircase"/>
 </node>
 <node id="3903227071" visible="true" version="1" changeset="36090242" timestamp="2015-12-21T16:49:54Z" user="Lyubchenko Denis" uid="705874" lat="43.2453044" lon="76.8379181"/>
 <node id="3903227072" visible="true" version="1" changeset="36090242" timestamp="2015-12-21T16:49:54Z" user="Lyubchenko Denis" uid="705874" lat="43.2453332" lon="76.8416332"/>
 <node id="3903227073" visible="true" version="1" changeset="36090242" timestamp="2015-12-21T16:49:54Z" user="Lyubchenko Denis" uid="705874" lat="43.2453648" lon="76.8400823"/>
 <node id="3903227074" visible="true" version="2" changeset="40542800" timestamp="2016-07-07T13:45:21Z" user="Lyubchenko Denis" uid="705874" lat="43.2453622" lon="76.8384319"/>
 <node id="3903227075" visible="true" version="2" changeset="40542800" timestamp="2016-07-07T13:45:21Z" user="Lyubchenko Denis" uid="705874" lat="43.2454309" lon="76.8383944"/>
 <node id="3903227076" visible="true" version="2" changeset="45260551" timestamp="2017-01-18T03:35:51Z" user="Kate Diaz" uid="4803527" lat="43.2454693" lon="76.8402054">
  <tag k="entrance" v="staircase"/>
 </node>
 <node id="3903227077" visible="true" version="1" changeset="36090242" timestamp="2015-12-21T16:49:54Z" user="Lyubchenko Denis" uid="705874" lat="43.2454778" lon="76.8380277"/>
 <node id="3903227078" visible="true" version="2" changeset="40542800" timestamp="2016-07-07T13:45:21Z" user="Lyubchenko Denis" uid="705874" lat="43.2455112" lon="76.8386991"/>
 <node id="3903227079" visible="true" version="1" changeset="36090242" timestamp="2015-12-21T16:49:54Z" user="Lyubchenko Denis" uid="705874" lat="43.2455226" lon="76.8389921"/>
 <node id="3903227080" visible="true" version="2" changeset="40542800" timestamp="2016-07-07T13:45:21Z" user="Lyubchenko Denis" uid="705874" lat="43.2455372" lon="76.8382841"/>
 <node id="3903227081" visible="true" version="2" changeset="40542800" timestamp="2016-07-07T13:45:21Z" user="Lyubchenko Denis" uid="705874" lat="43.2455491" lon="76.8383296"/>
 <node id="3903227082" visible="true" version="2" changeset="40542800" timestamp="2016-07-07T13:45:21Z" user="Lyubchenko Denis" uid="705874" lat="43.2456308" lon="76.8386397"/>
 <node id="3903227083" visible="true" version="2" changeset="40542800" timestamp="2016-07-07T13:45:21Z" user="Lyubchenko Denis" uid="705874" lat="43.2456293" lon="76.8382854"/>
 <node id="3903227084" visible="true" version="1" changeset="36090242" timestamp="2015-12-21T16:49:54Z" user="Lyubchenko Denis" uid="705874" lat="43.2456562" lon="76.8394819"/>
 <node id="3903227085" visible="true" version="1" changeset="36090242" timestamp="2015-12-21T16:49:54Z" user="Lyubchenko Denis" uid="705874" lat="43.2456763" lon="76.8384160"/>
 <node id="3903227086" visible="true" version="1" changeset="36090242" timestamp="2015-12-21T16:49:54Z" user="Lyubchenko Denis" uid="705874" lat="43.2460270" lon="76.8397458"/>
 <node id="3903227087" visible="true" version="1" changeset="36090242" timestamp="2015-12-21T16:49:54Z" user="Lyubchenko Denis" uid="705874" lat="43.2463526" lon="76.8406859"/>
 <node id="3903227088" visible="true" version="1" changeset="36090242" timestamp="2015-12-21T16:49:54Z" user="Lyubchenko Denis" uid="705874" lat="43.2465623" lon="76.8409959"/>
 <node id="3903227089" visible="true" version="1" changeset="36090242" timestamp="2015-12-21T16:49:54Z" user="Lyubchenko Denis" uid="705874" lat="43.2470269" lon="76.8420280"/>
 <node id="3903227090" visible="true" version="1" changeset="36090242" timestamp="2015-12-21T16:49:54Z" user="Lyubchenko Denis" uid="705874" lat="43.2471172" lon="76.8421298"/>
 <node id="3903227091" visible="true" version="2" changeset="42433632" timestamp="2016-09-25T22:45:30Z" user="_ANick_" uid="1686959" lat="43.2474929" lon="76.8419182"/>
 <node id="3937751992" visible="true" version="2" changeset="135178704" timestamp="2023-04-21T06:38:56Z" user="若言1" uid="18816691" lat="43.2248066" lon="76.6309763"/>
 <node id="3937751993" visible="true" version="2" changeset="135178704" timestamp="2023-04-21T06:38:56Z" user="若言1" uid="18816691" lat="43.2248132" lon="76.6308353"/>
 <node id="4077163745" visible="true" version="2" changeset="61754648" timestamp="2018-08-17T18:52:55Z" user="Toliman" uid="204045" lat="43.2410771" lon="76.8264263">
  <tag k="power" v="tower"/>
 </node>
 <node id="4080252436" visible="true" version="2" changeset="118825057" timestamp="2022-03-23T14:47:37Z" user="马陵秋月" uid="9073438" lat="43.2434888" lon="76.8477925">
  <tag k="highway" v="crossing"/>
 </node>
 <node id="4080267496" visible="true" version="1" changeset="38087134" timestamp="2016-03-26T17:42:44Z" user="Lyubchenko Denis" uid="705874" lat="43.2461036" lon="76.8404185"/>
 <node id="4087258196" visible="true" version="1" changeset="38184615" timestamp="2016-03-30T23:11:52Z" user="Lyubchenko Denis" uid="705874" lat="43.2476841" lon="76.8427118"/>
 <node id="4087258197" visible="true" version="1" changeset="38184615" timestamp="2016-03-30T23:11:52Z" user="Lyubchenko Denis" uid="705874" lat="43.2479302" lon="76.8424825"/>
 <node id="4272684291" visible="true" version="1" changeset="40381131" timestamp="2016-06-30T04:25:58Z" user="Mir3dkz" uid="4186103" lat="43.2480159" lon="76.8440352">
  <tag k="leisure" v="sauna"/>
  <tag k="name" v="Банный комплекс &quot;Хуторок&quot;"/>
  <tag k="opening_hours" v="24/7"/>
  <tag k="phone" v="+77017614999"/>
  <tag k="website" v="http://bany.kz/index/?id=792"/>
 </node>
 <node id="4288325422" visible="true" version="2" changeset="45492829" timestamp="2017-01-25T22:32:22Z" user="_ANick_" uid="1686959" lat="43.2442380" lon="76.8373844"/>
 <node id="4288325423" visible="true" version="4" changeset="45492829" timestamp="2017-01-25T22:32:22Z" user="_ANick_" uid="1686959" lat="43.2443581" lon="76.8373384"/>
 <node id="4288325424" visible="true" version="4" changeset="45492829" timestamp="2017-01-25T22:32:22Z" user="_ANick_" uid="1686959" lat="43.2445904" lon="76.8380351"/>
 <node id="4288325426" visible="true" version="2" changeset="59609318" timestamp="2018-06-06T16:56:12Z" user="MNbrn" uid="6319160" lat="43.2445126" lon="76.8337767"/>
 <node id="4288325428" visible="true" version="1" changeset="40542800" timestamp="2016-07-07T13:45:16Z" user="Lyubchenko Denis" uid="705874" lat="43.2446574" lon="76.8343551"/>
 <node id="4288325429" visible="true" version="1" changeset="40542800" timestamp="2016-07-07T13:45:16Z" user="Lyubchenko Denis" uid="705874" lat="43.2447018" lon="76.8350046"/>
 <node id="4288325430" visible="true" version="2" changeset="53404402" timestamp="2017-10-31T18:51:03Z" user="Ropino" uid="42123" lat="43.2447889" lon="76.8363764">
  <tag k="noexit" v="yes"/>
 </node>
 <node id="4288325431" visible="true" version="1" changeset="40542800" timestamp="2016-07-07T13:45:16Z" user="Lyubchenko Denis" uid="705874" lat="43.2447345" lon="76.8347656"/>
 <node id="4288325432" visible="true" version="1" changeset="40542800" timestamp="2016-07-07T13:45:16Z" user="Lyubchenko Denis" uid="705874" lat="43.2447579" lon="76.8350110"/>
 <node id="4288325433" visible="true" version="3" changeset="45492829" timestamp="2017-01-25T22:32:22Z" user="_ANick_" uid="1686959" lat="43.2447954" lon="76.8345129"/>
 <node id="4288325434" visible="true" version="1" changeset="40542800" timestamp="2016-07-07T13:45:16Z" user="Lyubchenko Denis" uid="705874" lat="43.2447883" lon="76.8354135"/>
 <node id="4288325435" visible="true" version="2" changeset="53404402" timestamp="2017-10-31T18:51:03Z" user="Ropino" uid="42123" lat="43.2448877" lon="76.8357759"/>
 <node id="4288325436" visible="true" version="3" changeset="45521446" timestamp="2017-01-26T17:42:29Z" user="Lexi Johnson" uid="4803526" lat="43.2450065" lon="76.8380532"/>
 <node id="4288325437" visible="true" version="3" changeset="45521446" timestamp="2017-01-26T17:42:29Z" user="Lexi Johnson" uid="4803526" lat="43.2450437" lon="76.8382440"/>
 <node id="4288325438" visible="true" version="1" changeset="40542800" timestamp="2016-07-07T13:45:17Z" user="Lyubchenko Denis" uid="705874" lat="43.2453940" lon="76.8385430"/>
 <node id="4288325441" visible="true" version="1" changeset="40542800" timestamp="2016-07-07T13:45:17Z" user="Lyubchenko Denis" uid="705874" lat="43.2456707" lon="76.8384003"/>
 <node id="4294926261" visible="true" version="5" changeset="122193090" timestamp="2022-06-10T06:20:06Z" user="SEVEN" uid="127989" lat="43.2428097" lon="76.8383799"/>
 <node id="4294926262" visible="true" version="1" changeset="40635917" timestamp="2016-07-10T18:34:11Z" user="Lyubchenko Denis" uid="705874" lat="43.2428731" lon="76.8387148"/>
 <node id="4294926267" visible="true" version="5" changeset="122193090" timestamp="2022-06-10T06:20:06Z" user="SEVEN" uid="127989" lat="43.2433931" lon="76.8381790"/>
 <node id="4294926268" visible="true" version="1" changeset="40635917" timestamp="2016-07-10T18:34:12Z" user="Lyubchenko Denis" uid="705874" lat="43.2434588" lon="76.8385140"/>
 <node id="4315812474" visible="true" version="3" changeset="45380095" timestamp="2017-01-22T21:54:56Z" user="_ANick_" uid="1686959" lat="43.2451078" lon="76.8377455"/>
 <node id="4315812477" visible="true" version="8" changeset="159543227" timestamp="2024-11-24T17:38:52Z" user="LexIgnatov" uid="316868" lat="43.2447212" lon="76.8377251"/>
 <node id="4315812480" visible="true" version="2" changeset="45492829" timestamp="2017-01-25T22:32:22Z" user="_ANick_" uid="1686959" lat="43.2489811" lon="76.8377861"/>
 <node id="4353166161" visible="true" version="2" changeset="140513660" timestamp="2023-08-28T21:25:35Z" user="LexIgnatov" uid="316868" lat="43.2432372" lon="76.8378128"/>
 <node id="4394180810" visible="true" version="7" changeset="122193090" timestamp="2022-06-10T06:20:06Z" user="SEVEN" uid="127989" lat="43.2533484" lon="76.8392889"/>
 <node id="4418238090" visible="true" version="2" changeset="45492829" timestamp="2017-01-25T22:32:27Z" user="_ANick_" uid="1686959" lat="43.2404688" lon="76.8289838"/>
 <node id="4418238099" visible="true" version="2" changeset="45492829" timestamp="2017-01-25T22:32:27Z" user="_ANick_" uid="1686959" lat="43.2436575" lon="76.8297415"/>
 <node id="4418238101" visible="true" version="3" changeset="45492829" timestamp="2017-01-25T22:32:27Z" user="_ANick_" uid="1686959" lat="43.2444287" lon="76.8374758"/>
 <node id="4418238102" visible="true" version="2" changeset="45492829" timestamp="2017-01-25T22:32:27Z" user="_ANick_" uid="1686959" lat="43.2449531" lon="76.8364400"/>
 <node id="4418238103" visible="true" version="2" changeset="45492829" timestamp="2017-01-25T22:32:27Z" user="_ANick_" uid="1686959" lat="43.2450528" lon="76.8361154"/>
 <node id="4418238104" visible="true" version="3" changeset="45492829" timestamp="2017-01-25T22:32:27Z" user="_ANick_" uid="1686959" lat="43.2451518" lon="76.8361903"/>
 <node id="4418238105" visible="true" version="1" changeset="42433632" timestamp="2016-09-25T22:42:51Z" user="_ANick_" uid="1686959" lat="43.2451942" lon="76.8349553"/>
 <node id="4418238106" visible="true" version="2" changeset="45380095" timestamp="2017-01-22T21:55:02Z" user="_ANick_" uid="1686959" lat="43.2452376" lon="76.8377395"/>
 <node id="4418238107" visible="true" version="3" changeset="45492829" timestamp="2017-01-25T22:32:27Z" user="_ANick_" uid="1686959" lat="43.2452346" lon="76.8366701"/>
 <node id="4418238108" visible="true" version="3" changeset="45492829" timestamp="2017-01-25T22:32:27Z" user="_ANick_" uid="1686959" lat="43.2452805" lon="76.8367573"/>
 <node id="4418238109" visible="true" version="4" changeset="122193090" timestamp="2022-06-10T06:20:06Z" user="SEVEN" uid="127989" lat="43.2454113" lon="76.8366090"/>
 <node id="4418238110" visible="true" version="1" changeset="42433632" timestamp="2016-09-25T22:42:52Z" user="_ANick_" uid="1686959" lat="43.2455420" lon="76.8366800"/>
 <node id="4418238112" visible="true" version="2" changeset="45492829" timestamp="2017-01-25T22:32:27Z" user="_ANick_" uid="1686959" lat="43.2459270" lon="76.8362360"/>
 <node id="4418238113" visible="true" version="3" changeset="158525613" timestamp="2024-10-30T05:41:02Z" user="nuruk" uid="20180657" lat="43.2463024" lon="76.8384800">
  <tag k="highway" v="give_way"/>
 </node>
 <node id="4418238114" visible="true" version="1" changeset="42433632" timestamp="2016-09-25T22:42:52Z" user="_ANick_" uid="1686959" lat="43.2466764" lon="76.8388118"/>
 <node id="4418238115" visible="true" version="1" changeset="42433632" timestamp="2016-09-25T22:42:52Z" user="_ANick_" uid="1686959" lat="43.2467448" lon="76.8387769"/>
 <node id="4418238116" visible="true" version="2" changeset="122193090" timestamp="2022-06-10T06:20:06Z" user="SEVEN" uid="127989" lat="43.2470418" lon="76.8385141"/>
 <node id="4418238117" visible="true" version="2" changeset="122193090" timestamp="2022-06-10T06:20:06Z" user="SEVEN" uid="127989" lat="43.2473280" lon="76.8382271"/>
 <node id="4418238118" visible="true" version="1" changeset="42433632" timestamp="2016-09-25T22:42:53Z" user="_ANick_" uid="1686959" lat="43.2473876" lon="76.8380796"/>
 <node id="4418238119" visible="true" version="1" changeset="42433632" timestamp="2016-09-25T22:42:53Z" user="_ANick_" uid="1686959" lat="43.2474695" lon="76.8420743"/>
 <node id="4418238120" visible="true" version="1" changeset="42433632" timestamp="2016-09-25T22:42:53Z" user="_ANick_" uid="1686959" lat="43.2477636" lon="76.8420690"/>
 <node id="4529732802" visible="true" version="5" changeset="155930029" timestamp="2024-08-29T13:49:19Z" user="kate_rocketdata" uid="12100948" lat="43.2444855" lon="76.8360536">
  <tag k="contact:email" v="contact-center@monamie.kz"/>
  <tag k="contact:facebook" v="https://www.facebook.com/MonAmieShops"/>
  <tag k="contact:instagram" v="https://www.instagram.com/monamie.kz"/>
  <tag k="contact:phone" v="+7 727 343 5764;+7 747 949 5032;7405"/>
  <tag k="contact:vk" v="https://vk.com/monamiekz"/>
  <tag k="contact:website" v="https://www.monamie.kz/"/>
  <tag k="name" v="MonAmie"/>
  <tag k="name:en" v="MonAmie"/>
  <tag k="opening_hours" v="Mo-Su 10:00-22:00"/>
  <tag k="operator" v="MonAmie.kz"/>
  <tag k="shop" v="cosmetics"/>
 </node>
 <node id="4615830038" visible="true" version="1" changeset="45264368" timestamp="2017-01-18T08:23:55Z" user="Eva Blue" uid="4803528" lat="43.2466711" lon="76.8380812"/>
 <node id="4615830039" visible="true" version="1" changeset="45264368" timestamp="2017-01-18T08:23:55Z" user="Eva Blue" uid="4803528" lat="43.2465607" lon="76.8379596"/>
 <node id="4615830040" visible="true" version="1" changeset="45264368" timestamp="2017-01-18T08:23:55Z" user="Eva Blue" uid="4803528" lat="43.2464640" lon="76.8381300"/>
 <node id="4617415782" visible="true" version="2" changeset="130204275" timestamp="2022-12-18T07:40:14Z" user="dressed-pleasekin" uid="11175011" lat="43.2441015" lon="76.8359789"/>
 <node id="4617415783" visible="true" version="2" changeset="130204275" timestamp="2022-12-18T07:40:14Z" user="dressed-pleasekin" uid="11175011" lat="43.2440630" lon="76.8359975"/>
 <node id="4617415784" visible="true" version="2" changeset="130204275" timestamp="2022-12-18T07:40:14Z" user="dressed-pleasekin" uid="11175011" lat="43.2447329" lon="76.8356691"/>
 <node id="4617415785" visible="true" version="2" changeset="130204275" timestamp="2022-12-18T07:40:14Z" user="dressed-pleasekin" uid="11175011" lat="43.2447720" lon="76.8356835"/>
 <node id="4617431905" visible="true" version="2" changeset="45521446" timestamp="2017-01-26T17:42:29Z" user="Lexi Johnson" uid="4803526" lat="43.2451917" lon="76.8381895"/>
 <node id="4617431906" visible="true" version="2" changeset="45521446" timestamp="2017-01-26T17:42:29Z" user="Lexi Johnson" uid="4803526" lat="43.2450866" lon="76.8382282"/>
 <node id="4617431907" visible="true" version="2" changeset="45521446" timestamp="2017-01-26T17:42:29Z" user="Lexi Johnson" uid="4803526" lat="43.2450519" lon="76.8380365"/>
 <node id="4617431908" visible="true" version="2" changeset="45521446" timestamp="2017-01-26T17:42:29Z" user="Lexi Johnson" uid="4803526" lat="43.2451519" lon="76.8379997"/>
 <node id="4617446347" visible="true" version="1" changeset="45286581" timestamp="2017-01-19T01:44:56Z" user="Eva Blue" uid="4803528" lat="43.2455798" lon="76.8384461"/>
 <node id="4617446349" visible="true" version="1" changeset="45286581" timestamp="2017-01-19T01:44:56Z" user="Eva Blue" uid="4803528" lat="43.2454609" lon="76.8385083"/>
 <node id="4624267513" visible="true" version="3" changeset="66243058" timestamp="2019-01-12T02:25:38Z" user="whatmeinfallible" uid="7150022" lat="43.2518776" lon="76.8384479"/>
 <node id="4624267518" visible="true" version="1" changeset="45380095" timestamp="2017-01-22T21:54:11Z" user="_ANick_" uid="1686959" lat="43.2446289" lon="76.8381452"/>
 <node id="4624267519" visible="true" version="1" changeset="45380095" timestamp="2017-01-22T21:54:11Z" user="_ANick_" uid="1686959" lat="43.2444741" lon="76.8382036"/>
 <node id="4624267520" visible="true" version="1" changeset="45380095" timestamp="2017-01-22T21:54:11Z" user="_ANick_" uid="1686959" lat="43.2444143" lon="76.8381693"/>
 <node id="4624267521" visible="true" version="1" changeset="45380095" timestamp="2017-01-22T21:54:11Z" user="_ANick_" uid="1686959" lat="43.2446366" lon="76.8380828"/>
 <node id="4624267522" visible="true" version="2" changeset="45492829" timestamp="2017-01-25T22:32:29Z" user="_ANick_" uid="1686959" lat="43.2476152" lon="76.8378860"/>
 <node id="4624267523" visible="true" version="2" changeset="45492829" timestamp="2017-01-25T22:32:29Z" user="_ANick_" uid="1686959" lat="43.2451556" lon="76.8376113"/>
 <node id="4624267524" visible="true" version="2" changeset="45492829" timestamp="2017-01-25T22:32:29Z" user="_ANick_" uid="1686959" lat="43.2457023" lon="76.8374935"/>
 <node id="4633549429" visible="true" version="2" changeset="66243058" timestamp="2019-01-12T02:25:38Z" user="whatmeinfallible" uid="7150022" lat="43.2490746" lon="76.8375081"/>
 <node id="4633549430" visible="true" version="1" changeset="45492829" timestamp="2017-01-25T22:31:57Z" user="_ANick_" uid="1686959" lat="43.2475789" lon="76.8373075"/>
 <node id="4633549432" visible="true" version="1" changeset="45492829" timestamp="2017-01-25T22:31:57Z" user="_ANick_" uid="1686959" lat="43.2447280" lon="76.8371233"/>
 <node id="4633549433" visible="true" version="1" changeset="45492829" timestamp="2017-01-25T22:31:57Z" user="_ANick_" uid="1686959" lat="43.2448183" lon="76.8372472"/>
 <node id="4633549434" visible="true" version="1" changeset="45492829" timestamp="2017-01-25T22:31:57Z" user="_ANick_" uid="1686959" lat="43.2474247" lon="76.8380694"/>
 <node id="4633549435" visible="true" version="1" changeset="45492829" timestamp="2017-01-25T22:31:57Z" user="_ANick_" uid="1686959" lat="43.2473539" lon="76.8377613"/>
 <node id="4633549436" visible="true" version="1" changeset="45492829" timestamp="2017-01-25T22:31:57Z" user="_ANick_" uid="1686959" lat="43.2473036" lon="76.8377203"/>
 <node id="4633549437" visible="true" version="2" changeset="132831963" timestamp="2023-02-21T11:48:48Z" user="LakeTopozero" uid="17110754" lat="43.2491375" lon="76.8377946"/>
 <node id="4633549696" visible="true" version="1" changeset="45492829" timestamp="2017-01-25T22:31:56Z" user="_ANick_" uid="1686959" lat="43.2460907" lon="76.8375011"/>
 <node id="4633549697" visible="true" version="2" changeset="66243058" timestamp="2019-01-12T02:25:38Z" user="whatmeinfallible" uid="7150022" lat="43.2514724" lon="76.8382460"/>
 <node id="4633549698" visible="true" version="2" changeset="66243058" timestamp="2019-01-12T02:25:38Z" user="whatmeinfallible" uid="7150022" lat="43.2527788" lon="76.8389350"/>
 <node id="4702096390" visible="true" version="7" changeset="140162780" timestamp="2023-08-21T06:05:20Z" user="NorthCrab" uid="15215305" lat="43.2488364" lon="76.8371372">
  <tag k="amenity" v="pharmacy"/>
  <tag k="name:ru" v="МТ фарм Аптечный склад"/>
 </node>
 <node id="4703961179" visible="true" version="1" changeset="46374414" timestamp="2017-02-24T18:00:17Z" user="Lyubchenko Denis" uid="705874" lat="43.2383749" lon="76.8231874">
  <tag k="power" v="tower"/>
 </node>
 <node id="4704737652" visible="true" version="1" changeset="46385627" timestamp="2017-02-25T05:25:43Z" user="chnav" uid="248768" lat="43.1950796" lon="76.3077740">
  <tag k="power" v="tower"/>
 </node>
 <node id="4704737653" visible="true" version="1" changeset="46385627" timestamp="2017-02-25T05:25:43Z" user="chnav" uid="248768" lat="43.1962600" lon="76.3108045">
  <tag k="power" v="tower"/>
 </node>
 <node id="4704737654" visible="true" version="1" changeset="46385627" timestamp="2017-02-25T05:25:43Z" user="chnav" uid="248768" lat="43.1993064" lon="76.3185507">
  <tag k="power" v="tower"/>
 </node>
 <node id="4704737655" visible="true" version="1" changeset="46385627" timestamp="2017-02-25T05:25:43Z" user="chnav" uid="248768" lat="43.2089999" lon="76.3431734">
  <tag k="power" v="tower"/>
 </node>
 <node id="4704737656" visible="true" version="1" changeset="46385627" timestamp="2017-02-25T05:25:43Z" user="chnav" uid="248768" lat="43.2190065" lon="76.3685525">
  <tag k="power" v="tower"/>
 </node>
 <node id="4704737657" visible="true" version="1" changeset="46385627" timestamp="2017-02-25T05:25:43Z" user="chnav" uid="248768" lat="43.2198196" lon="76.3732731">
  <tag k="power" v="tower"/>
 </node>
 <node id="4704737658" visible="true" version="1" changeset="46385627" timestamp="2017-02-25T05:25:43Z" user="chnav" uid="248768" lat="43.2213480" lon="76.3828326">
  <tag k="power" v="tower"/>
 </node>
 <node id="4704737659" visible="true" version="1" changeset="46385627" timestamp="2017-02-25T05:25:43Z" user="chnav" uid="248768" lat="43.2228296" lon="76.3923008">
  <tag k="power" v="tower"/>
 </node>
 <node id="4704737660" visible="true" version="1" changeset="46385627" timestamp="2017-02-25T05:25:43Z" user="chnav" uid="248768" lat="43.2233768" lon="76.3957976">
  <tag k="power" v="tower"/>
 </node>
 <node id="4705204031" visible="true" version="1" changeset="46393667" timestamp="2017-02-25T13:58:03Z" user="chnav" uid="248768" lat="43.2058449" lon="76.6865133">
  <tag k="power" v="tower"/>
 </node>
 <node id="4705204032" visible="true" version="1" changeset="46393667" timestamp="2017-02-25T13:58:03Z" user="chnav" uid="248768" lat="43.2064649" lon="76.6900592">
  <tag k="power" v="tower"/>
 </node>
 <node id="4705204033" visible="true" version="1" changeset="46393667" timestamp="2017-02-25T13:58:03Z" user="chnav" uid="248768" lat="43.2074574" lon="76.6957350">
  <tag k="power" v="tower"/>
 </node>
 <node id="4705204034" visible="true" version="1" changeset="46393667" timestamp="2017-02-25T13:58:03Z" user="chnav" uid="248768" lat="43.2082306" lon="76.6839467">
  <tag k="power" v="tower"/>
 </node>
 <node id="4705204035" visible="true" version="1" changeset="46393667" timestamp="2017-02-25T13:58:03Z" user="chnav" uid="248768" lat="43.2092325" lon="76.7058871">
  <tag k="power" v="tower"/>
 </node>
 <node id="4705204036" visible="true" version="1" changeset="46393667" timestamp="2017-02-25T13:58:03Z" user="chnav" uid="248768" lat="43.2109293" lon="76.6810431">
  <tag k="power" v="tower"/>
 </node>
 <node id="4705204037" visible="true" version="1" changeset="46393667" timestamp="2017-02-25T13:58:03Z" user="chnav" uid="248768" lat="43.2138958" lon="76.6778513">
  <tag k="power" v="tower"/>
 </node>
 <node id="4705204038" visible="true" version="1" changeset="46393667" timestamp="2017-02-25T13:58:03Z" user="chnav" uid="248768" lat="43.2181435" lon="76.6658672">
  <tag k="power" v="tower"/>
 </node>
 <node id="4705204039" visible="true" version="1" changeset="46393667" timestamp="2017-02-25T13:58:03Z" user="chnav" uid="248768" lat="43.2192244" lon="76.6628095">
  <tag k="power" v="tower"/>
 </node>
 <node id="4705204040" visible="true" version="1" changeset="46393667" timestamp="2017-02-25T13:58:03Z" user="chnav" uid="248768" lat="43.2208018" lon="76.6584161">
  <tag k="power" v="tower"/>
 </node>
 <node id="4705204041" visible="true" version="1" changeset="46393667" timestamp="2017-02-25T13:58:03Z" user="chnav" uid="248768" lat="43.2239046" lon="76.3991702">
  <tag k="power" v="tower"/>
 </node>
 <node id="4705204044" visible="true" version="1" changeset="46393667" timestamp="2017-02-25T13:58:03Z" user="chnav" uid="248768" lat="43.2247759" lon="76.6473463">
  <tag k="power" v="tower"/>
 </node>
 <node id="4705204045" visible="true" version="1" changeset="46393667" timestamp="2017-02-25T13:58:03Z" user="chnav" uid="248768" lat="43.2250421" lon="76.5930186">
  <tag k="power" v="tower"/>
 </node>
 <node id="4705204046" visible="true" version="1" changeset="46393667" timestamp="2017-02-25T13:58:03Z" user="chnav" uid="248768" lat="43.2251987" lon="76.5485072">
  <tag k="power" v="tower"/>
 </node>
 <node id="4705204047" visible="true" version="1" changeset="46393667" timestamp="2017-02-25T13:58:03Z" user="chnav" uid="248768" lat="43.2252947" lon="76.5212385">
  <tag k="power" v="tower"/>
 </node>
 <node id="4705204048" visible="true" version="1" changeset="46393667" timestamp="2017-02-25T13:58:03Z" user="chnav" uid="248768" lat="43.2256693" lon="76.4147776">
  <tag k="power" v="tower"/>
 </node>
 <node id="4705204049" visible="true" version="1" changeset="46393667" timestamp="2017-02-25T13:58:03Z" user="chnav" uid="248768" lat="43.2256548" lon="76.4188761">
  <tag k="power" v="tower"/>
 </node>
 <node id="4705204050" visible="true" version="1" changeset="46393667" timestamp="2017-02-25T13:58:03Z" user="chnav" uid="248768" lat="43.2256851" lon="76.4102823">
  <tag k="power" v="tower"/>
 </node>
 <node id="4705291007" visible="true" version="1" changeset="46395304" timestamp="2017-02-25T15:11:29Z" user="chnav" uid="248768" lat="43.2083707" lon="76.7009585">
  <tag k="power" v="tower"/>
 </node>
 <node id="4705291008" visible="true" version="1" changeset="46395304" timestamp="2017-02-25T15:11:29Z" user="chnav" uid="248768" lat="43.2100281" lon="76.7105157">
  <tag k="power" v="tower"/>
 </node>
 <node id="4705291009" visible="true" version="1" changeset="46395304" timestamp="2017-02-25T15:11:29Z" user="chnav" uid="248768" lat="43.2108204" lon="76.7151256">
  <tag k="power" v="tower"/>
 </node>
 <node id="4705291010" visible="true" version="1" changeset="46395304" timestamp="2017-02-25T15:11:29Z" user="chnav" uid="248768" lat="43.2115012" lon="76.7190219">
  <tag k="power" v="tower"/>
 </node>
 <node id="4705291011" visible="true" version="1" changeset="46395304" timestamp="2017-02-25T15:11:29Z" user="chnav" uid="248768" lat="43.2121873" lon="76.7227770">
  <tag k="power" v="tower"/>
 </node>
 <node id="4705291012" visible="true" version="2" changeset="143485600" timestamp="2023-11-01T16:51:49Z" user="dressed-pleasekin" uid="11175011" lat="43.2130023" lon="76.7276096">
  <tag k="power" v="tower"/>
 </node>
 <node id="4705291013" visible="true" version="2" changeset="143485600" timestamp="2023-11-01T16:51:49Z" user="dressed-pleasekin" uid="11175011" lat="43.2138048" lon="76.7324560">
  <tag k="power" v="tower"/>
 </node>
 <node id="4705291014" visible="true" version="1" changeset="46395304" timestamp="2017-02-25T15:11:29Z" user="chnav" uid="248768" lat="43.2144862" lon="76.7364536">
  <tag k="power" v="tower"/>
 </node>
 <node id="4705291015" visible="true" version="1" changeset="46395304" timestamp="2017-02-25T15:11:29Z" user="chnav" uid="248768" lat="43.2155320" lon="76.7421935">
  <tag k="power" v="tower"/>
 </node>
 <node id="4705291016" visible="true" version="1" changeset="46395304" timestamp="2017-02-25T15:11:29Z" user="chnav" uid="248768" lat="43.2171155" lon="76.7508469">
  <tag k="power" v="tower"/>
 </node>
 <node id="4705291017" visible="true" version="1" changeset="46395304" timestamp="2017-02-25T15:11:29Z" user="chnav" uid="248768" lat="43.2179997" lon="76.7556791">
  <tag k="power" v="tower"/>
 </node>
 <node id="4705291018" visible="true" version="1" changeset="46395304" timestamp="2017-02-25T15:11:29Z" user="chnav" uid="248768" lat="43.2188729" lon="76.7604515">
  <tag k="power" v="tower"/>
 </node>
 <node id="4705291019" visible="true" version="1" changeset="46395304" timestamp="2017-02-25T15:11:29Z" user="chnav" uid="248768" lat="43.2205166" lon="76.7694343">
  <tag k="power" v="tower"/>
 </node>
 <node id="4705291020" visible="true" version="1" changeset="46395304" timestamp="2017-02-25T15:11:29Z" user="chnav" uid="248768" lat="43.2213611" lon="76.7740497">
  <tag k="power" v="tower"/>
 </node>
 <node id="4705291021" visible="true" version="1" changeset="46395304" timestamp="2017-02-25T15:11:29Z" user="chnav" uid="248768" lat="43.2230528" lon="76.7832956">
  <tag k="power" v="tower"/>
 </node>
 <node id="4705291022" visible="true" version="2" changeset="78755452" timestamp="2019-12-23T06:06:23Z" user="DiscountTaxi" uid="10122872" lat="43.2278421" lon="76.7915081">
  <tag k="power" v="tower"/>
 </node>
 <node id="4705291024" visible="true" version="1" changeset="46395304" timestamp="2017-02-25T15:11:29Z" user="chnav" uid="248768" lat="43.2256918" lon="76.7976902">
  <tag k="power" v="tower"/>
 </node>
 <node id="4705291025" visible="true" version="1" changeset="46395304" timestamp="2017-02-25T15:11:29Z" user="chnav" uid="248768" lat="43.2265307" lon="76.8022654">
  <tag k="power" v="tower"/>
 </node>
 <node id="4705291026" visible="true" version="1" changeset="46395304" timestamp="2017-02-25T15:11:29Z" user="chnav" uid="248768" lat="43.2272139" lon="76.8059908">
  <tag k="power" v="tower"/>
 </node>
 <node id="4705291027" visible="true" version="2" changeset="61754648" timestamp="2018-08-17T18:52:55Z" user="Toliman" uid="204045" lat="43.2297152" lon="76.8086950">
  <tag k="power" v="tower"/>
 </node>
 <node id="4962081262" visible="true" version="3" changeset="64522376" timestamp="2018-11-15T10:30:38Z" user="MNbrn" uid="6319160" lat="43.2437941" lon="76.8367851"/>
 <node id="4962081263" visible="true" version="3" changeset="64522376" timestamp="2018-11-15T10:30:38Z" user="MNbrn" uid="6319160" lat="43.2435364" lon="76.8357941"/>
 <node id="4962081264" visible="true" version="3" changeset="64522376" timestamp="2018-11-15T10:30:38Z" user="MNbrn" uid="6319160" lat="43.2434034" lon="76.8352577"/>
 <node id="4962081266" visible="true" version="3" changeset="64522376" timestamp="2018-11-15T10:30:38Z" user="MNbrn" uid="6319160" lat="43.2437931" lon="76.8350047"/>
 <node id="5123872406" visible="true" version="1" changeset="52297014" timestamp="2017-09-23T08:00:27Z" user="Lyubchenko Denis" uid="705874" lat="43.1935064" lon="76.3004812">
  <tag k="power" v="tower"/>
 </node>
 <node id="5202817228" visible="true" version="2" changeset="130204275" timestamp="2022-12-18T07:40:14Z" user="dressed-pleasekin" uid="11175011" lat="43.2447054" lon="76.8360228">
  <tag k="entrance" v="yes"/>
 </node>
 <node id="5202817229" visible="true" version="1" changeset="53404402" timestamp="2017-10-31T18:51:03Z" user="Ropino" uid="42123" lat="43.2447924" lon="76.8355250"/>
 <node id="5202817230" visible="true" version="1" changeset="53404402" timestamp="2017-10-31T18:51:03Z" user="Ropino" uid="42123" lat="43.2447358" lon="76.8358818"/>
 <node id="5202817231" visible="true" version="1" changeset="53404402" timestamp="2017-10-31T18:51:03Z" user="Ropino" uid="42123" lat="43.2447885" lon="76.8359300"/>
 <node id="5202817232" visible="true" version="1" changeset="53404402" timestamp="2017-10-31T18:51:03Z" user="Ropino" uid="42123" lat="43.2447084" lon="76.8363699"/>
 <node id="5202817233" visible="true" version="1" changeset="53404402" timestamp="2017-10-31T18:51:03Z" user="Ropino" uid="42123" lat="43.2448589" lon="76.8364289"/>
 <node id="5202817234" visible="true" version="1" changeset="53404402" timestamp="2017-10-31T18:51:03Z" user="Ropino" uid="42123" lat="43.2449468" lon="76.8359140"/>
 <node id="5233246004" visible="true" version="1" changeset="53851157" timestamp="2017-11-16T18:19:22Z" user="Порфирий" uid="5598083" lat="43.2286232" lon="76.8075311">
  <tag k="power" v="tower"/>
 </node>
 <node id="5254388146" visible="true" version="1" changeset="54183556" timestamp="2017-11-29T17:19:19Z" user="justice-king" uid="7105083" lat="43.2458986" lon="76.8399569">
  <tag k="shop" v="hairdresser"/>
 </node>
 <node id="5254389644" visible="true" version="1" changeset="54183572" timestamp="2017-11-29T17:20:18Z" user="justice-king" uid="7105083" lat="43.2462361" lon="76.8406596">
  <tag k="shop" v="beauty"/>
 </node>
 <node id="5254389853" visible="true" version="1" changeset="54183579" timestamp="2017-11-29T17:20:39Z" user="justice-king" uid="7105083" lat="43.2462185" lon="76.8406033">
  <tag k="amenity" v="pharmacy"/>
  <tag k="healthcare" v="pharmacy"/>
 </node>
 <node id="5254390927" visible="true" version="1" changeset="54183605" timestamp="2017-11-29T17:22:09Z" user="justice-king" uid="7105083" lat="43.2458610" lon="76.8397289">
  <tag k="name" v="Продуктовый"/>
  <tag k="shop" v="convenience"/>
 </node>
 <node id="5254390929" visible="true" version="1" changeset="54183618" timestamp="2017-11-29T17:22:47Z" user="justice-king" uid="7105083" lat="43.2439808" lon="76.8383967">
  <tag k="amenity" v="pharmacy"/>
  <tag k="healthcare" v="pharmacy"/>
 </node>
 <node id="5254393145" visible="true" version="1" changeset="54183631" timestamp="2017-11-29T17:23:15Z" user="justice-king" uid="7105083" lat="43.2439644" lon="76.8384223">
  <tag k="shop" v="optician"/>
 </node>
 <node id="5254397641" visible="true" version="2" changeset="59323060" timestamp="2018-05-27T21:55:59Z" user="semigradsky" uid="2006629" lat="43.2474381" lon="76.8391370">
  <tag k="shop" v="convenience"/>
 </node>
 <node id="5641021192" visible="true" version="1" changeset="59259468" timestamp="2018-05-25T05:39:36Z" user="m00sekateer" uid="2444967" lat="43.2469357" lon="76.8386086"/>
 <node id="5641021193" visible="true" version="1" changeset="59259468" timestamp="2018-05-25T05:39:36Z" user="m00sekateer" uid="2444967" lat="43.2451791" lon="76.8364051"/>
 <node id="5641021194" visible="true" version="1" changeset="59259468" timestamp="2018-05-25T05:39:36Z" user="m00sekateer" uid="2444967" lat="43.2455745" lon="76.8370759"/>
 <node id="5654221004" visible="true" version="1" changeset="59438326" timestamp="2018-05-31T17:19:18Z" user="Toliman" uid="204045" lat="43.2350203" lon="76.8142294">
  <tag k="power" v="tower"/>
 </node>
 <node id="5670210026" visible="true" version="2" changeset="64522376" timestamp="2018-11-15T10:30:38Z" user="MNbrn" uid="6319160" lat="43.2437239" lon="76.8345977"/>
 <node id="5670210027" visible="true" version="1" changeset="59609318" timestamp="2018-06-06T16:56:12Z" user="MNbrn" uid="6319160" lat="43.2435050" lon="76.8336911"/>
 <node id="5670210036" visible="true" version="2" changeset="64522376" timestamp="2018-11-15T10:30:38Z" user="MNbrn" uid="6319160" lat="43.2436332" lon="76.8361614"/>
 <node id="5670210037" visible="true" version="2" changeset="64522376" timestamp="2018-11-15T10:30:38Z" user="MNbrn" uid="6319160" lat="43.2435999" lon="76.8359286"/>
 <node id="5670210038" visible="true" version="2" changeset="64522376" timestamp="2018-11-15T10:30:38Z" user="MNbrn" uid="6319160" lat="43.2436343" lon="76.8360578"/>
 <node id="5670210039" visible="true" version="2" changeset="64522376" timestamp="2018-11-15T10:30:38Z" user="MNbrn" uid="6319160" lat="43.2435158" lon="76.8353466">
  <tag k="entrance" v="staircase"/>
  <tag k="ref" v="1"/>
 </node>
 <node id="5670210040" visible="true" version="2" changeset="64522376" timestamp="2018-11-15T10:30:38Z" user="MNbrn" uid="6319160" lat="43.2435799" lon="76.8356022">
  <tag k="entrance" v="staircase"/>
  <tag k="ref" v="2"/>
 </node>
 <node id="5670210041" visible="true" version="2" changeset="64522376" timestamp="2018-11-15T10:30:38Z" user="MNbrn" uid="6319160" lat="43.2436685" lon="76.8359554">
  <tag k="entrance" v="staircase"/>
  <tag k="ref" v="3"/>
 </node>
 <node id="5670210042" visible="true" version="2" changeset="64522376" timestamp="2018-11-15T10:30:38Z" user="MNbrn" uid="6319160" lat="43.2437520" lon="76.8362885">
  <tag k="entrance" v="staircase"/>
  <tag k="ref" v="4"/>
 </node>
 <node id="5670210043" visible="true" version="2" changeset="64522376" timestamp="2018-11-15T10:30:38Z" user="MNbrn" uid="6319160" lat="43.2438175" lon="76.8365496">
  <tag k="entrance" v="staircase"/>
  <tag k="ref" v="5"/>
 </node>
 <node id="5720610129" visible="true" version="7" changeset="140162780" timestamp="2023-08-21T06:05:20Z" user="NorthCrab" uid="15215305" lat="43.2438167" lon="76.8451201">
  <tag k="addr:housenumber" v="299"/>
  <tag k="addr:street" v="улица Толе Би"/>
  <tag k="name:ru" v="Ремонт турбин"/>
  <tag k="operator" v="Турбин"/>
  <tag k="shop" v="car_repair"/>
 </node>
 <node id="5838742807" visible="true" version="1" changeset="61754648" timestamp="2018-08-17T18:52:54Z" user="Toliman" uid="204045" lat="43.2450495" lon="76.8426916">
  <tag k="power" v="tower"/>
 </node>
 <node id="5838742808" visible="true" version="1" changeset="61754648" timestamp="2018-08-17T18:52:54Z" user="Toliman" uid="204045" lat="43.2431875" lon="76.8350152">
  <tag k="power" v="tower"/>
 </node>
 <node id="5838742809" visible="true" version="1" changeset="61754648" timestamp="2018-08-17T18:52:54Z" user="Toliman" uid="204045" lat="43.2381343" lon="76.8228669">
  <tag k="power" v="tower"/>
 </node>
 <node id="5838742810" visible="true" version="1" changeset="61754648" timestamp="2018-08-17T18:52:54Z" user="Toliman" uid="204045" lat="43.2460928" lon="76.8468464">
  <tag k="power" v="tower"/>
 </node>
 <node id="5838742811" visible="true" version="2" changeset="130434183" timestamp="2022-12-23T19:23:54Z" user="dressed-pleasekin" uid="11175011" lat="43.2440960" lon="76.8387568">
  <tag k="design" v="asymmetric"/>
  <tag k="material" v="metal"/>
  <tag k="power" v="tower"/>
 </node>
 <node id="5838742812" visible="true" version="1" changeset="61754648" timestamp="2018-08-17T18:52:54Z" user="Toliman" uid="204045" lat="43.2320737" lon="76.8111678">
  <tag k="power" v="tower"/>
 </node>
 <node id="5838742813" visible="true" version="1" changeset="61754648" timestamp="2018-08-17T18:52:54Z" user="Toliman" uid="204045" lat="43.2456306" lon="76.8479301">
  <tag k="power" v="tower"/>
 </node>
 <node id="5838742814" visible="true" version="1" changeset="61754648" timestamp="2018-08-17T18:52:54Z" user="Toliman" uid="204045" lat="43.2417639" lon="76.8497460">
  <tag k="power" v="tower"/>
 </node>
 <node id="5838742815" visible="true" version="2" changeset="129822125" timestamp="2022-12-07T13:17:14Z" user="dressed-pleasekin" uid="11175011" lat="43.2449526" lon="76.8495099">
  <tag k="material" v="metal"/>
  <tag k="power" v="tower"/>
 </node>
 <node id="5838742816" visible="true" version="1" changeset="61754648" timestamp="2018-08-17T18:52:54Z" user="Toliman" uid="204045" lat="43.2371495" lon="76.8182107">
  <tag k="power" v="tower"/>
 </node>
 <node id="5838742817" visible="true" version="1" changeset="61754648" timestamp="2018-08-17T18:52:54Z" user="Toliman" uid="204045" lat="43.2356490" lon="76.8148718">
  <tag k="power" v="tower"/>
 </node>
 <node id="5842698330" visible="true" version="1" changeset="61806871" timestamp="2018-08-20T00:07:20Z" user="Toliman" uid="204045" lat="43.2163060" lon="76.3617030">
  <tag k="power" v="tower"/>
 </node>
 <node id="5842698332" visible="true" version="1" changeset="61806871" timestamp="2018-08-20T00:07:20Z" user="Toliman" uid="204045" lat="43.2039088" lon="76.3303175">
  <tag k="power" v="tower"/>
 </node>
 <node id="5842698333" visible="true" version="1" changeset="61806871" timestamp="2018-08-20T00:07:20Z" user="Toliman" uid="204045" lat="43.2120149" lon="76.3508198">
  <tag k="power" v="tower"/>
 </node>
 <node id="5842698335" visible="true" version="1" changeset="61806871" timestamp="2018-08-20T00:07:20Z" user="Toliman" uid="204045" lat="43.2005993" lon="76.3218345">
  <tag k="power" v="tower"/>
 </node>
 <node id="5842698336" visible="true" version="1" changeset="61806871" timestamp="2018-08-20T00:07:20Z" user="Toliman" uid="204045" lat="43.2056413" lon="76.3346922">
  <tag k="power" v="tower"/>
 </node>
 <node id="5842698337" visible="true" version="1" changeset="61806871" timestamp="2018-08-20T00:07:21Z" user="Toliman" uid="204045" lat="43.2176676" lon="76.3651564">
  <tag k="power" v="tower"/>
 </node>
 <node id="5842698338" visible="true" version="1" changeset="61806871" timestamp="2018-08-20T00:07:21Z" user="Toliman" uid="204045" lat="43.1941991" lon="76.3036923">
  <tag k="power" v="tower"/>
 </node>
 <node id="5842698339" visible="true" version="1" changeset="61806871" timestamp="2018-08-20T00:07:21Z" user="Toliman" uid="204045" lat="43.2073644" lon="76.3390433">
  <tag k="power" v="tower"/>
 </node>
 <node id="5842698340" visible="true" version="1" changeset="61806871" timestamp="2018-08-20T00:07:21Z" user="Toliman" uid="204045" lat="43.1980461" lon="76.3153462">
  <tag k="power" v="tower"/>
 </node>
 <node id="5842698341" visible="true" version="1" changeset="61806871" timestamp="2018-08-20T00:07:21Z" user="Toliman" uid="204045" lat="43.2135641" lon="76.3547488">
  <tag k="power" v="tower"/>
 </node>
 <node id="5842698342" visible="true" version="1" changeset="61806871" timestamp="2018-08-20T00:07:21Z" user="Toliman" uid="204045" lat="43.2022115" lon="76.3259296">
  <tag k="power" v="tower"/>
 </node>
 <node id="5842698343" visible="true" version="1" changeset="61806871" timestamp="2018-08-20T00:07:21Z" user="Toliman" uid="204045" lat="43.2104051" lon="76.3467372">
  <tag k="power" v="tower"/>
 </node>
 <node id="5842698344" visible="true" version="1" changeset="61806871" timestamp="2018-08-20T00:07:21Z" user="Toliman" uid="204045" lat="43.2149475" lon="76.3582575">
  <tag k="power" v="tower"/>
 </node>
 <node id="5844097685" visible="true" version="1" changeset="61826172" timestamp="2018-08-20T14:50:32Z" user="Toliman" uid="204045" lat="43.2249831" lon="76.6024383">
  <tag k="power" v="tower"/>
 </node>
 <node id="5844097686" visible="true" version="1" changeset="61826172" timestamp="2018-08-20T14:50:32Z" user="Toliman" uid="204045" lat="43.2251161" lon="76.5719845">
  <tag k="power" v="tower"/>
 </node>
 <node id="5844097687" visible="true" version="1" changeset="61826172" timestamp="2018-08-20T14:50:32Z" user="Toliman" uid="204045" lat="43.2205564" lon="76.3781120">
  <tag k="power" v="tower"/>
 </node>
 <node id="5844097688" visible="true" version="1" changeset="61826172" timestamp="2018-08-20T14:50:32Z" user="Toliman" uid="204045" lat="43.2155224" lon="76.6732621">
  <tag k="power" v="tower"/>
 </node>
 <node id="5844097689" visible="true" version="1" changeset="61826172" timestamp="2018-08-20T14:50:32Z" user="Toliman" uid="204045" lat="43.2249235" lon="76.6119655">
  <tag k="power" v="tower"/>
 </node>
 <node id="5844097690" visible="true" version="1" changeset="61826172" timestamp="2018-08-20T14:50:32Z" user="Toliman" uid="204045" lat="43.2250219" lon="76.4061434">
  <tag k="power" v="tower"/>
 </node>
 <node id="5844097691" visible="true" version="1" changeset="61826172" timestamp="2018-08-20T14:50:32Z" user="Toliman" uid="204045" lat="43.2254051" lon="76.4898499">
  <tag k="power" v="tower"/>
 </node>
 <node id="5844097692" visible="true" version="1" changeset="61826172" timestamp="2018-08-20T14:50:32Z" user="Toliman" uid="204045" lat="43.2256062" lon="76.4326974">
  <tag k="power" v="tower"/>
 </node>
 <node id="5844097693" visible="true" version="1" changeset="61826172" timestamp="2018-08-20T14:50:32Z" user="Toliman" uid="204045" lat="43.2169815" lon="76.6691456">
  <tag k="power" v="tower"/>
 </node>
 <node id="5844097694" visible="true" version="1" changeset="61826172" timestamp="2018-08-20T14:50:32Z" user="Toliman" uid="204045" lat="43.2255549" lon="76.6447097">
  <tag k="power" v="tower"/>
 </node>
 <node id="5844097695" visible="true" version="1" changeset="61826172" timestamp="2018-08-20T14:50:32Z" user="Toliman" uid="204045" lat="43.2248969" lon="76.6162088">
  <tag k="power" v="tower"/>
 </node>
 <node id="5844097696" visible="true" version="1" changeset="61826172" timestamp="2018-08-20T14:50:32Z" user="Toliman" uid="204045" lat="43.2256218" lon="76.4282503">
  <tag k="power" v="tower"/>
 </node>
 <node id="5844097697" visible="true" version="1" changeset="61826172" timestamp="2018-08-20T14:50:32Z" user="Toliman" uid="204045" lat="43.2252444" lon="76.5355332">
  <tag k="power" v="tower"/>
 </node>
 <node id="5844097698" visible="true" version="1" changeset="61826172" timestamp="2018-08-20T14:50:32Z" user="Toliman" uid="204045" lat="43.2254212" lon="76.4852687">
  <tag k="power" v="tower"/>
 </node>
 <node id="5844097699" visible="true" version="1" changeset="61826172" timestamp="2018-08-20T14:50:32Z" user="Toliman" uid="204045" lat="43.2255557" lon="76.4470365">
  <tag k="power" v="tower"/>
 </node>
 <node id="5844097700" visible="true" version="1" changeset="61826172" timestamp="2018-08-20T14:50:32Z" user="Toliman" uid="204045" lat="43.2163737" lon="76.7467931">
  <tag k="power" v="tower"/>
 </node>
 <node id="5844097702" visible="true" version="1" changeset="61826172" timestamp="2018-08-20T14:50:32Z" user="Toliman" uid="204045" lat="43.2250116" lon="76.5978839">
  <tag k="power" v="tower"/>
 </node>
 <node id="5844097703" visible="true" version="1" changeset="61826172" timestamp="2018-08-20T14:50:32Z" user="Toliman" uid="204045" lat="43.2232043" lon="76.6517242">
  <tag k="power" v="tower"/>
 </node>
 <node id="5844097704" visible="true" version="1" changeset="61826172" timestamp="2018-08-20T14:50:32Z" user="Toliman" uid="204045" lat="43.2248690" lon="76.6206666">
  <tag k="power" v="tower"/>
 </node>
 <node id="5844097705" visible="true" version="1" changeset="61826172" timestamp="2018-08-20T14:50:32Z" user="Toliman" uid="204045" lat="43.2246361" lon="76.4037356">
  <tag k="power" v="tower"/>
 </node>
 <node id="5844097706" visible="true" version="1" changeset="61826172" timestamp="2018-08-20T14:50:32Z" user="Toliman" uid="204045" lat="43.2289356" lon="76.6402001">
  <tag k="power" v="tower"/>
 </node>
 <node id="5844097707" visible="true" version="1" changeset="61826172" timestamp="2018-08-20T14:50:32Z" user="Toliman" uid="204045" lat="43.2253465" lon="76.5065010">
  <tag k="power" v="tower"/>
 </node>
 <node id="5844097708" visible="true" version="1" changeset="61826172" timestamp="2018-08-20T14:50:33Z" user="Toliman" uid="204045" lat="43.2268675" lon="76.6367301">
  <tag k="power" v="tower"/>
 </node>
 <node id="5844097709" visible="true" version="1" changeset="61826172" timestamp="2018-08-20T14:50:33Z" user="Toliman" uid="204045" lat="43.2277641" lon="76.6457168">
  <tag k="power" v="tower"/>
 </node>
 <node id="5844097710" visible="true" version="1" changeset="61826172" timestamp="2018-08-20T14:50:33Z" user="Toliman" uid="204045" lat="43.2219193" lon="76.3863132">
  <tag k="power" v="tower"/>
 </node>
 <node id="5844097711" visible="true" version="1" changeset="61826172" timestamp="2018-08-20T14:50:33Z" user="Toliman" uid="204045" lat="43.2221435" lon="76.6546790">
  <tag k="power" v="tower"/>
 </node>
 <node id="5844097712" visible="true" version="1" changeset="61826172" timestamp="2018-08-20T14:50:33Z" user="Toliman" uid="204045" lat="43.2255424" lon="76.4508130">
  <tag k="power" v="tower"/>
 </node>
 <node id="5844097713" visible="true" version="1" changeset="61826172" timestamp="2018-08-20T14:50:33Z" user="Toliman" uid="204045" lat="43.2249518" lon="76.6074325">
  <tag k="power" v="tower"/>
 </node>
 <node id="5844097714" visible="true" version="1" changeset="61826172" timestamp="2018-08-20T14:50:33Z" user="Toliman" uid="204045" lat="43.2250580" lon="76.5885069">
  <tag k="power" v="tower"/>
 </node>
 <node id="5844097715" visible="true" version="1" changeset="61826172" timestamp="2018-08-20T14:50:33Z" user="Toliman" uid="204045" lat="43.2251563" lon="76.5605636">
  <tag k="power" v="tower"/>
 </node>
 <node id="5844097716" visible="true" version="1" changeset="61826172" timestamp="2018-08-20T14:50:33Z" user="Toliman" uid="204045" lat="43.2252305" lon="76.5394761">
  <tag k="power" v="tower"/>
 </node>
 <node id="5844097717" visible="true" version="1" changeset="61826172" timestamp="2018-08-20T14:50:33Z" user="Toliman" uid="204045" lat="43.2253346" lon="76.5098967">
  <tag k="power" v="tower"/>
 </node>
 <node id="5844097718" visible="true" version="1" changeset="61826172" timestamp="2018-08-20T14:50:33Z" user="Toliman" uid="204045" lat="43.2253761" lon="76.4981058">
  <tag k="power" v="tower"/>
 </node>
 <node id="5844097719" visible="true" version="1" changeset="61826172" timestamp="2018-08-20T14:50:33Z" user="Toliman" uid="204045" lat="43.2251438" lon="76.5640988">
  <tag k="power" v="tower"/>
 </node>
 <node id="5844097720" visible="true" version="1" changeset="61826172" timestamp="2018-08-20T14:50:33Z" user="Toliman" uid="204045" lat="43.2256401" lon="76.4230468">
  <tag k="power" v="tower"/>
 </node>
 <node id="5844097721" visible="true" version="1" changeset="61826172" timestamp="2018-08-20T14:50:33Z" user="Toliman" uid="204045" lat="43.2255289" lon="76.4546754">
  <tag k="power" v="tower"/>
 </node>
 <node id="5844097722" visible="true" version="1" changeset="61826172" timestamp="2018-08-20T14:50:33Z" user="Toliman" uid="204045" lat="43.2254517" lon="76.4766105">
  <tag k="power" v="tower"/>
 </node>
 <node id="5844097723" visible="true" version="1" changeset="61826172" timestamp="2018-08-20T14:50:33Z" user="Toliman" uid="204045" lat="43.2253223" lon="76.5133943">
  <tag k="power" v="tower"/>
 </node>
 <node id="5844097724" visible="true" version="1" changeset="61826172" timestamp="2018-08-20T14:50:33Z" user="Toliman" uid="204045" lat="43.2252144" lon="76.5440573">
  <tag k="power" v="tower"/>
 </node>
 <node id="5844097725" visible="true" version="1" changeset="61826172" timestamp="2018-08-20T14:50:33Z" user="Toliman" uid="204045" lat="43.2308777" lon="76.6435488">
  <tag k="power" v="tower"/>
 </node>
 <node id="5844097726" visible="true" version="1" changeset="61826172" timestamp="2018-08-20T14:50:33Z" user="Toliman" uid="204045" lat="43.2255731" lon="76.4420905">
  <tag k="power" v="tower"/>
 </node>
 <node id="5844097727" visible="true" version="1" changeset="61826172" timestamp="2018-08-20T14:50:33Z" user="Toliman" uid="204045" lat="43.2224422" lon="76.3898248">
  <tag k="power" v="tower"/>
 </node>
 <node id="5844097728" visible="true" version="1" changeset="61826172" timestamp="2018-08-20T14:50:33Z" user="Toliman" uid="204045" lat="43.2250697" lon="76.5851649">
  <tag k="power" v="tower"/>
 </node>
 <node id="5844097729" visible="true" version="1" changeset="61826172" timestamp="2018-08-20T14:50:33Z" user="Toliman" uid="204045" lat="43.2251264" lon="76.5690502">
  <tag k="power" v="tower"/>
 </node>
 <node id="5844097730" visible="true" version="1" changeset="61826172" timestamp="2018-08-20T14:50:33Z" user="Toliman" uid="204045" lat="43.2251032" lon="76.5756591">
  <tag k="power" v="tower"/>
 </node>
 <node id="5844097731" visible="true" version="1" changeset="61826172" timestamp="2018-08-20T14:50:33Z" user="Toliman" uid="204045" lat="43.2255899" lon="76.4373215">
  <tag k="power" v="tower"/>
 </node>
 <node id="5844097732" visible="true" version="1" changeset="61826172" timestamp="2018-08-20T14:50:33Z" user="Toliman" uid="204045" lat="43.2254348" lon="76.4814224">
  <tag k="power" v="tower"/>
 </node>
 <node id="5844097733" visible="true" version="1" changeset="61826172" timestamp="2018-08-20T14:50:33Z" user="Toliman" uid="204045" lat="43.2289944" lon="76.6462986">
  <tag k="power" v="tower"/>
 </node>
 <node id="5844097734" visible="true" version="1" changeset="61826172" timestamp="2018-08-20T14:50:33Z" user="Toliman" uid="204045" lat="43.2251804" lon="76.5537025">
  <tag k="power" v="tower"/>
 </node>
 <node id="5844097735" visible="true" version="1" changeset="61826172" timestamp="2018-08-20T14:50:33Z" user="Toliman" uid="204045" lat="43.2254961" lon="76.4639880">
  <tag k="power" v="tower"/>
 </node>
 <node id="5844097736" visible="true" version="1" changeset="61826172" timestamp="2018-08-20T14:50:33Z" user="Toliman" uid="204045" lat="43.2254671" lon="76.4722385">
  <tag k="power" v="tower"/>
 </node>
 <node id="5844097737" visible="true" version="1" changeset="61826172" timestamp="2018-08-20T14:50:33Z" user="Toliman" uid="204045" lat="43.2252608" lon="76.5308609">
  <tag k="power" v="tower"/>
 </node>
 <node id="5844097738" visible="true" version="1" changeset="61826172" timestamp="2018-08-20T14:50:33Z" user="Toliman" uid="204045" lat="43.2255143" lon="76.4588167">
  <tag k="power" v="tower"/>
 </node>
 <node id="5844097739" visible="true" version="1" changeset="61826172" timestamp="2018-08-20T14:50:33Z" user="Toliman" uid="204045" lat="43.2250848" lon="76.5808894">
  <tag k="power" v="tower"/>
 </node>
 <node id="5844097740" visible="true" version="1" changeset="61826172" timestamp="2018-08-20T14:50:33Z" user="Toliman" uid="204045" lat="43.2253120" lon="76.5163340">
  <tag k="power" v="tower"/>
 </node>
 <node id="5844097741" visible="true" version="1" changeset="61826172" timestamp="2018-08-20T14:50:33Z" user="Toliman" uid="204045" lat="43.2251694" lon="76.5568300">
  <tag k="power" v="tower"/>
 </node>
 <node id="5844097742" visible="true" version="1" changeset="61826172" timestamp="2018-08-20T14:50:33Z" user="Toliman" uid="204045" lat="43.2247815" lon="76.6346301">
  <tag k="power" v="tower"/>
 </node>
 <node id="5844097743" visible="true" version="1" changeset="61826172" timestamp="2018-08-20T14:50:33Z" user="Toliman" uid="204045" lat="43.2248122" lon="76.6297378">
  <tag k="power" v="tower"/>
 </node>
 <node id="5844097744" visible="true" version="1" changeset="61826172" timestamp="2018-08-20T14:50:33Z" user="Toliman" uid="204045" lat="43.2252767" lon="76.5263547">
  <tag k="power" v="tower"/>
 </node>
 <node id="5844097745" visible="true" version="1" changeset="61826172" timestamp="2018-08-20T14:50:33Z" user="Toliman" uid="204045" lat="43.2253623" lon="76.5020110">
  <tag k="power" v="tower"/>
 </node>
 <node id="5844097746" visible="true" version="1" changeset="61826172" timestamp="2018-08-20T14:50:33Z" user="Toliman" uid="204045" lat="43.2253925" lon="76.4934387">
  <tag k="power" v="tower"/>
 </node>
 <node id="5844097747" visible="true" version="1" changeset="61826172" timestamp="2018-08-20T14:50:33Z" user="Toliman" uid="204045" lat="43.2248392" lon="76.6254141">
  <tag k="power" v="tower"/>
 </node>
 <node id="5844097748" visible="true" version="1" changeset="61826172" timestamp="2018-08-20T14:50:33Z" user="Toliman" uid="204045" lat="43.2254831" lon="76.4676948">
  <tag k="power" v="tower"/>
 </node>
 <node id="5844568152" visible="true" version="1" changeset="61833376" timestamp="2018-08-20T19:04:33Z" user="DulyNoded" uid="8392703" lat="43.2490044" lon="76.8383436"/>
 <node id="5844568153" visible="true" version="2" changeset="139113392" timestamp="2023-07-28T02:33:42Z" user="RwenzoriMountains" uid="16853667" lat="43.2481504" lon="76.8402861"/>
 <node id="5844568154" visible="true" version="2" changeset="139113392" timestamp="2023-07-28T02:33:42Z" user="RwenzoriMountains" uid="16853667" lat="43.2478953" lon="76.8396737"/>
 <node id="5844568155" visible="true" version="1" changeset="61833376" timestamp="2018-08-20T19:04:34Z" user="DulyNoded" uid="8392703" lat="43.2476457" lon="76.8391719"/>
 <node id="5844568156" visible="true" version="1" changeset="61833376" timestamp="2018-08-20T19:04:34Z" user="DulyNoded" uid="8392703" lat="43.2475289" lon="76.8388602"/>
 <node id="5844568157" visible="true" version="1" changeset="61833376" timestamp="2018-08-20T19:04:34Z" user="DulyNoded" uid="8392703" lat="43.2472887" lon="76.8384285"/>
 <node id="5844568158" visible="true" version="1" changeset="61833376" timestamp="2018-08-20T19:04:34Z" user="DulyNoded" uid="8392703" lat="43.2474304" lon="76.8411741"/>
 <node id="5844568159" visible="true" version="1" changeset="61833376" timestamp="2018-08-20T19:04:34Z" user="DulyNoded" uid="8392703" lat="43.2475124" lon="76.8411262"/>
 <node id="5844568160" visible="true" version="1" changeset="61833376" timestamp="2018-08-20T19:04:34Z" user="DulyNoded" uid="8392703" lat="43.2476473" lon="76.8410282"/>
 <node id="5844568161" visible="true" version="1" changeset="61833376" timestamp="2018-08-20T19:04:34Z" user="DulyNoded" uid="8392703" lat="43.2476922" lon="76.8409239"/>
 <node id="5844568162" visible="true" version="1" changeset="61833376" timestamp="2018-08-20T19:04:34Z" user="DulyNoded" uid="8392703" lat="43.2476612" lon="76.8408153"/>
 <node id="5844568163" visible="true" version="1" changeset="61833376" timestamp="2018-08-20T19:04:34Z" user="DulyNoded" uid="8392703" lat="43.2476008" lon="76.8406493"/>
 <node id="5844568164" visible="true" version="1" changeset="61833376" timestamp="2018-08-20T19:04:34Z" user="DulyNoded" uid="8392703" lat="43.2473340" lon="76.8400702"/>
 <node id="5844568165" visible="true" version="1" changeset="61833376" timestamp="2018-08-20T19:04:34Z" user="DulyNoded" uid="8392703" lat="43.2472395" lon="76.8397743"/>
 <node id="5844568166" visible="true" version="1" changeset="61833376" timestamp="2018-08-20T19:04:34Z" user="DulyNoded" uid="8392703" lat="43.2472503" lon="76.8395593"/>
 <node id="5844568167" visible="true" version="1" changeset="61833376" timestamp="2018-08-20T19:04:34Z" user="DulyNoded" uid="8392703" lat="43.2473449" lon="76.8392826"/>
 <node id="5844568168" visible="true" version="1" changeset="61833376" timestamp="2018-08-20T19:04:34Z" user="DulyNoded" uid="8392703" lat="43.2475387" lon="76.8388376"/>
 <node id="5844568169" visible="true" version="1" changeset="61833376" timestamp="2018-08-20T19:04:34Z" user="DulyNoded" uid="8392703" lat="43.2476752" lon="76.8385864"/>
 <node id="5844568170" visible="true" version="1" changeset="61833376" timestamp="2018-08-20T19:04:34Z" user="DulyNoded" uid="8392703" lat="43.2477527" lon="76.8384566"/>
 <node id="5844568171" visible="true" version="1" changeset="61833376" timestamp="2018-08-20T19:04:34Z" user="DulyNoded" uid="8392703" lat="43.2478458" lon="76.8383650"/>
 <node id="5844568172" visible="true" version="1" changeset="61833376" timestamp="2018-08-20T19:04:34Z" user="DulyNoded" uid="8392703" lat="43.2479357" lon="76.8383395"/>
 <node id="5844568173" visible="true" version="1" changeset="61833376" timestamp="2018-08-20T19:04:34Z" user="DulyNoded" uid="8392703" lat="43.2483575" lon="76.8383863"/>
 <node id="5844568174" visible="true" version="1" changeset="61833376" timestamp="2018-08-20T19:04:34Z" user="DulyNoded" uid="8392703" lat="43.2489359" lon="76.8384480"/>
 <node id="5844568175" visible="true" version="1" changeset="61833376" timestamp="2018-08-20T19:04:34Z" user="DulyNoded" uid="8392703" lat="43.2489591" lon="76.8384480"/>
 <node id="5844568176" visible="true" version="1" changeset="61833376" timestamp="2018-08-20T19:04:34Z" user="DulyNoded" uid="8392703" lat="43.2489808" lon="76.8384289"/>
 <node id="5844569187" visible="true" version="1" changeset="61833376" timestamp="2018-08-20T19:04:34Z" user="DulyNoded" uid="8392703" lat="43.2505237" lon="76.8403044"/>
 <node id="5844569226" visible="true" version="1" changeset="61833376" timestamp="2018-08-20T19:04:34Z" user="DulyNoded" uid="8392703" lat="43.2535699" lon="76.8325560"/>
 <node id="5844569229" visible="true" version="1" changeset="61833376" timestamp="2018-08-20T19:04:34Z" user="DulyNoded" uid="8392703" lat="43.2504660" lon="76.8338299"/>
 <node id="5938426301" visible="true" version="3" changeset="140513660" timestamp="2023-08-28T21:25:35Z" user="LexIgnatov" uid="316868" lat="43.2433180" lon="76.8328285"/>
 <node id="6063217573" visible="true" version="1" changeset="64522376" timestamp="2018-11-15T10:30:35Z" user="MNbrn" uid="6319160" lat="43.2443802" lon="76.8372530"/>
 <node id="6063217574" visible="true" version="1" changeset="64522376" timestamp="2018-11-15T10:30:35Z" user="MNbrn" uid="6319160" lat="43.2449917" lon="76.8363310"/>
 <node id="6063217575" visible="true" version="1" changeset="64522376" timestamp="2018-11-15T10:30:35Z" user="MNbrn" uid="6319160" lat="43.2450122" lon="76.8362613"/>
 <node id="6063217576" visible="true" version="1" changeset="64522376" timestamp="2018-11-15T10:30:35Z" user="MNbrn" uid="6319160" lat="43.2450259" lon="76.8361205"/>
 <node id="6063217577" visible="true" version="1" changeset="64522376" timestamp="2018-11-15T10:30:35Z" user="MNbrn" uid="6319160" lat="43.2448383" lon="76.8365443"/>
 <node id="6063217578" visible="true" version="1" changeset="64522376" timestamp="2018-11-15T10:30:35Z" user="MNbrn" uid="6319160" lat="43.2446264" lon="76.8369278"/>
 <node id="6063217579" visible="true" version="1" changeset="64522376" timestamp="2018-11-15T10:30:35Z" user="MNbrn" uid="6319160" lat="43.2444427" lon="76.8373275"/>
 <node id="6063217580" visible="true" version="1" changeset="64522376" timestamp="2018-11-15T10:30:35Z" user="MNbrn" uid="6319160" lat="43.2442454" lon="76.8375132"/>
 <node id="6063217581" visible="true" version="1" changeset="64522376" timestamp="2018-11-15T10:30:35Z" user="MNbrn" uid="6319160" lat="43.2442517" lon="76.8374502"/>
 <node id="6063217582" visible="true" version="1" changeset="64522376" timestamp="2018-11-15T10:30:35Z" user="MNbrn" uid="6319160" lat="43.2439992" lon="76.8368950"/>
 <node id="6063217583" visible="true" version="1" changeset="64522376" timestamp="2018-11-15T10:30:35Z" user="MNbrn" uid="6319160" lat="43.2439715" lon="76.8368176"/>
 <node id="6063217584" visible="true" version="1" changeset="64522376" timestamp="2018-11-15T10:30:35Z" user="MNbrn" uid="6319160" lat="43.2440627" lon="76.8368916"/>
 <node id="6063217885" visible="true" version="1" changeset="64522376" timestamp="2018-11-15T10:30:35Z" user="MNbrn" uid="6319160" lat="43.2441892" lon="76.8373851"/>
 <node id="6063217887" visible="true" version="1" changeset="64522376" timestamp="2018-11-15T10:30:35Z" user="MNbrn" uid="6319160" lat="43.2433268" lon="76.8374710"/>
 <node id="6063217918" visible="true" version="1" changeset="64522376" timestamp="2018-11-15T10:30:35Z" user="MNbrn" uid="6319160" lat="43.2444089" lon="76.8368244"/>
 <node id="6063217919" visible="true" version="1" changeset="64522376" timestamp="2018-11-15T10:30:35Z" user="MNbrn" uid="6319160" lat="43.2443806" lon="76.8368428"/>
 <node id="6063217920" visible="true" version="1" changeset="64522376" timestamp="2018-11-15T10:30:35Z" user="MNbrn" uid="6319160" lat="43.2443755" lon="76.8368852"/>
 <node id="6063217921" visible="true" version="1" changeset="64522376" timestamp="2018-11-15T10:30:35Z" user="MNbrn" uid="6319160" lat="43.2444141" lon="76.8369160"/>
 <node id="6063217922" visible="true" version="1" changeset="64522376" timestamp="2018-11-15T10:30:35Z" user="MNbrn" uid="6319160" lat="43.2444385" lon="76.8368889"/>
 <node id="6063217923" visible="true" version="1" changeset="64522376" timestamp="2018-11-15T10:30:35Z" user="MNbrn" uid="6319160" lat="43.2444287" lon="76.8369066"/>
 <node id="6063217924" visible="true" version="1" changeset="64522376" timestamp="2018-11-15T10:30:35Z" user="MNbrn" uid="6319160" lat="43.2443980" lon="76.8369151"/>
 <node id="6063217925" visible="true" version="1" changeset="64522376" timestamp="2018-11-15T10:30:35Z" user="MNbrn" uid="6319160" lat="43.2443840" lon="76.8369040"/>
 <node id="6063217926" visible="true" version="1" changeset="64522376" timestamp="2018-11-15T10:30:35Z" user="MNbrn" uid="6319160" lat="43.2443742" lon="76.8368631"/>
 <node id="6063217927" visible="true" version="1" changeset="64522376" timestamp="2018-11-15T10:30:35Z" user="MNbrn" uid="6319160" lat="43.2443931" lon="76.8368288"/>
 <node id="6063217928" visible="true" version="1" changeset="64522376" timestamp="2018-11-15T10:30:35Z" user="MNbrn" uid="6319160" lat="43.2444244" lon="76.8368306"/>
 <node id="6063217929" visible="true" version="1" changeset="64522376" timestamp="2018-11-15T10:30:35Z" user="MNbrn" uid="6319160" lat="43.2444360" lon="76.8368460"/>
 <node id="6063217930" visible="true" version="1" changeset="64522376" timestamp="2018-11-15T10:30:35Z" user="MNbrn" uid="6319160" lat="43.2444411" lon="76.8368670"/>
 <node id="6063217931" visible="true" version="2" changeset="130204275" timestamp="2022-12-18T07:40:14Z" user="dressed-pleasekin" uid="11175011" lat="43.2439526" lon="76.8350710"/>
 <node id="6063217932" visible="true" version="2" changeset="130204275" timestamp="2022-12-18T07:40:14Z" user="dressed-pleasekin" uid="11175011" lat="43.2438125" lon="76.8345717"/>
 <node id="6063217933" visible="true" version="2" changeset="130204275" timestamp="2022-12-18T07:40:14Z" user="dressed-pleasekin" uid="11175011" lat="43.2438607" lon="76.8345462"/>
 <node id="6063217934" visible="true" version="2" changeset="130204275" timestamp="2022-12-18T07:40:14Z" user="dressed-pleasekin" uid="11175011" lat="43.2440105" lon="76.8350404"/>
 <node id="6063217935" visible="true" version="1" changeset="64522376" timestamp="2018-11-15T10:30:36Z" user="MNbrn" uid="6319160" lat="43.2439239" lon="76.8366596">
  <tag k="amenity" v="cafe"/>
  <tag k="name" v="Золотая долина"/>
  <tag k="opening_hours" v="Mo-Su 10:00-22:00"/>
  <tag k="outdoor_seating" v="yes"/>
 </node>
 <node id="6063217936" visible="true" version="2" changeset="130204275" timestamp="2022-12-18T07:40:14Z" user="dressed-pleasekin" uid="11175011" lat="43.2435423" lon="76.8361191"/>
 <node id="6063217939" visible="true" version="2" changeset="130204275" timestamp="2022-12-18T07:40:14Z" user="dressed-pleasekin" uid="11175011" lat="43.2435847" lon="76.8360978"/>
 <node id="6063217965" visible="true" version="1" changeset="64522376" timestamp="2018-11-15T10:30:36Z" user="MNbrn" uid="6319160" lat="43.2441570" lon="76.8364801"/>
 <node id="6063217966" visible="true" version="1" changeset="64522376" timestamp="2018-11-15T10:30:36Z" user="MNbrn" uid="6319160" lat="43.2440109" lon="76.8365523"/>
 <node id="6063217967" visible="true" version="1" changeset="64522376" timestamp="2018-11-15T10:30:36Z" user="MNbrn" uid="6319160" lat="43.2436355" lon="76.8350789"/>
 <node id="6063217968" visible="true" version="1" changeset="64522376" timestamp="2018-11-15T10:30:36Z" user="MNbrn" uid="6319160" lat="43.2435485" lon="76.8351199">
  <tag k="access" v="yes"/>
  <tag k="barrier" v="lift_gate"/>
  <tag k="bicycle" v="yes"/>
  <tag k="foot" v="yes"/>
 </node>
 <node id="6063217969" visible="true" version="1" changeset="64522376" timestamp="2018-11-15T10:30:36Z" user="MNbrn" uid="6319160" lat="43.2434062" lon="76.8352099"/>
 <node id="6063217970" visible="true" version="1" changeset="64522376" timestamp="2018-11-15T10:30:36Z" user="MNbrn" uid="6319160" lat="43.2434286" lon="76.8351763"/>
 <node id="6193719905" visible="true" version="1" changeset="66142731" timestamp="2019-01-08T22:18:17Z" user="Roolet" uid="9202949" lat="43.2494631" lon="76.8449645"/>
 <node id="6193719911" visible="true" version="1" changeset="66142731" timestamp="2019-01-08T22:18:17Z" user="Roolet" uid="9202949" lat="43.2496521" lon="76.8428785"/>
 <node id="6202516629" visible="true" version="1" changeset="66243058" timestamp="2019-01-12T02:25:33Z" user="whatmeinfallible" uid="7150022" lat="43.2500461" lon="76.8517130"/>
 <node id="6202516630" visible="true" version="1" changeset="66243058" timestamp="2019-01-12T02:25:33Z" user="whatmeinfallible" uid="7150022" lat="43.2496088" lon="76.8490945"/>
 <node id="6202516631" visible="true" version="1" changeset="66243058" timestamp="2019-01-12T02:25:33Z" user="whatmeinfallible" uid="7150022" lat="43.2493731" lon="76.8485453"/>
 <node id="6433631800" visible="true" version="2" changeset="156462379" timestamp="2024-09-11T01:35:53Z" user="DanumValley" uid="17979567" lat="43.2423172" lon="76.8432149"/>
 <node id="6433631801" visible="true" version="1" changeset="69656710" timestamp="2019-04-28T07:44:20Z" user="Кирилл Русинов" uid="2604331" lat="43.2425793" lon="76.8431027"/>
 <node id="6433631802" visible="true" version="1" changeset="69656710" timestamp="2019-04-28T07:44:20Z" user="Кирилл Русинов" uid="2604331" lat="43.2427773" lon="76.8429764"/>
 <node id="6433631803" visible="true" version="1" changeset="69656710" timestamp="2019-04-28T07:44:20Z" user="Кирилл Русинов" uid="2604331" lat="43.2430964" lon="76.8428141"/>
 <node id="6433631804" visible="true" version="1" changeset="69656710" timestamp="2019-04-28T07:44:20Z" user="Кирилл Русинов" uid="2604331" lat="43.2432894" lon="76.8426735"/>
 <node id="6433631805" visible="true" version="1" changeset="69656710" timestamp="2019-04-28T07:44:20Z" user="Кирилл Русинов" uid="2604331" lat="43.2437031" lon="76.8440904"/>
 <node id="6433631807" visible="true" version="1" changeset="69656710" timestamp="2019-04-28T07:44:20Z" user="Кирилл Русинов" uid="2604331" lat="43.2434194" lon="76.8427060"/>
 <node id="6433631808" visible="true" version="1" changeset="69656710" timestamp="2019-04-28T07:44:20Z" user="Кирилл Русинов" uid="2604331" lat="43.2436046" lon="76.8427438"/>
 <node id="6433631809" visible="true" version="1" changeset="69656710" timestamp="2019-04-28T07:44:20Z" user="Кирилл Русинов" uid="2604331" lat="43.2440221" lon="76.8426952"/>
 <node id="6433631810" visible="true" version="1" changeset="69656710" timestamp="2019-04-28T07:44:20Z" user="Кирилл Русинов" uid="2604331" lat="43.2442742" lon="76.8436307"/>
 <node id="6433631811" visible="true" version="1" changeset="69656710" timestamp="2019-04-28T07:44:20Z" user="Кирилл Русинов" uid="2604331" lat="43.2434932" lon="76.8427211"/>
 <node id="6433631812" visible="true" version="1" changeset="69656710" timestamp="2019-04-28T07:44:20Z" user="Кирилл Русинов" uid="2604331" lat="43.2435612" lon="76.8425167"/>
 <node id="6433631813" visible="true" version="1" changeset="69656710" timestamp="2019-04-28T07:44:20Z" user="Кирилл Русинов" uid="2604331" lat="43.2439749" lon="76.8422734"/>
 <node id="6433631814" visible="true" version="1" changeset="69656710" timestamp="2019-04-28T07:44:20Z" user="Кирилл Русинов" uid="2604331" lat="43.2424178" lon="76.8431802"/>
 <node id="6501388446" visible="true" version="1" changeset="70623157" timestamp="2019-05-26T03:44:29Z" user="Кирилл Русинов" uid="2604331" lat="43.2431713" lon="76.8468176"/>
 <node id="6501388447" visible="true" version="1" changeset="70623157" timestamp="2019-05-26T03:44:29Z" user="Кирилл Русинов" uid="2604331" lat="43.2438565" lon="76.8464631"/>
 <node id="6501388448" visible="true" version="1" changeset="70623157" timestamp="2019-05-26T03:44:29Z" user="Кирилл Русинов" uid="2604331" lat="43.2439386" lon="76.8464684"/>
 <node id="6501388449" visible="true" version="1" changeset="70623157" timestamp="2019-05-26T03:44:29Z" user="Кирилл Русинов" uid="2604331" lat="43.2442004" lon="76.8463880"/>
 <node id="6501388450" visible="true" version="1" changeset="70623157" timestamp="2019-05-26T03:44:29Z" user="Кирилл Русинов" uid="2604331" lat="43.2445365" lon="76.8461895"/>
 <node id="6501388451" visible="true" version="1" changeset="70623157" timestamp="2019-05-26T03:44:29Z" user="Кирилл Русинов" uid="2604331" lat="43.2442708" lon="76.8449932"/>
 <node id="6501388452" visible="true" version="1" changeset="70623157" timestamp="2019-05-26T03:44:29Z" user="Кирилл Русинов" uid="2604331" lat="43.2442668" lon="76.8449235"/>
 <node id="6501388453" visible="true" version="1" changeset="70623157" timestamp="2019-05-26T03:44:29Z" user="Кирилл Русинов" uid="2604331" lat="43.2445443" lon="76.8442851"/>
 <node id="6501388454" visible="true" version="1" changeset="70623157" timestamp="2019-05-26T03:44:29Z" user="Кирилл Русинов" uid="2604331" lat="43.2443129" lon="76.8448176"/>
 <node id="6501388455" visible="true" version="1" changeset="70623157" timestamp="2019-05-26T03:44:29Z" user="Кирилл Русинов" uid="2604331" lat="43.2439386" lon="76.8448269"/>
 <node id="6501388456" visible="true" version="1" changeset="70623157" timestamp="2019-05-26T03:44:29Z" user="Кирилл Русинов" uid="2604331" lat="43.2435635" lon="76.8449825"/>
 <node id="6501388457" visible="true" version="1" changeset="70623157" timestamp="2019-05-26T03:44:29Z" user="Кирилл Русинов" uid="2604331" lat="43.2434089" lon="76.8478285"/>
 <node id="6501388458" visible="true" version="1" changeset="70623157" timestamp="2019-05-26T03:44:29Z" user="Кирилл Русинов" uid="2604331" lat="43.2439269" lon="76.8475950"/>
 <node id="6501388459" visible="true" version="1" changeset="70623157" timestamp="2019-05-26T03:44:29Z" user="Кирилл Русинов" uid="2604331" lat="43.2439503" lon="76.8475574"/>
 <node id="6501388460" visible="true" version="1" changeset="70623157" timestamp="2019-05-26T03:44:29Z" user="Кирилл Русинов" uid="2604331" lat="43.2438214" lon="76.8468869"/>
 <node id="6501388461" visible="true" version="1" changeset="70623157" timestamp="2019-05-26T03:44:29Z" user="Кирилл Русинов" uid="2604331" lat="43.2437706" lon="76.8468654"/>
 <node id="6501388462" visible="true" version="1" changeset="70623157" timestamp="2019-05-26T03:44:29Z" user="Кирилл Русинов" uid="2604331" lat="43.2435400" lon="76.8468869"/>
 <node id="6501388463" visible="true" version="1" changeset="70623157" timestamp="2019-05-26T03:44:29Z" user="Кирилл Русинов" uid="2604331" lat="43.2434853" lon="76.8469512"/>
 <node id="6501388464" visible="true" version="1" changeset="70623157" timestamp="2019-05-26T03:44:29Z" user="Кирилл Русинов" uid="2604331" lat="43.2435127" lon="76.8471980"/>
 <node id="6501388465" visible="true" version="1" changeset="70623157" timestamp="2019-05-26T03:44:29Z" user="Кирилл Русинов" uid="2604331" lat="43.2435166" lon="76.8472838"/>
 <node id="6501388466" visible="true" version="1" changeset="70623157" timestamp="2019-05-26T03:44:29Z" user="Кирилл Русинов" uid="2604331" lat="43.2433072" lon="76.8473958"/>
 <node id="6501388467" visible="true" version="1" changeset="70623157" timestamp="2019-05-26T03:44:29Z" user="Кирилл Русинов" uid="2604331" lat="43.2452387" lon="76.8489846"/>
 <node id="6501388468" visible="true" version="1" changeset="70623157" timestamp="2019-05-26T03:44:29Z" user="Кирилл Русинов" uid="2604331" lat="43.2449741" lon="76.8486786"/>
 <node id="6501388469" visible="true" version="1" changeset="70623157" timestamp="2019-05-26T03:44:29Z" user="Кирилл Русинов" uid="2604331" lat="43.2448725" lon="76.8486571"/>
 <node id="6501388470" visible="true" version="1" changeset="70623157" timestamp="2019-05-26T03:44:29Z" user="Кирилл Русинов" uid="2604331" lat="43.2447436" lon="76.8484533"/>
 <node id="6501388471" visible="true" version="1" changeset="70623157" timestamp="2019-05-26T03:44:30Z" user="Кирилл Русинов" uid="2604331" lat="43.2446811" lon="76.8482655"/>
 <node id="6501388472" visible="true" version="1" changeset="70623157" timestamp="2019-05-26T03:44:30Z" user="Кирилл Русинов" uid="2604331" lat="43.2450992" lon="76.8480724"/>
 <node id="6501388473" visible="true" version="1" changeset="70623157" timestamp="2019-05-26T03:44:30Z" user="Кирилл Русинов" uid="2604331" lat="43.2451187" lon="76.8479598"/>
 <node id="6501388474" visible="true" version="1" changeset="70623157" timestamp="2019-05-26T03:44:30Z" user="Кирилл Русинов" uid="2604331" lat="43.2450914" lon="76.8477666"/>
 <node id="6501388475" visible="true" version="1" changeset="70623157" timestamp="2019-05-26T03:44:30Z" user="Кирилл Русинов" uid="2604331" lat="43.2451265" lon="76.8477130"/>
 <node id="6501388476" visible="true" version="1" changeset="70623157" timestamp="2019-05-26T03:44:30Z" user="Кирилл Русинов" uid="2604331" lat="43.2453414" lon="76.8476168"/>
 <node id="6501388477" visible="true" version="1" changeset="70623157" timestamp="2019-05-26T03:44:30Z" user="Кирилл Русинов" uid="2604331" lat="43.2452413" lon="76.8469704"/>
 <node id="6501388478" visible="true" version="1" changeset="70623157" timestamp="2019-05-26T03:44:30Z" user="Кирилл Русинов" uid="2604331" lat="43.2447975" lon="76.8450905"/>
 <node id="6501388479" visible="true" version="1" changeset="70623157" timestamp="2019-05-26T03:44:30Z" user="Кирилл Русинов" uid="2604331" lat="43.2452605" lon="76.8470943"/>
 <node id="6501388480" visible="true" version="1" changeset="70623157" timestamp="2019-05-26T03:44:30Z" user="Кирилл Русинов" uid="2604331" lat="43.2449626" lon="76.8471822"/>
 <node id="6501388481" visible="true" version="1" changeset="70623157" timestamp="2019-05-26T03:44:30Z" user="Кирилл Русинов" uid="2604331" lat="43.2448218" lon="76.8471227"/>
 <node id="6501388482" visible="true" version="1" changeset="70623157" timestamp="2019-05-26T03:44:30Z" user="Кирилл Русинов" uid="2604331" lat="43.2447136" lon="76.8469295"/>
 <node id="6501388483" visible="true" version="1" changeset="70623157" timestamp="2019-05-26T03:44:30Z" user="Кирилл Русинов" uid="2604331" lat="43.2446838" lon="76.8465617"/>
 <node id="6501388484" visible="true" version="1" changeset="70623157" timestamp="2019-05-26T03:44:30Z" user="Кирилл Русинов" uid="2604331" lat="43.2446459" lon="76.8463388"/>
 <node id="6501388594" visible="true" version="1" changeset="70623157" timestamp="2019-05-26T03:44:30Z" user="Кирилл Русинов" uid="2604331" lat="43.2450477" lon="76.8422554"/>
 <node id="6501388595" visible="true" version="1" changeset="70623157" timestamp="2019-05-26T03:44:30Z" user="Кирилл Русинов" uid="2604331" lat="43.2461220" lon="76.8466870"/>
 <node id="6501388596" visible="true" version="1" changeset="70623157" timestamp="2019-05-26T03:44:30Z" user="Кирилл Русинов" uid="2604331" lat="43.2467571" lon="76.8464064"/>
 <node id="6501388597" visible="true" version="1" changeset="70623157" timestamp="2019-05-26T03:44:30Z" user="Кирилл Русинов" uid="2604331" lat="43.2462665" lon="76.8472863"/>
 <node id="6501388598" visible="true" version="1" changeset="70623157" timestamp="2019-05-26T03:44:30Z" user="Кирилл Русинов" uid="2604331" lat="43.2468803" lon="76.8469939"/>
 <node id="6501388599" visible="true" version="1" changeset="70623157" timestamp="2019-05-26T03:44:30Z" user="Кирилл Русинов" uid="2604331" lat="43.2464370" lon="76.8465478"/>
 <node id="6501388600" visible="true" version="1" changeset="70623157" timestamp="2019-05-26T03:44:30Z" user="Кирилл Русинов" uid="2604331" lat="43.2465750" lon="76.8471393"/>
 <node id="6501388601" visible="true" version="1" changeset="70623157" timestamp="2019-05-26T03:44:30Z" user="Кирилл Русинов" uid="2604331" lat="43.2464671" lon="76.8481084"/>
 <node id="6501388607" visible="true" version="1" changeset="70623157" timestamp="2019-05-26T03:44:30Z" user="Кирилл Русинов" uid="2604331" lat="43.2468518" lon="76.8495916"/>
 <node id="6501452885" visible="true" version="1" changeset="70624311" timestamp="2019-05-26T06:02:50Z" user="Кирилл Русинов" uid="2604331" lat="43.2442394" lon="76.8381287"/>
 <node id="6501452886" visible="true" version="1" changeset="70624311" timestamp="2019-05-26T06:02:50Z" user="Кирилл Русинов" uid="2604331" lat="43.2435463" lon="76.8383318"/>
 <node id="6501452887" visible="true" version="1" changeset="70624311" timestamp="2019-05-26T06:02:50Z" user="Кирилл Русинов" uid="2604331" lat="43.2457187" lon="76.8399297"/>
 <node id="6501452888" visible="true" version="1" changeset="70624311" timestamp="2019-05-26T06:02:50Z" user="Кирилл Русинов" uid="2604331" lat="43.2456822" lon="76.8403487"/>
 <node id="6501452889" visible="true" version="1" changeset="70624311" timestamp="2019-05-26T06:02:50Z" user="Кирилл Русинов" uid="2604331" lat="43.2459346" lon="76.8415571"/>
 <node id="6501452890" visible="true" version="1" changeset="70624311" timestamp="2019-05-26T06:02:50Z" user="Кирилл Русинов" uid="2604331" lat="43.2457215" lon="76.8405371">
  <tag k="barrier" v="lift_gate"/>
 </node>
 <node id="6501452891" visible="true" version="1" changeset="70624311" timestamp="2019-05-26T06:02:50Z" user="Кирилл Русинов" uid="2604331" lat="43.2459618" lon="76.8405822"/>
 <node id="6501452892" visible="true" version="1" changeset="70624311" timestamp="2019-05-26T06:02:50Z" user="Кирилл Русинов" uid="2604331" lat="43.2461972" lon="76.8411334"/>
 <node id="6501452893" visible="true" version="1" changeset="70624311" timestamp="2019-05-26T06:02:50Z" user="Кирилл Русинов" uid="2604331" lat="43.2463430" lon="76.8414614"/>
 <node id="6501452894" visible="true" version="1" changeset="70624311" timestamp="2019-05-26T06:02:50Z" user="Кирилл Русинов" uid="2604331" lat="43.2463983" lon="76.8417790"/>
 <node id="6501452895" visible="true" version="1" changeset="70624311" timestamp="2019-05-26T06:02:50Z" user="Кирилл Русинов" uid="2604331" lat="43.2467353" lon="76.8424694"/>
 <node id="6501452896" visible="true" version="1" changeset="70624311" timestamp="2019-05-26T06:02:50Z" user="Кирилл Русинов" uid="2604331" lat="43.2465977" lon="76.8410746"/>
 <node id="6501452897" visible="true" version="1" changeset="70624311" timestamp="2019-05-26T06:02:50Z" user="Кирилл Русинов" uid="2604331" lat="43.2462872" lon="76.8413360"/>
 <node id="6501452898" visible="true" version="1" changeset="70624311" timestamp="2019-05-26T06:02:50Z" user="Кирилл Русинов" uid="2604331" lat="43.2463873" lon="76.8417155"/>
 <node id="6501452899" visible="true" version="1" changeset="70624311" timestamp="2019-05-26T06:02:50Z" user="Кирилл Русинов" uid="2604331" lat="43.2459533" lon="76.8419792"/>
 <node id="6501452900" visible="true" version="1" changeset="70624311" timestamp="2019-05-26T06:02:50Z" user="Кирилл Русинов" uid="2604331" lat="43.2456415" lon="76.8421518"/>
 <node id="6501452901" visible="true" version="1" changeset="70624311" timestamp="2019-05-26T06:02:50Z" user="Кирилл Русинов" uid="2604331" lat="43.2454931" lon="76.8423554"/>
 <node id="6501452902" visible="true" version="1" changeset="70624311" timestamp="2019-05-26T06:02:50Z" user="Кирилл Русинов" uid="2604331" lat="43.2455434" lon="76.8425729"/>
 <node id="6501452903" visible="true" version="1" changeset="70624311" timestamp="2019-05-26T06:02:50Z" user="Кирилл Русинов" uid="2604331" lat="43.2457244" lon="76.8429181"/>
 <node id="6501452904" visible="true" version="1" changeset="70624311" timestamp="2019-05-26T06:02:50Z" user="Кирилл Русинов" uid="2604331" lat="43.2458929" lon="76.8427938"/>
 <node id="6501452905" visible="true" version="1" changeset="70624311" timestamp="2019-05-26T06:02:50Z" user="Кирилл Русинов" uid="2604331" lat="43.2464461" lon="76.8422899"/>
 <node id="6501452906" visible="true" version="1" changeset="70624311" timestamp="2019-05-26T06:02:50Z" user="Кирилл Русинов" uid="2604331" lat="43.2464084" lon="76.8421104"/>
 <node id="6501452907" visible="true" version="1" changeset="70624311" timestamp="2019-05-26T06:02:50Z" user="Кирилл Русинов" uid="2604331" lat="43.2462597" lon="76.8417930"/>
 <node id="6501452908" visible="true" version="1" changeset="70624311" timestamp="2019-05-26T06:02:50Z" user="Кирилл Русинов" uid="2604331" lat="43.2463206" lon="76.8417560"/>
 <node id="6501452909" visible="true" version="1" changeset="70624311" timestamp="2019-05-26T06:02:50Z" user="Кирилл Русинов" uid="2604331" lat="43.2464891" lon="76.8421090"/>
 <node id="6501452914" visible="true" version="2" changeset="139067817" timestamp="2023-07-27T05:49:49Z" user="LatrobeValley" uid="16853655" lat="43.2490176" lon="76.8451725"/>
 <node id="6501452917" visible="true" version="2" changeset="122193090" timestamp="2022-06-10T06:20:06Z" user="SEVEN" uid="127989" lat="43.2478873" lon="76.8425284"/>
 <node id="6768837175" visible="true" version="1" changeset="74029481" timestamp="2019-09-03T09:21:30Z" user="Alleksandr" uid="10267781" lat="43.2472611" lon="76.8466156"/>
 <node id="6926200866" visible="true" version="1" changeset="76326641" timestamp="2019-10-29T06:49:00Z" user="TOLK" uid="624183" lat="43.2457554" lon="76.8335476"/>
 <node id="6926200867" visible="true" version="1" changeset="76326641" timestamp="2019-10-29T06:49:00Z" user="TOLK" uid="624183" lat="43.2453118" lon="76.8337997"/>
 <node id="6926200868" visible="true" version="1" changeset="76326641" timestamp="2019-10-29T06:49:00Z" user="TOLK" uid="624183" lat="43.2452982" lon="76.8338426"/>
 <node id="6926200869" visible="true" version="1" changeset="76326641" timestamp="2019-10-29T06:49:00Z" user="TOLK" uid="624183" lat="43.2455263" lon="76.8350943"/>
 <node id="7128288848" visible="true" version="2" changeset="139113392" timestamp="2023-07-28T02:33:42Z" user="RwenzoriMountains" uid="16853667" lat="43.2487752" lon="76.8398424"/>
 <node id="7128288849" visible="true" version="2" changeset="139113392" timestamp="2023-07-28T02:33:42Z" user="RwenzoriMountains" uid="16853667" lat="43.2487574" lon="76.8400741"/>
 <node id="7128288850" visible="true" version="2" changeset="139113392" timestamp="2023-07-28T02:33:42Z" user="RwenzoriMountains" uid="16853667" lat="43.2481208" lon="76.8399847"/>
 <node id="7128288851" visible="true" version="2" changeset="139113392" timestamp="2023-07-28T02:33:42Z" user="RwenzoriMountains" uid="16853667" lat="43.2481415" lon="76.8397448"/>
 <node id="7128314873" visible="true" version="1" changeset="79514583" timestamp="2020-01-13T11:58:18Z" user="DiscountTaxi" uid="10122872" lat="43.2473709" lon="76.8388709"/>
 <node id="7128314874" visible="true" version="1" changeset="79514583" timestamp="2020-01-13T11:58:18Z" user="DiscountTaxi" uid="10122872" lat="43.2473176" lon="76.8389848"/>
 <node id="7128314875" visible="true" version="1" changeset="79514583" timestamp="2020-01-13T11:58:18Z" user="DiscountTaxi" uid="10122872" lat="43.2472466" lon="76.8389279"/>
 <node id="7128314876" visible="true" version="1" changeset="79514583" timestamp="2020-01-13T11:58:18Z" user="DiscountTaxi" uid="10122872" lat="43.2472999" lon="76.8388140"/>
 <node id="7324753475" visible="true" version="1" changeset="82557032" timestamp="2020-03-24T07:38:42Z" user="DiscountTaxi" uid="10122872" lat="43.2515985" lon="76.8333652"/>
 <node id="7324757103" visible="true" version="2" changeset="139112702" timestamp="2023-07-28T01:48:41Z" user="RwenzoriMountains" uid="16853667" lat="43.2457466" lon="76.8348548"/>
 <node id="7324757104" visible="true" version="2" changeset="139112702" timestamp="2023-07-28T01:48:41Z" user="RwenzoriMountains" uid="16853667" lat="43.2457635" lon="76.8349273"/>
 <node id="7324757105" visible="true" version="2" changeset="139112702" timestamp="2023-07-28T01:48:41Z" user="RwenzoriMountains" uid="16853667" lat="43.2456144" lon="76.8349999"/>
 <node id="7324757106" visible="true" version="2" changeset="139112702" timestamp="2023-07-28T01:48:41Z" user="RwenzoriMountains" uid="16853667" lat="43.2456000" lon="76.8349273"/>
 <node id="7324757107" visible="true" version="1" changeset="82556390" timestamp="2020-03-24T07:23:51Z" user="DiscountTaxi" uid="10122872" lat="43.2456875" lon="76.8344765"/>
 <node id="7324757108" visible="true" version="1" changeset="82556390" timestamp="2020-03-24T07:23:51Z" user="DiscountTaxi" uid="10122872" lat="43.2457129" lon="76.8345838"/>
 <node id="7324757109" visible="true" version="1" changeset="82556390" timestamp="2020-03-24T07:23:51Z" user="DiscountTaxi" uid="10122872" lat="43.2456133" lon="76.8345892"/>
 <node id="7324757110" visible="true" version="1" changeset="82556390" timestamp="2020-03-24T07:23:51Z" user="DiscountTaxi" uid="10122872" lat="43.2455449" lon="76.8346428"/>
 <node id="7324757111" visible="true" version="1" changeset="82556390" timestamp="2020-03-24T07:23:51Z" user="DiscountTaxi" uid="10122872" lat="43.2455195" lon="76.8345248"/>
 <node id="7441525142" visible="true" version="1" changeset="84055399" timestamp="2020-04-24T10:39:12Z" user="DiscountTaxi" uid="10122872" lat="43.2259705" lon="76.7882987"/>
 <node id="7441525143" visible="true" version="1" changeset="84055399" timestamp="2020-04-24T10:39:12Z" user="DiscountTaxi" uid="10122872" lat="43.2259079" lon="76.7881914"/>
 <node id="7541691777" visible="true" version="1" changeset="85510330" timestamp="2020-05-20T16:40:49Z" user="DiscountTaxi" uid="10122872" lat="43.2485382" lon="76.8359434"/>
 <node id="7541691778" visible="true" version="1" changeset="85510330" timestamp="2020-05-20T16:40:49Z" user="DiscountTaxi" uid="10122872" lat="43.2485550" lon="76.8360566"/>
 <node id="7541691779" visible="true" version="1" changeset="85510330" timestamp="2020-05-20T16:40:49Z" user="DiscountTaxi" uid="10122872" lat="43.2484456" lon="76.8360872"/>
 <node id="7541691780" visible="true" version="1" changeset="85510330" timestamp="2020-05-20T16:40:49Z" user="DiscountTaxi" uid="10122872" lat="43.2484288" lon="76.8359740"/>
 <node id="7541691781" visible="true" version="1" changeset="85510330" timestamp="2020-05-20T16:40:49Z" user="DiscountTaxi" uid="10122872" lat="43.2487746" lon="76.8359101"/>
 <node id="7541691782" visible="true" version="1" changeset="85510330" timestamp="2020-05-20T16:40:49Z" user="DiscountTaxi" uid="10122872" lat="43.2487698" lon="76.8360525"/>
 <node id="7541691783" visible="true" version="1" changeset="85510330" timestamp="2020-05-20T16:40:49Z" user="DiscountTaxi" uid="10122872" lat="43.2486525" lon="76.8360451"/>
 <node id="7541691784" visible="true" version="1" changeset="85510330" timestamp="2020-05-20T16:40:49Z" user="DiscountTaxi" uid="10122872" lat="43.2486573" lon="76.8359026"/>
 <node id="7541726579" visible="true" version="1" changeset="85510049" timestamp="2020-05-20T16:35:37Z" user="DiscountTaxi" uid="10122872" lat="43.2483309" lon="76.8361598"/>
 <node id="7541726580" visible="true" version="1" changeset="85510049" timestamp="2020-05-20T16:35:37Z" user="DiscountTaxi" uid="10122872" lat="43.2483139" lon="76.8363139"/>
 <node id="7541726581" visible="true" version="1" changeset="85510049" timestamp="2020-05-20T16:35:37Z" user="DiscountTaxi" uid="10122872" lat="43.2482221" lon="76.8362999"/>
 <node id="7541726582" visible="true" version="1" changeset="85510049" timestamp="2020-05-20T16:35:37Z" user="DiscountTaxi" uid="10122872" lat="43.2482391" lon="76.8361551"/>
 <node id="7541726583" visible="true" version="1" changeset="85510049" timestamp="2020-05-20T16:35:37Z" user="DiscountTaxi" uid="10122872" lat="43.2485078" lon="76.8361598"/>
 <node id="7541726584" visible="true" version="1" changeset="85510049" timestamp="2020-05-20T16:35:37Z" user="DiscountTaxi" uid="10122872" lat="43.2484840" lon="76.8363419"/>
 <node id="7541754885" visible="true" version="1" changeset="85510049" timestamp="2020-05-20T16:35:37Z" user="DiscountTaxi" uid="10122872" lat="43.2483820" lon="76.8363092"/>
 <node id="7541754886" visible="true" version="1" changeset="85510049" timestamp="2020-05-20T16:35:37Z" user="DiscountTaxi" uid="10122872" lat="43.2484058" lon="76.8361411"/>
 <node id="7541754895" visible="true" version="1" changeset="85510049" timestamp="2020-05-20T16:35:37Z" user="DiscountTaxi" uid="10122872" lat="43.2483305" lon="76.8367955"/>
 <node id="7541754896" visible="true" version="1" changeset="85510049" timestamp="2020-05-20T16:35:37Z" user="DiscountTaxi" uid="10122872" lat="43.2483200" lon="76.8369198"/>
 <node id="7541754897" visible="true" version="1" changeset="85510049" timestamp="2020-05-20T16:35:37Z" user="DiscountTaxi" uid="10122872" lat="43.2481300" lon="76.8368897"/>
 <node id="7541754898" visible="true" version="1" changeset="85510049" timestamp="2020-05-20T16:35:37Z" user="DiscountTaxi" uid="10122872" lat="43.2481404" lon="76.8367654"/>
 <node id="7541754899" visible="true" version="1" changeset="85510049" timestamp="2020-05-20T16:35:37Z" user="DiscountTaxi" uid="10122872" lat="43.2486248" lon="76.8366021"/>
 <node id="7541754900" visible="true" version="1" changeset="85510049" timestamp="2020-05-20T16:35:37Z" user="DiscountTaxi" uid="10122872" lat="43.2483886" lon="76.8365565"/>
 <node id="7541754901" visible="true" version="1" changeset="85510049" timestamp="2020-05-20T16:35:37Z" user="DiscountTaxi" uid="10122872" lat="43.2483640" lon="76.8367971"/>
 <node id="7541754902" visible="true" version="1" changeset="85510049" timestamp="2020-05-20T16:35:37Z" user="DiscountTaxi" uid="10122872" lat="43.2485014" lon="76.8368236"/>
 <node id="7541754903" visible="true" version="1" changeset="85510049" timestamp="2020-05-20T16:35:37Z" user="DiscountTaxi" uid="10122872" lat="43.2485144" lon="76.8366964"/>
 <node id="7541754904" visible="true" version="1" changeset="85510049" timestamp="2020-05-20T16:35:37Z" user="DiscountTaxi" uid="10122872" lat="43.2486132" lon="76.8367154"/>
 <node id="7541754905" visible="true" version="1" changeset="85510049" timestamp="2020-05-20T16:35:37Z" user="DiscountTaxi" uid="10122872" lat="43.2492227" lon="76.8368946"/>
 <node id="7541754906" visible="true" version="1" changeset="85510049" timestamp="2020-05-20T16:35:37Z" user="DiscountTaxi" uid="10122872" lat="43.2492049" lon="76.8370701"/>
 <node id="7541754907" visible="true" version="1" changeset="85510049" timestamp="2020-05-20T16:35:37Z" user="DiscountTaxi" uid="10122872" lat="43.2485151" lon="76.8369383"/>
 <node id="7541754908" visible="true" version="1" changeset="85510049" timestamp="2020-05-20T16:35:37Z" user="DiscountTaxi" uid="10122872" lat="43.2485329" lon="76.8367626"/>
 <node id="7541769620" visible="true" version="1" changeset="85510522" timestamp="2020-05-20T16:43:54Z" user="DiscountTaxi" uid="10122872" lat="43.2484168" lon="76.8344293"/>
 <node id="7541769621" visible="true" version="1" changeset="85510522" timestamp="2020-05-20T16:43:54Z" user="DiscountTaxi" uid="10122872" lat="43.2484935" lon="76.8346790"/>
 <node id="7541769622" visible="true" version="1" changeset="85510522" timestamp="2020-05-20T16:43:54Z" user="DiscountTaxi" uid="10122872" lat="43.2483931" lon="76.8347371"/>
 <node id="7541769623" visible="true" version="1" changeset="85510522" timestamp="2020-05-20T16:43:54Z" user="DiscountTaxi" uid="10122872" lat="43.2483164" lon="76.8344874"/>
 <node id="7541769624" visible="true" version="1" changeset="85510522" timestamp="2020-05-20T16:43:54Z" user="DiscountTaxi" uid="10122872" lat="43.2485384" lon="76.8342591"/>
 <node id="7541769625" visible="true" version="1" changeset="85510522" timestamp="2020-05-20T16:43:54Z" user="DiscountTaxi" uid="10122872" lat="43.2485929" lon="76.8344412"/>
 <node id="7541769626" visible="true" version="1" changeset="85510522" timestamp="2020-05-20T16:43:54Z" user="DiscountTaxi" uid="10122872" lat="43.2484874" lon="76.8344973"/>
 <node id="7541769627" visible="true" version="1" changeset="85510522" timestamp="2020-05-20T16:43:54Z" user="DiscountTaxi" uid="10122872" lat="43.2484330" lon="76.8343245"/>
 <node id="7541769628" visible="true" version="1" changeset="85510522" timestamp="2020-05-20T16:43:54Z" user="DiscountTaxi" uid="10122872" lat="43.2487629" lon="76.8344926"/>
 <node id="7541769629" visible="true" version="1" changeset="85510522" timestamp="2020-05-20T16:43:54Z" user="DiscountTaxi" uid="10122872" lat="43.2487833" lon="76.8346561"/>
 <node id="7541769630" visible="true" version="1" changeset="85510522" timestamp="2020-05-20T16:43:54Z" user="DiscountTaxi" uid="10122872" lat="43.2486915" lon="76.8346888"/>
 <node id="7541769631" visible="true" version="1" changeset="85510522" timestamp="2020-05-20T16:43:54Z" user="DiscountTaxi" uid="10122872" lat="43.2486711" lon="76.8345300"/>
 <node id="8145760712" visible="true" version="2" changeset="130204275" timestamp="2022-12-18T07:40:14Z" user="dressed-pleasekin" uid="11175011" lat="43.2444566" lon="76.8367773">
  <tag k="addr:housenumber" v="516"/>
  <tag k="addr:street" v="улица Саина"/>
 </node>
 <node id="8367024016" visible="true" version="2" changeset="124333590" timestamp="2022-08-01T08:57:42Z" user="kate_rocketdata" uid="12100948" lat="43.2445480" lon="76.8358000">
  <tag k="amenity" v="atm"/>
  <tag k="contact:email" v="info@forte.bank"/>
  <tag k="contact:instagram" v="https://www.instagram.com/fortebankkz/"/>
  <tag k="contact:phone" v="+7 800 0800819;7575"/>
  <tag k="contact:website" v="https://forte.kz"/>
  <tag k="opening_hours" v="Mo-Su 10:00-22:00"/>
 </node>
 <node id="8415296489" visible="true" version="2" changeset="130204275" timestamp="2022-12-18T07:40:14Z" user="dressed-pleasekin" uid="11175011" lat="43.2437640" lon="76.8367693"/>
 <node id="8415296490" visible="true" version="2" changeset="130204275" timestamp="2022-12-18T07:40:14Z" user="dressed-pleasekin" uid="11175011" lat="43.2437215" lon="76.8367907"/>
 <node id="8415296492" visible="true" version="1" changeset="99115448" timestamp="2021-02-11T15:00:09Z" user="DiscountTaxi" uid="10122872" lat="43.2436257" lon="76.8365053"/>
 <node id="8415296493" visible="true" version="1" changeset="99115448" timestamp="2021-02-11T15:00:09Z" user="DiscountTaxi" uid="10122872" lat="43.2436849" lon="76.8367545"/>
 <node id="8415296494" visible="true" version="1" changeset="99115448" timestamp="2021-02-11T15:00:09Z" user="DiscountTaxi" uid="10122872" lat="43.2436312" lon="76.8367786"/>
 <node id="8415296495" visible="true" version="1" changeset="99115448" timestamp="2021-02-11T15:00:09Z" user="DiscountTaxi" uid="10122872" lat="43.2435720" lon="76.8365294"/>
 <node id="8435139516" visible="true" version="1" changeset="99533059" timestamp="2021-02-18T15:11:10Z" user="Subscript" uid="11375013" lat="43.2481995" lon="76.8436049">
  <tag k="bus" v="yes"/>
  <tag k="highway" v="bus_stop"/>
  <tag k="public_transport" v="platform"/>
 </node>
 <node id="8595535705" visible="true" version="5" changeset="135608554" timestamp="2023-05-02T09:59:12Z" user="Evgeniya_rocketdata" uid="17513069" lat="43.2445522" lon="76.8359247">
  <tag k="brand" v="Kcell"/>
  <tag k="brand:wikidata" v="Q1737636"/>
  <tag k="brand:wikipedia" v="en:Kcell"/>
  <tag k="contact:facebook" v="https://www.facebook.com/kcell.kz/"/>
  <tag k="contact:instagram" v="http://instagram.com/kcell.kz"/>
  <tag k="contact:phone" v="+7 701 000 3030;+7 701 001 3030;+7 7272 58 80 00"/>
  <tag k="contact:twitter" v="https://twitter.com/kcellgsm"/>
  <tag k="contact:website" v="https://www.kcell.kz/"/>
  <tag k="contact:youtube" v="https://www.youtube.com/channel/UC1wbC0ABL4wu_1YTg-ZDpoQ"/>
  <tag k="name" v="Kcell"/>
  <tag k="office" v="telecommunication"/>
  <tag k="opening_hours" v="Mo-Fr 10:00-13:00,14:00-20:00"/>
  <tag k="operator" v="Кселл"/>
  <tag k="shop" v="mobile_phone"/>
 </node>
 <node id="8944205503" visible="true" version="2" changeset="124687593" timestamp="2022-08-09T13:55:19Z" user="FlyingWitchDog" uid="14052707" lat="43.2444290" lon="76.8356967">
  <tag k="amenity" v="atm"/>
  <tag k="brand" v="Jusan"/>
  <tag k="brand:wikidata" v="Q25485074"/>
  <tag k="contact:phone" v="+7 717 258 7711"/>
  <tag k="name" v="Jusan"/>
  <tag k="opening_hours" v="Mo-Su 10:00-23:00"/>
  <tag k="operator" v="Jusan"/>
  <tag k="operator:wikidata" v="Q25485074"/>
 </node>
 <node id="8944222191" visible="true" version="4" changeset="134298060" timestamp="2023-03-30T10:27:14Z" user="Evgeniya_rocketdata" uid="17513069" lat="43.2443900" lon="76.8358000">
  <tag k="brand" v="Mark Formelle"/>
  <tag k="brand:wikidata" v="Q25381083"/>
  <tag k="brand:wikipedia" v="ru:Mark Formelle"/>
  <tag k="contact:email" v="shop.almaty.ap51@markformelle.by"/>
  <tag k="contact:facebook" v="https://www.facebook.com/markformelle"/>
  <tag k="contact:instagram" v="https://www.instagram.com/markformelle/"/>
  <tag k="contact:ok" v="https://ok.ru/group/54581598486528"/>
  <tag k="contact:phone" v="+7 705 755 5434"/>
  <tag k="contact:vk" v="https://vk.com/clubmarkformelle"/>
  <tag k="contact:website" v="https://markformelle.kz/"/>
  <tag k="name" v="Mark Formelle"/>
  <tag k="opening_hours" v="Mo-Su 10:00-22:00"/>
  <tag k="operator" v="ООО &quot;Формэль&quot;"/>
  <tag k="shop" v="clothes"/>
  <tag k="telegram" v="https://t.me/formellekz"/>
 </node>
 <node id="9047321460" visible="true" version="2" changeset="121105318" timestamp="2022-05-17T14:59:39Z" user="kate_rocketdata" uid="12100948" lat="43.2444701" lon="76.8365015">
  <tag k="contact:email" v="feedback@fora.kz"/>
  <tag k="contact:facebook" v="https://www.facebook.com/Fora.kz"/>
  <tag k="contact:instagram" v="https://www.instagram.com/forakz/"/>
  <tag k="contact:phone" v="+7 747 330 1570;+7 747 630 1577"/>
  <tag k="contact:vk" v="https://vk.com/public42010783"/>
  <tag k="contact:website" v="https://www.fora.kz"/>
  <tag k="name" v="Fora.kz"/>
  <tag k="opening_hours" v="Mo-Su 10:00-22:00"/>
  <tag k="operator" v="ТОО &quot;FORA TRADE&quot;"/>
  <tag k="shop" v="electronics"/>
 </node>
 <node id="9504445890" visible="true" version="2" changeset="138609175" timestamp="2023-07-17T08:11:19Z" user="Evgeniya_rocketdata" uid="17513069" lat="43.2444192" lon="76.8363458">
  <tag k="contact:email" v="care@small.kz"/>
  <tag k="contact:facebook" v="https://www.facebook.com/small.kz/"/>
  <tag k="contact:instagram" v="https://www.instagram.com/small.skif"/>
  <tag k="contact:phone" v="+7 800 0707170"/>
  <tag k="contact:vk" v="https://vk.com/small.skif"/>
  <tag k="contact:website" v="https://small.kz/"/>
  <tag k="contact:youtube" v="https://www.youtube.com/channel/UC4znsimYVezD13rG3h_Fxmg"/>
  <tag k="name" v="Small"/>
  <tag k="opening_hours" v="Mo-Su 09:00-23:00"/>
  <tag k="shop" v="supermarket"/>
 </node>
 <node id="9504452251" visible="true" version="3" changeset="125610846" timestamp="2022-08-31T12:38:32Z" user="kate_rocketdata" uid="12100948" lat="43.2443391" lon="76.8360507">
  <tag k="contact:facebook" v="https://www.facebook.com/Freedom-Mobile-World-106683881476671"/>
  <tag k="contact:instagram" v="https://www.instagram.com/fmobile.kz/"/>
  <tag k="contact:phone" v="+7 747 949 9108"/>
  <tag k="contact:website" v="https://Fmobile.kz/"/>
  <tag k="name" v="Freedom Mobile"/>
  <tag k="opening_hours" v="Mo-Su 10:00-22:00"/>
  <tag k="operator" v="Мобильный Мир"/>
  <tag k="shop" v="mobile_phone"/>
 </node>
 <node id="9599948703" visible="true" version="1" changeset="118825057" timestamp="2022-03-23T14:47:37Z" user="马陵秋月" uid="9073438" lat="43.2432554" lon="76.8467741">
  <tag k="highway" v="crossing"/>
 </node>
 <node id="9599948704" visible="true" version="1" changeset="118825057" timestamp="2022-03-23T14:47:37Z" user="马陵秋月" uid="9073438" lat="43.2433880" lon="76.8473526">
  <tag k="highway" v="crossing"/>
 </node>
 <node id="9807865263" visible="true" version="1" changeset="122193090" timestamp="2022-06-10T06:20:06Z" user="SEVEN" uid="127989" lat="43.2478076" lon="76.8372516"/>
 <node id="9807865264" visible="true" version="1" changeset="122193090" timestamp="2022-06-10T06:20:06Z" user="SEVEN" uid="127989" lat="43.2473690" lon="76.8381587"/>
 <node id="9807865265" visible="true" version="1" changeset="122193090" timestamp="2022-06-10T06:20:06Z" user="SEVEN" uid="127989" lat="43.2472154" lon="76.8377460"/>
 <node id="9807865266" visible="true" version="1" changeset="122193090" timestamp="2022-06-10T06:20:06Z" user="SEVEN" uid="127989" lat="43.2473165" lon="76.8378152"/>
 <node id="9807865267" visible="true" version="1" changeset="122193090" timestamp="2022-06-10T06:20:06Z" user="SEVEN" uid="127989" lat="43.2464613" lon="76.8364397"/>
 <node id="9807865268" visible="true" version="1" changeset="122193090" timestamp="2022-06-10T06:20:06Z" user="SEVEN" uid="127989" lat="43.2443591" lon="76.8375579"/>
 <node id="9807865269" visible="true" version="2" changeset="158525613" timestamp="2024-10-30T05:41:02Z" user="nuruk" uid="20180657" lat="43.2455281" lon="76.8368669">
  <tag k="highway" v="give_way"/>
 </node>
 <node id="9807865270" visible="true" version="1" changeset="122193090" timestamp="2022-06-10T06:20:06Z" user="SEVEN" uid="127989" lat="43.2448313" lon="76.8348908"/>
 <node id="9807865271" visible="true" version="1" changeset="122193090" timestamp="2022-06-10T06:20:06Z" user="SEVEN" uid="127989" lat="43.2447363" lon="76.8367780"/>
 <node id="10101257180" visible="true" version="1" changeset="127528613" timestamp="2022-10-14T14:33:41Z" user="evgeniyakz" uid="16572338" lat="43.2438187" lon="76.8467841"/>
 <node id="10101257181" visible="true" version="1" changeset="127528613" timestamp="2022-10-14T14:33:41Z" user="evgeniyakz" uid="16572338" lat="43.2437129" lon="76.8468315"/>
 <node id="10101257182" visible="true" version="1" changeset="127528613" timestamp="2022-10-14T14:33:41Z" user="evgeniyakz" uid="16572338" lat="43.2436708" lon="76.8466542"/>
 <node id="10101257183" visible="true" version="1" changeset="127528613" timestamp="2022-10-14T14:33:41Z" user="evgeniyakz" uid="16572338" lat="43.2437766" lon="76.8466068"/>
 <node id="10108011163" visible="true" version="2" changeset="138609175" timestamp="2023-07-17T08:11:19Z" user="Evgeniya_rocketdata" uid="17513069" lat="43.2446303" lon="76.8359542">
  <tag k="amenity" v="fast_food"/>
  <tag k="contact:email" v="Lanzhoukafe@gmail.com"/>
  <tag k="contact:instagram" v="https://www.instagram.com/lanzhou_kafe/"/>
  <tag k="contact:phone" v="+7 747 477 5265"/>
  <tag k="contact:website" v="https://lapsha.kz/"/>
  <tag k="name" v="Lanzhou"/>
  <tag k="opening_hours" v="Mo-Su 10:00-22:00"/>
  <tag k="operator" v="ТОО &quot;DRL&quot;"/>
 </node>
 <node id="10181900879" visible="true" version="3" changeset="143591279" timestamp="2023-11-03T20:56:19Z" user="LexIgnatov" uid="316868" lat="43.2556142" lon="76.8317483"/>
 <node id="10244614893" visible="true" version="1" changeset="129822125" timestamp="2022-12-07T13:17:14Z" user="dressed-pleasekin" uid="11175011" lat="43.2492737" lon="76.8478746"/>
 <node id="10244614904" visible="true" version="1" changeset="129822125" timestamp="2022-12-07T13:17:14Z" user="dressed-pleasekin" uid="11175011" lat="43.2479438" lon="76.8466541"/>
 <node id="10244614905" visible="true" version="1" changeset="129822125" timestamp="2022-12-07T13:17:14Z" user="dressed-pleasekin" uid="11175011" lat="43.2479873" lon="76.8468301"/>
 <node id="10244614906" visible="true" version="1" changeset="129822125" timestamp="2022-12-07T13:17:14Z" user="dressed-pleasekin" uid="11175011" lat="43.2478901" lon="76.8468753"/>
 <node id="10244614907" visible="true" version="1" changeset="129822125" timestamp="2022-12-07T13:17:14Z" user="dressed-pleasekin" uid="11175011" lat="43.2480611" lon="76.8475675"/>
 <node id="10244614908" visible="true" version="1" changeset="129822125" timestamp="2022-12-07T13:17:14Z" user="dressed-pleasekin" uid="11175011" lat="43.2478942" lon="76.8476452"/>
 <node id="10244620709" visible="true" version="1" changeset="129822125" timestamp="2022-12-07T13:17:14Z" user="dressed-pleasekin" uid="11175011" lat="43.2477205" lon="76.8469417"/>
 <node id="10244620710" visible="true" version="1" changeset="129822125" timestamp="2022-12-07T13:17:14Z" user="dressed-pleasekin" uid="11175011" lat="43.2476758" lon="76.8469625"/>
 <node id="10244620711" visible="true" version="1" changeset="129822125" timestamp="2022-12-07T13:17:14Z" user="dressed-pleasekin" uid="11175011" lat="43.2476351" lon="76.8467977"/>
 <node id="10244620712" visible="true" version="1" changeset="129822125" timestamp="2022-12-07T13:17:14Z" user="dressed-pleasekin" uid="11175011" lat="43.2439945" lon="76.8390739"/>
 <node id="10244620713" visible="true" version="1" changeset="129822125" timestamp="2022-12-07T13:17:14Z" user="dressed-pleasekin" uid="11175011" lat="43.2439387" lon="76.8390989"/>
 <node id="10244620714" visible="true" version="1" changeset="129822125" timestamp="2022-12-07T13:17:14Z" user="dressed-pleasekin" uid="11175011" lat="43.2439285" lon="76.8390560"/>
 <node id="10244620715" visible="true" version="1" changeset="129822125" timestamp="2022-12-07T13:17:14Z" user="dressed-pleasekin" uid="11175011" lat="43.2438642" lon="76.8390848"/>
 <node id="10244620716" visible="true" version="1" changeset="129822125" timestamp="2022-12-07T13:17:14Z" user="dressed-pleasekin" uid="11175011" lat="43.2442448" lon="76.8406883"/>
 <node id="10244620717" visible="true" version="1" changeset="129822125" timestamp="2022-12-07T13:17:14Z" user="dressed-pleasekin" uid="11175011" lat="43.2443651" lon="76.8406345"/>
 <node id="10244620718" visible="true" version="1" changeset="129822125" timestamp="2022-12-07T13:17:14Z" user="dressed-pleasekin" uid="11175011" lat="43.2440040" lon="76.8388817"/>
 <node id="10244620719" visible="true" version="1" changeset="129822125" timestamp="2022-12-07T13:17:14Z" user="dressed-pleasekin" uid="11175011" lat="43.2451245" lon="76.8435298"/>
 <node id="10244620720" visible="true" version="1" changeset="129822125" timestamp="2022-12-07T13:17:14Z" user="dressed-pleasekin" uid="11175011" lat="43.2452486" lon="76.8434734"/>
 <node id="10244620721" visible="true" version="1" changeset="129822125" timestamp="2022-12-07T13:17:14Z" user="dressed-pleasekin" uid="11175011" lat="43.2440728" lon="76.8388505"/>
 <node id="10244620723" visible="true" version="1" changeset="129822125" timestamp="2022-12-07T13:17:14Z" user="dressed-pleasekin" uid="11175011" lat="43.2450673" lon="76.8427216"/>
 <node id="10244620724" visible="true" version="1" changeset="129822125" timestamp="2022-12-07T13:17:14Z" user="dressed-pleasekin" uid="11175011" lat="43.2450377" lon="76.8425974"/>
 <node id="10244620725" visible="true" version="1" changeset="129822125" timestamp="2022-12-07T13:17:14Z" user="dressed-pleasekin" uid="11175011" lat="43.2450009" lon="76.8426142"/>
 <node id="10244620726" visible="true" version="1" changeset="129822125" timestamp="2022-12-07T13:17:14Z" user="dressed-pleasekin" uid="11175011" lat="43.2450308" lon="76.8427382"/>
 <node id="10244620727" visible="true" version="2" changeset="129824140" timestamp="2022-12-07T14:17:33Z" user="dressed-pleasekin" uid="11175011" lat="43.2449274" lon="76.8421305"/>
 <node id="10244620728" visible="true" version="1" changeset="129822125" timestamp="2022-12-07T13:17:14Z" user="dressed-pleasekin" uid="11175011" lat="43.2448687" lon="76.8421542"/>
 <node id="10244620729" visible="true" version="1" changeset="129822125" timestamp="2022-12-07T13:17:14Z" user="dressed-pleasekin" uid="11175011" lat="43.2443845" lon="76.8407250"/>
 <node id="10244620730" visible="true" version="1" changeset="129822125" timestamp="2022-12-07T13:17:14Z" user="dressed-pleasekin" uid="11175011" lat="43.2442729" lon="76.8407754"/>
 <node id="10244620731" visible="true" version="1" changeset="129822125" timestamp="2022-12-07T13:17:14Z" user="dressed-pleasekin" uid="11175011" lat="43.2449509" lon="76.8436028"/>
 <node id="10244620732" visible="true" version="1" changeset="129822125" timestamp="2022-12-07T13:17:14Z" user="dressed-pleasekin" uid="11175011" lat="43.2450629" lon="76.8435521"/>
 <node id="10244620737" visible="true" version="1" changeset="129822125" timestamp="2022-12-07T13:17:14Z" user="dressed-pleasekin" uid="11175011" lat="43.2438096" lon="76.8391129"/>
 <node id="10244620738" visible="true" version="1" changeset="129822125" timestamp="2022-12-07T13:17:14Z" user="dressed-pleasekin" uid="11175011" lat="43.2437476" lon="76.8391409"/>
 <node id="10244620739" visible="true" version="1" changeset="129822125" timestamp="2022-12-07T13:17:14Z" user="dressed-pleasekin" uid="11175011" lat="43.2448332" lon="76.8436715"/>
 <node id="10244620740" visible="true" version="1" changeset="129822125" timestamp="2022-12-07T13:17:14Z" user="dressed-pleasekin" uid="11175011" lat="43.2448953" lon="76.8436434"/>
 <node id="10244620741" visible="true" version="1" changeset="129822125" timestamp="2022-12-07T13:17:14Z" user="dressed-pleasekin" uid="11175011" lat="43.2446756" lon="76.8437355"/>
 <node id="10244620742" visible="true" version="1" changeset="129822125" timestamp="2022-12-07T13:17:14Z" user="dressed-pleasekin" uid="11175011" lat="43.2446646" lon="76.8437416"/>
 <node id="10244620743" visible="true" version="1" changeset="129822125" timestamp="2022-12-07T13:17:14Z" user="dressed-pleasekin" uid="11175011" lat="43.2446800" lon="76.8437945"/>
 <node id="10244620744" visible="true" version="1" changeset="129822125" timestamp="2022-12-07T13:17:14Z" user="dressed-pleasekin" uid="11175011" lat="43.2447901" lon="76.8437386"/>
 <node id="10244620745" visible="true" version="1" changeset="129822125" timestamp="2022-12-07T13:17:14Z" user="dressed-pleasekin" uid="11175011" lat="43.2447648" lon="76.8436207"/>
 <node id="10244620746" visible="true" version="1" changeset="129822125" timestamp="2022-12-07T13:17:14Z" user="dressed-pleasekin" uid="11175011" lat="43.2447307" lon="76.8436388"/>
 <node id="10244620747" visible="true" version="1" changeset="129822125" timestamp="2022-12-07T13:17:14Z" user="dressed-pleasekin" uid="11175011" lat="43.2439448" lon="76.8404221"/>
 <node id="10244620748" visible="true" version="1" changeset="129822125" timestamp="2022-12-07T13:17:14Z" user="dressed-pleasekin" uid="11175011" lat="43.2438656" lon="76.8401698"/>
 <node id="10244620749" visible="true" version="1" changeset="129822125" timestamp="2022-12-07T13:17:14Z" user="dressed-pleasekin" uid="11175011" lat="43.2438755" lon="76.8401396"/>
 <node id="10244620750" visible="true" version="1" changeset="129822125" timestamp="2022-12-07T13:17:14Z" user="dressed-pleasekin" uid="11175011" lat="43.2438546" lon="76.8400383"/>
 <node id="10244620751" visible="true" version="1" changeset="129822125" timestamp="2022-12-07T13:17:14Z" user="dressed-pleasekin" uid="11175011" lat="43.2437566" lon="76.8400837"/>
 <node id="10244620752" visible="true" version="1" changeset="129822125" timestamp="2022-12-07T13:17:14Z" user="dressed-pleasekin" uid="11175011" lat="43.2437874" lon="76.8402030"/>
 <node id="10244620753" visible="true" version="1" changeset="129822125" timestamp="2022-12-07T13:17:14Z" user="dressed-pleasekin" uid="11175011" lat="43.2437995" lon="76.8402030"/>
 <node id="10244620754" visible="true" version="1" changeset="129822125" timestamp="2022-12-07T13:17:14Z" user="dressed-pleasekin" uid="11175011" lat="43.2443831" lon="76.8425171"/>
 <node id="10244620755" visible="true" version="1" changeset="129822125" timestamp="2022-12-07T13:17:14Z" user="dressed-pleasekin" uid="11175011" lat="43.2446206" lon="76.8438035"/>
 <node id="10244620756" visible="true" version="1" changeset="129822125" timestamp="2022-12-07T13:17:14Z" user="dressed-pleasekin" uid="11175011" lat="43.2445645" lon="76.8438307"/>
 <node id="10244620757" visible="true" version="1" changeset="129822125" timestamp="2022-12-07T13:17:14Z" user="dressed-pleasekin" uid="11175011" lat="43.2438799" lon="76.8410748"/>
 <node id="10244620758" visible="true" version="1" changeset="129822125" timestamp="2022-12-07T13:17:14Z" user="dressed-pleasekin" uid="11175011" lat="43.2436576" lon="76.8401335"/>
 <node id="10244620759" visible="true" version="1" changeset="129822125" timestamp="2022-12-07T13:17:14Z" user="dressed-pleasekin" uid="11175011" lat="43.2437203" lon="76.8401078"/>
 <node id="10244620760" visible="true" version="1" changeset="129822125" timestamp="2022-12-07T13:17:14Z" user="dressed-pleasekin" uid="11175011" lat="43.2437808" lon="76.8403783"/>
 <node id="10244620761" visible="true" version="1" changeset="129822125" timestamp="2022-12-07T13:17:14Z" user="dressed-pleasekin" uid="11175011" lat="43.2438017" lon="76.8404418"/>
 <node id="10244620762" visible="true" version="1" changeset="129822125" timestamp="2022-12-07T13:17:14Z" user="dressed-pleasekin" uid="11175011" lat="43.2441055" lon="76.8416958"/>
 <node id="10244620763" visible="true" version="1" changeset="129822125" timestamp="2022-12-07T13:17:14Z" user="dressed-pleasekin" uid="11175011" lat="43.2460117" lon="76.8459385">
  <tag k="power" v="tower"/>
 </node>
 <node id="10244620764" visible="true" version="1" changeset="129822125" timestamp="2022-12-07T13:17:14Z" user="dressed-pleasekin" uid="11175011" lat="43.2450720" lon="76.8422788"/>
 <node id="10244620765" visible="true" version="1" changeset="129822125" timestamp="2022-12-07T13:17:14Z" user="dressed-pleasekin" uid="11175011" lat="43.2451806" lon="76.8422293"/>
 <node id="10244620766" visible="true" version="1" changeset="129822125" timestamp="2022-12-07T13:17:14Z" user="dressed-pleasekin" uid="11175011" lat="43.2460565" lon="76.8458542"/>
 <node id="10244620767" visible="true" version="1" changeset="129822125" timestamp="2022-12-07T13:17:14Z" user="dressed-pleasekin" uid="11175011" lat="43.2459483" lon="76.8459034"/>
 <node id="10244620768" visible="true" version="1" changeset="129822125" timestamp="2022-12-07T13:17:14Z" user="dressed-pleasekin" uid="11175011" lat="43.2463190" lon="76.8478787"/>
 <node id="10244620769" visible="true" version="1" changeset="129822125" timestamp="2022-12-07T13:17:14Z" user="dressed-pleasekin" uid="11175011" lat="43.2462530" lon="76.8479346"/>
 <node id="10244620770" visible="true" version="1" changeset="129822125" timestamp="2022-12-07T13:17:14Z" user="dressed-pleasekin" uid="11175011" lat="43.2451524" lon="76.8436648"/>
 <node id="10244620771" visible="true" version="1" changeset="129822125" timestamp="2022-12-07T13:17:14Z" user="dressed-pleasekin" uid="11175011" lat="43.2451799" lon="76.8436497"/>
 <node id="10244620772" visible="true" version="1" changeset="129822125" timestamp="2022-12-07T13:17:14Z" user="dressed-pleasekin" uid="11175011" lat="43.2451612" lon="76.8435771"/>
 <node id="10244620773" visible="true" version="1" changeset="129822125" timestamp="2022-12-07T13:17:14Z" user="dressed-pleasekin" uid="11175011" lat="43.2452558" lon="76.8435409"/>
 <node id="10244620774" visible="true" version="1" changeset="129822125" timestamp="2022-12-07T13:17:14Z" user="dressed-pleasekin" uid="11175011" lat="43.2459935" lon="76.8464168"/>
 <node id="10244620775" visible="true" version="1" changeset="129822125" timestamp="2022-12-07T13:17:14Z" user="dressed-pleasekin" uid="11175011" lat="43.2459550" lon="76.8464448"/>
 <node id="10244620778" visible="true" version="1" changeset="129822125" timestamp="2022-12-07T13:17:14Z" user="dressed-pleasekin" uid="11175011" lat="43.2458186" lon="76.8465453"/>
 <node id="10244620779" visible="true" version="1" changeset="129822125" timestamp="2022-12-07T13:17:14Z" user="dressed-pleasekin" uid="11175011" lat="43.2457012" lon="76.8466015"/>
 <node id="10244620780" visible="true" version="1" changeset="129822125" timestamp="2022-12-07T13:17:14Z" user="dressed-pleasekin" uid="11175011" lat="43.2449771" lon="76.8437469"/>
 <node id="10244620781" visible="true" version="1" changeset="129822125" timestamp="2022-12-07T13:17:14Z" user="dressed-pleasekin" uid="11175011" lat="43.2450950" lon="76.8436906"/>
 <node id="10244620782" visible="true" version="1" changeset="129822125" timestamp="2022-12-07T13:17:14Z" user="dressed-pleasekin" uid="11175011" lat="43.2449048" lon="76.8437583"/>
 <node id="10244620783" visible="true" version="1" changeset="129822125" timestamp="2022-12-07T13:17:14Z" user="dressed-pleasekin" uid="11175011" lat="43.2448415" lon="76.8437889"/>
 <node id="10244620784" visible="true" version="1" changeset="129822125" timestamp="2022-12-07T13:17:14Z" user="dressed-pleasekin" uid="11175011" lat="43.2459077" lon="76.8479509"/>
 <node id="10244620785" visible="true" version="1" changeset="129822125" timestamp="2022-12-07T13:17:14Z" user="dressed-pleasekin" uid="11175011" lat="43.2459703" lon="76.8479207"/>
 <node id="10244620786" visible="true" version="1" changeset="129822125" timestamp="2022-12-07T13:17:14Z" user="dressed-pleasekin" uid="11175011" lat="43.2458215" lon="76.8466159"/>
 <node id="10244620787" visible="true" version="1" changeset="129822125" timestamp="2022-12-07T13:17:14Z" user="dressed-pleasekin" uid="11175011" lat="43.2457132" lon="76.8466691"/>
 <node id="10244620788" visible="true" version="1" changeset="129822125" timestamp="2022-12-07T13:17:14Z" user="dressed-pleasekin" uid="11175011" lat="43.2460421" lon="76.8479308"/>
 <node id="10244620789" visible="true" version="1" changeset="129822125" timestamp="2022-12-07T13:17:14Z" user="dressed-pleasekin" uid="11175011" lat="43.2461506" lon="76.8478775"/>
 <node id="10244620790" visible="true" version="1" changeset="129822125" timestamp="2022-12-07T13:17:14Z" user="dressed-pleasekin" uid="11175011" lat="43.2456321" lon="76.8476902"/>
 <node id="10244620791" visible="true" version="1" changeset="129822125" timestamp="2022-12-07T13:17:14Z" user="dressed-pleasekin" uid="11175011" lat="43.2457085" lon="76.8476563"/>
 <node id="10244620792" visible="true" version="1" changeset="129822125" timestamp="2022-12-07T13:17:14Z" user="dressed-pleasekin" uid="11175011" lat="43.2448213" lon="76.8438826"/>
 <node id="10244620793" visible="true" version="1" changeset="129822125" timestamp="2022-12-07T13:17:14Z" user="dressed-pleasekin" uid="11175011" lat="43.2447454" lon="76.8439162"/>
 <node id="10244620794" visible="true" version="1" changeset="129822125" timestamp="2022-12-07T13:17:14Z" user="dressed-pleasekin" uid="11175011" lat="43.2454761" lon="76.8473139"/>
 <node id="10244620795" visible="true" version="1" changeset="129822125" timestamp="2022-12-07T13:17:14Z" user="dressed-pleasekin" uid="11175011" lat="43.2454124" lon="76.8473416"/>
 <node id="10244620796" visible="true" version="1" changeset="129822125" timestamp="2022-12-07T13:17:14Z" user="dressed-pleasekin" uid="11175011" lat="43.2446083" lon="76.8438541"/>
 <node id="10244620797" visible="true" version="1" changeset="129822125" timestamp="2022-12-07T13:17:14Z" user="dressed-pleasekin" uid="11175011" lat="43.2446715" lon="76.8438266"/>
 <node id="10244620806" visible="true" version="1" changeset="129822125" timestamp="2022-12-07T13:17:14Z" user="dressed-pleasekin" uid="11175011" lat="43.2434322" lon="76.8434324"/>
 <node id="10244620807" visible="true" version="1" changeset="129822125" timestamp="2022-12-07T13:17:14Z" user="dressed-pleasekin" uid="11175011" lat="43.2433140" lon="76.8434957"/>
 <node id="10244620808" visible="true" version="1" changeset="129822125" timestamp="2022-12-07T13:17:14Z" user="dressed-pleasekin" uid="11175011" lat="43.2435530" lon="76.8443359"/>
 <node id="10244620809" visible="true" version="1" changeset="129822125" timestamp="2022-12-07T13:17:14Z" user="dressed-pleasekin" uid="11175011" lat="43.2436711" lon="76.8442726"/>
 <node id="10244620810" visible="true" version="1" changeset="129822125" timestamp="2022-12-07T13:17:14Z" user="dressed-pleasekin" uid="11175011" lat="43.2434199" lon="76.8438516"/>
 <node id="10244620813" visible="true" version="1" changeset="129822125" timestamp="2022-12-07T13:17:14Z" user="dressed-pleasekin" uid="11175011" lat="43.2435219" lon="76.8442435"/>
 <node id="10244620828" visible="true" version="1" changeset="129822125" timestamp="2022-12-07T13:17:14Z" user="dressed-pleasekin" uid="11175011" lat="43.2433498" lon="76.8427576"/>
 <node id="10244620829" visible="true" version="1" changeset="129822125" timestamp="2022-12-07T13:17:14Z" user="dressed-pleasekin" uid="11175011" lat="43.2434438" lon="76.8430940"/>
 <node id="10244620830" visible="true" version="1" changeset="129822125" timestamp="2022-12-07T13:17:14Z" user="dressed-pleasekin" uid="11175011" lat="43.2436264" lon="76.8429979"/>
 <node id="10244620831" visible="true" version="1" changeset="129822125" timestamp="2022-12-07T13:17:14Z" user="dressed-pleasekin" uid="11175011" lat="43.2436387" lon="76.8430420"/>
 <node id="10244620832" visible="true" version="1" changeset="129822125" timestamp="2022-12-07T13:17:14Z" user="dressed-pleasekin" uid="11175011" lat="43.2436275" lon="76.8430479"/>
 <node id="10244620833" visible="true" version="1" changeset="129822125" timestamp="2022-12-07T13:17:14Z" user="dressed-pleasekin" uid="11175011" lat="43.2437009" lon="76.8433117"/>
 <node id="10244620834" visible="true" version="1" changeset="129822125" timestamp="2022-12-07T13:17:14Z" user="dressed-pleasekin" uid="11175011" lat="43.2436429" lon="76.8433421"/>
 <node id="10244620835" visible="true" version="1" changeset="129822125" timestamp="2022-12-07T13:17:14Z" user="dressed-pleasekin" uid="11175011" lat="43.2438522" lon="76.8440948"/>
 <node id="10244620836" visible="true" version="1" changeset="129822125" timestamp="2022-12-07T13:17:14Z" user="dressed-pleasekin" uid="11175011" lat="43.2436987" lon="76.8441752"/>
 <node id="10244620837" visible="true" version="1" changeset="129822125" timestamp="2022-12-07T13:17:14Z" user="dressed-pleasekin" uid="11175011" lat="43.2437244" lon="76.8442676"/>
 <node id="10244620838" visible="true" version="1" changeset="129822125" timestamp="2022-12-07T13:17:14Z" user="dressed-pleasekin" uid="11175011" lat="43.2441590" lon="76.8440398"/>
 <node id="10244620839" visible="true" version="1" changeset="129822125" timestamp="2022-12-07T13:17:14Z" user="dressed-pleasekin" uid="11175011" lat="43.2439431" lon="76.8432638"/>
 <node id="10244620840" visible="true" version="1" changeset="129822125" timestamp="2022-12-07T13:17:14Z" user="dressed-pleasekin" uid="11175011" lat="43.2438387" lon="76.8433186"/>
 <node id="10244620841" visible="true" version="1" changeset="129822125" timestamp="2022-12-07T13:17:14Z" user="dressed-pleasekin" uid="11175011" lat="43.2438044" lon="76.8431954"/>
 <node id="10244620842" visible="true" version="1" changeset="129822125" timestamp="2022-12-07T13:17:14Z" user="dressed-pleasekin" uid="11175011" lat="43.2437600" lon="76.8432187"/>
 <node id="10244620843" visible="true" version="1" changeset="129822125" timestamp="2022-12-07T13:17:14Z" user="dressed-pleasekin" uid="11175011" lat="43.2436334" lon="76.8427650"/>
 <node id="10244620844" visible="true" version="1" changeset="129822125" timestamp="2022-12-07T13:17:14Z" user="dressed-pleasekin" uid="11175011" lat="43.2434294" lon="76.8428723"/>
 <node id="10244620845" visible="true" version="1" changeset="129822125" timestamp="2022-12-07T13:17:14Z" user="dressed-pleasekin" uid="11175011" lat="43.2433913" lon="76.8427358"/>
 <node id="10244620846" visible="true" version="1" changeset="129822125" timestamp="2022-12-07T13:17:14Z" user="dressed-pleasekin" uid="11175011" lat="43.2435053" lon="76.8406875"/>
 <node id="10244620847" visible="true" version="1" changeset="129822125" timestamp="2022-12-07T13:17:14Z" user="dressed-pleasekin" uid="11175011" lat="43.2436677" lon="76.8406175"/>
 <node id="10244620848" visible="true" version="1" changeset="129822125" timestamp="2022-12-07T13:17:14Z" user="dressed-pleasekin" uid="11175011" lat="43.2438626" lon="76.8414707"/>
 <node id="10244620849" visible="true" version="1" changeset="129822125" timestamp="2022-12-07T13:17:14Z" user="dressed-pleasekin" uid="11175011" lat="43.2437000" lon="76.8415406"/>
 <node id="10244620850" visible="true" version="1" changeset="129822125" timestamp="2022-12-07T13:17:14Z" user="dressed-pleasekin" uid="11175011" lat="43.2438130" lon="76.8394537"/>
 <node id="10244620851" visible="true" version="1" changeset="129822125" timestamp="2022-12-07T13:17:14Z" user="dressed-pleasekin" uid="11175011" lat="43.2437474" lon="76.8394818"/>
 <node id="10244620852" visible="true" version="1" changeset="129822125" timestamp="2022-12-07T13:17:14Z" user="dressed-pleasekin" uid="11175011" lat="43.2438048" lon="76.8397342"/>
 <node id="10244620853" visible="true" version="1" changeset="129822125" timestamp="2022-12-07T13:17:14Z" user="dressed-pleasekin" uid="11175011" lat="43.2437842" lon="76.8397430"/>
 <node id="10244620854" visible="true" version="1" changeset="129822125" timestamp="2022-12-07T13:17:14Z" user="dressed-pleasekin" uid="11175011" lat="43.2438186" lon="76.8398945"/>
 <node id="10244620855" visible="true" version="1" changeset="129822125" timestamp="2022-12-07T13:17:14Z" user="dressed-pleasekin" uid="11175011" lat="43.2439047" lon="76.8398576"/>
 <node id="10244620856" visible="true" version="1" changeset="129822125" timestamp="2022-12-07T13:17:14Z" user="dressed-pleasekin" uid="11175011" lat="43.2435754" lon="76.8387819"/>
 <node id="10244620857" visible="true" version="1" changeset="129822125" timestamp="2022-12-07T13:17:14Z" user="dressed-pleasekin" uid="11175011" lat="43.2437889" lon="76.8386988"/>
 <node id="10244620858" visible="true" version="1" changeset="129822125" timestamp="2022-12-07T13:17:14Z" user="dressed-pleasekin" uid="11175011" lat="43.2438307" lon="76.8387442"/>
 <node id="10244620859" visible="true" version="1" changeset="129822125" timestamp="2022-12-07T13:17:14Z" user="dressed-pleasekin" uid="11175011" lat="43.2438648" lon="76.8387306"/>
 <node id="10244620860" visible="true" version="1" changeset="129822125" timestamp="2022-12-07T13:17:14Z" user="dressed-pleasekin" uid="11175011" lat="43.2439078" lon="76.8389088"/>
 <node id="10244620861" visible="true" version="1" changeset="129822125" timestamp="2022-12-07T13:17:14Z" user="dressed-pleasekin" uid="11175011" lat="43.2436282" lon="76.8390312"/>
 <node id="10244620862" visible="true" version="1" changeset="129822125" timestamp="2022-12-07T13:17:14Z" user="dressed-pleasekin" uid="11175011" lat="43.2437781" lon="76.8389656"/>
 <node id="10244620863" visible="true" version="1" changeset="129822125" timestamp="2022-12-07T13:17:14Z" user="dressed-pleasekin" uid="11175011" lat="43.2437032" lon="76.8389984"/>
 <node id="10244620864" visible="true" version="1" changeset="129822125" timestamp="2022-12-07T13:17:14Z" user="dressed-pleasekin" uid="11175011" lat="43.2437241" lon="76.8390968"/>
 <node id="10244620865" visible="true" version="1" changeset="129822125" timestamp="2022-12-07T13:17:14Z" user="dressed-pleasekin" uid="11175011" lat="43.2438028" lon="76.8390660"/>
 <node id="10244620866" visible="true" version="1" changeset="129822125" timestamp="2022-12-07T13:17:14Z" user="dressed-pleasekin" uid="11175011" lat="43.2440325" lon="76.8384494"/>
 <node id="10244620867" visible="true" version="1" changeset="129822125" timestamp="2022-12-07T13:17:14Z" user="dressed-pleasekin" uid="11175011" lat="43.2441235" lon="76.8384616"/>
 <node id="10244620868" visible="true" version="1" changeset="129822125" timestamp="2022-12-07T13:17:14Z" user="dressed-pleasekin" uid="11175011" lat="43.2441268" lon="76.8384405"/>
 <node id="10244620869" visible="true" version="1" changeset="129822125" timestamp="2022-12-07T13:17:14Z" user="dressed-pleasekin" uid="11175011" lat="43.2441686" lon="76.8384510"/>
 <node id="10244620870" visible="true" version="1" changeset="129822125" timestamp="2022-12-07T13:17:14Z" user="dressed-pleasekin" uid="11175011" lat="43.2441653" lon="76.8385417"/>
 <node id="10244620871" visible="true" version="1" changeset="129822125" timestamp="2022-12-07T13:17:14Z" user="dressed-pleasekin" uid="11175011" lat="43.2440982" lon="76.8385220"/>
 <node id="10244620872" visible="true" version="1" changeset="129822125" timestamp="2022-12-07T13:17:14Z" user="dressed-pleasekin" uid="11175011" lat="43.2440500" lon="76.8385461"/>
 <node id="10244620873" visible="true" version="1" changeset="129822125" timestamp="2022-12-07T13:17:14Z" user="dressed-pleasekin" uid="11175011" lat="43.2449444" lon="76.8368407">
  <tag k="power" v="tower"/>
 </node>
 <node id="10244620874" visible="true" version="1" changeset="129822125" timestamp="2022-12-07T13:17:14Z" user="dressed-pleasekin" uid="11175011" lat="43.2441737" lon="76.8371353">
  <tag k="power" v="tower"/>
 </node>
 <node id="10244620875" visible="true" version="1" changeset="129822125" timestamp="2022-12-07T13:17:14Z" user="dressed-pleasekin" uid="11175011" lat="43.2460914" lon="76.8366067">
  <tag k="power" v="tower"/>
 </node>
 <node id="10244620876" visible="true" version="1" changeset="129822125" timestamp="2022-12-07T13:17:14Z" user="dressed-pleasekin" uid="11175011" lat="43.2471986" lon="76.8365552">
  <tag k="power" v="tower"/>
 </node>
 <node id="10244621038" visible="true" version="1" changeset="129822125" timestamp="2022-12-07T13:17:14Z" user="dressed-pleasekin" uid="11175011" lat="43.2492358" lon="76.8410902"/>
 <node id="10244621040" visible="true" version="1" changeset="129822125" timestamp="2022-12-07T13:17:14Z" user="dressed-pleasekin" uid="11175011" lat="43.2484778" lon="76.8416482"/>
 <node id="10244621041" visible="true" version="1" changeset="129822125" timestamp="2022-12-07T13:17:14Z" user="dressed-pleasekin" uid="11175011" lat="43.2485811" lon="76.8415861"/>
 <node id="10244621042" visible="true" version="1" changeset="129822125" timestamp="2022-12-07T13:17:14Z" user="dressed-pleasekin" uid="11175011" lat="43.2486876" lon="76.8416105"/>
 <node id="10244621043" visible="true" version="1" changeset="129822125" timestamp="2022-12-07T13:17:14Z" user="dressed-pleasekin" uid="11175011" lat="43.2487312" lon="76.8417235"/>
 <node id="10244621044" visible="true" version="1" changeset="129822125" timestamp="2022-12-07T13:17:14Z" user="dressed-pleasekin" uid="11175011" lat="43.2487876" lon="76.8418276"/>
 <node id="10244621045" visible="true" version="1" changeset="129822125" timestamp="2022-12-07T13:17:14Z" user="dressed-pleasekin" uid="11175011" lat="43.2488570" lon="76.8418830"/>
 <node id="10244621046" visible="true" version="1" changeset="129822125" timestamp="2022-12-07T13:17:14Z" user="dressed-pleasekin" uid="11175011" lat="43.2490071" lon="76.8420535"/>
 <node id="10244621047" visible="true" version="1" changeset="129822125" timestamp="2022-12-07T13:17:14Z" user="dressed-pleasekin" uid="11175011" lat="43.2490877" lon="76.8421089"/>
 <node id="10244621048" visible="true" version="1" changeset="129822125" timestamp="2022-12-07T13:17:14Z" user="dressed-pleasekin" uid="11175011" lat="43.2491265" lon="76.8422441"/>
 <node id="10244621049" visible="true" version="1" changeset="129822125" timestamp="2022-12-07T13:17:14Z" user="dressed-pleasekin" uid="11175011" lat="43.2491942" lon="76.8423105"/>
 <node id="10244621050" visible="true" version="1" changeset="129822125" timestamp="2022-12-07T13:17:14Z" user="dressed-pleasekin" uid="11175011" lat="43.2492039" lon="76.8424279"/>
 <node id="10244621051" visible="true" version="1" changeset="129822125" timestamp="2022-12-07T13:17:14Z" user="dressed-pleasekin" uid="11175011" lat="43.2491571" lon="76.8424877"/>
 <node id="10244621052" visible="true" version="1" changeset="129822125" timestamp="2022-12-07T13:17:14Z" user="dressed-pleasekin" uid="11175011" lat="43.2490926" lon="76.8423725"/>
 <node id="10244621053" visible="true" version="1" changeset="129822125" timestamp="2022-12-07T13:17:14Z" user="dressed-pleasekin" uid="11175011" lat="43.2489942" lon="76.8422551"/>
 <node id="10244621054" visible="true" version="1" changeset="129822125" timestamp="2022-12-07T13:17:14Z" user="dressed-pleasekin" uid="11175011" lat="43.2489490" lon="76.8421532"/>
 <node id="10244621055" visible="true" version="1" changeset="129822125" timestamp="2022-12-07T13:17:14Z" user="dressed-pleasekin" uid="11175011" lat="43.2489086" lon="76.8421134"/>
 <node id="10244621056" visible="true" version="1" changeset="129822125" timestamp="2022-12-07T13:17:14Z" user="dressed-pleasekin" uid="11175011" lat="43.2488796" lon="76.8420491"/>
 <node id="10244621057" visible="true" version="1" changeset="129822125" timestamp="2022-12-07T13:17:14Z" user="dressed-pleasekin" uid="11175011" lat="43.2487231" lon="76.8419118"/>
 <node id="10244621058" visible="true" version="1" changeset="129822125" timestamp="2022-12-07T13:17:14Z" user="dressed-pleasekin" uid="11175011" lat="43.2485972" lon="76.8417634"/>
 <node id="10244621059" visible="true" version="1" changeset="129822125" timestamp="2022-12-07T13:17:14Z" user="dressed-pleasekin" uid="11175011" lat="43.2485262" lon="76.8417323"/>
 <node id="10244621060" visible="true" version="1" changeset="129822125" timestamp="2022-12-07T13:17:14Z" user="dressed-pleasekin" uid="11175011" lat="43.2484681" lon="76.8416880"/>
 <node id="10244854339" visible="true" version="1" changeset="129824140" timestamp="2022-12-07T14:17:33Z" user="dressed-pleasekin" uid="11175011" lat="43.2458333" lon="76.8440846"/>
 <node id="10244854340" visible="true" version="1" changeset="129824140" timestamp="2022-12-07T14:17:33Z" user="dressed-pleasekin" uid="11175011" lat="43.2460366" lon="76.8439145"/>
 <node id="10244854341" visible="true" version="1" changeset="129824140" timestamp="2022-12-07T14:17:33Z" user="dressed-pleasekin" uid="11175011" lat="43.2464086" lon="76.8447523"/>
 <node id="10244854342" visible="true" version="1" changeset="129824140" timestamp="2022-12-07T14:17:33Z" user="dressed-pleasekin" uid="11175011" lat="43.2462052" lon="76.8449224"/>
 <node id="10244854343" visible="true" version="1" changeset="129824140" timestamp="2022-12-07T14:17:33Z" user="dressed-pleasekin" uid="11175011" lat="43.2463014" lon="76.8462076"/>
 <node id="10244854344" visible="true" version="1" changeset="129824140" timestamp="2022-12-07T14:17:33Z" user="dressed-pleasekin" uid="11175011" lat="43.2464243" lon="76.8461580"/>
 <node id="10244854345" visible="true" version="1" changeset="129824140" timestamp="2022-12-07T14:17:33Z" user="dressed-pleasekin" uid="11175011" lat="43.2464607" lon="76.8463281"/>
 <node id="10244854346" visible="true" version="1" changeset="129824140" timestamp="2022-12-07T14:17:33Z" user="dressed-pleasekin" uid="11175011" lat="43.2463378" lon="76.8463778"/>
 <node id="10244854347" visible="true" version="1" changeset="129824140" timestamp="2022-12-07T14:17:33Z" user="dressed-pleasekin" uid="11175011" lat="43.2462418" lon="76.8462237"/>
 <node id="10244854348" visible="true" version="1" changeset="129824140" timestamp="2022-12-07T14:17:33Z" user="dressed-pleasekin" uid="11175011" lat="43.2463089" lon="76.8461916"/>
 <node id="10244854349" visible="true" version="1" changeset="129824140" timestamp="2022-12-07T14:17:33Z" user="dressed-pleasekin" uid="11175011" lat="43.2460854" lon="76.8453135"/>
 <node id="10244854350" visible="true" version="1" changeset="129824140" timestamp="2022-12-07T14:17:33Z" user="dressed-pleasekin" uid="11175011" lat="43.2460185" lon="76.8453456"/>
 <node id="10244854351" visible="true" version="1" changeset="129824140" timestamp="2022-12-07T14:17:33Z" user="dressed-pleasekin" uid="11175011" lat="43.2460331" lon="76.8432254"/>
 <node id="10244854352" visible="true" version="1" changeset="129824140" timestamp="2022-12-07T14:17:33Z" user="dressed-pleasekin" uid="11175011" lat="43.2460912" lon="76.8433680"/>
 <node id="10244854353" visible="true" version="1" changeset="129824140" timestamp="2022-12-07T14:17:33Z" user="dressed-pleasekin" uid="11175011" lat="43.2459981" lon="76.8434394"/>
 <node id="10244854354" visible="true" version="1" changeset="129824140" timestamp="2022-12-07T14:17:33Z" user="dressed-pleasekin" uid="11175011" lat="43.2459400" lon="76.8432968"/>
 <node id="10244854355" visible="true" version="1" changeset="129824140" timestamp="2022-12-07T14:17:33Z" user="dressed-pleasekin" uid="11175011" lat="43.2463678" lon="76.8396242"/>
 <node id="10244854356" visible="true" version="1" changeset="129824140" timestamp="2022-12-07T14:17:33Z" user="dressed-pleasekin" uid="11175011" lat="43.2456547" lon="76.8378201"/>
 <node id="10244854357" visible="true" version="1" changeset="129824140" timestamp="2022-12-07T14:17:33Z" user="dressed-pleasekin" uid="11175011" lat="43.2455561" lon="76.8377506"/>
 <node id="10244854358" visible="true" version="1" changeset="129824140" timestamp="2022-12-07T14:17:33Z" user="dressed-pleasekin" uid="11175011" lat="43.2455335" lon="76.8377231"/>
 <node id="10244854359" visible="true" version="1" changeset="129824140" timestamp="2022-12-07T14:17:33Z" user="dressed-pleasekin" uid="11175011" lat="43.2455335" lon="76.8376902"/>
 <node id="10244854360" visible="true" version="1" changeset="129824140" timestamp="2022-12-07T14:17:33Z" user="dressed-pleasekin" uid="11175011" lat="43.2455441" lon="76.8376646"/>
 <node id="10244854361" visible="true" version="1" changeset="129824140" timestamp="2022-12-07T14:17:33Z" user="dressed-pleasekin" uid="11175011" lat="43.2455881" lon="76.8376682"/>
 <node id="10244854362" visible="true" version="1" changeset="129824140" timestamp="2022-12-07T14:17:33Z" user="dressed-pleasekin" uid="11175011" lat="43.2456681" lon="76.8376884"/>
 <node id="10244854363" visible="true" version="1" changeset="129824140" timestamp="2022-12-07T14:17:33Z" user="dressed-pleasekin" uid="11175011" lat="43.2456787" lon="76.8377030"/>
 <node id="10244854364" visible="true" version="1" changeset="129824140" timestamp="2022-12-07T14:17:33Z" user="dressed-pleasekin" uid="11175011" lat="43.2456881" lon="76.8377707"/>
 <node id="10244854365" visible="true" version="1" changeset="129824140" timestamp="2022-12-07T14:17:33Z" user="dressed-pleasekin" uid="11175011" lat="43.2456801" lon="76.8378164"/>
 <node id="10244854366" visible="true" version="1" changeset="129824140" timestamp="2022-12-07T14:17:33Z" user="dressed-pleasekin" uid="11175011" lat="43.2461385" lon="76.8398435"/>
 <node id="10244854367" visible="true" version="1" changeset="129824140" timestamp="2022-12-07T14:17:33Z" user="dressed-pleasekin" uid="11175011" lat="43.2461318" lon="76.8398050"/>
 <node id="10244854368" visible="true" version="1" changeset="129824140" timestamp="2022-12-07T14:17:33Z" user="dressed-pleasekin" uid="11175011" lat="43.2461451" lon="76.8397648"/>
 <node id="10244854369" visible="true" version="1" changeset="129824140" timestamp="2022-12-07T14:17:33Z" user="dressed-pleasekin" uid="11175011" lat="43.2461718" lon="76.8397154"/>
 <node id="10244854370" visible="true" version="1" changeset="129824140" timestamp="2022-12-07T14:17:33Z" user="dressed-pleasekin" uid="11175011" lat="43.2462731" lon="76.8396495"/>
 <node id="10244854371" visible="true" version="1" changeset="129824140" timestamp="2022-12-07T14:17:33Z" user="dressed-pleasekin" uid="11175011" lat="43.2462997" lon="76.8396514"/>
 <node id="10244854372" visible="true" version="1" changeset="129824140" timestamp="2022-12-07T14:17:33Z" user="dressed-pleasekin" uid="11175011" lat="43.2463384" lon="76.8396697"/>
 <node id="10244854373" visible="true" version="1" changeset="129824140" timestamp="2022-12-07T14:17:33Z" user="dressed-pleasekin" uid="11175011" lat="43.2463677" lon="76.8397099"/>
 <node id="10244854374" visible="true" version="1" changeset="129824140" timestamp="2022-12-07T14:17:33Z" user="dressed-pleasekin" uid="11175011" lat="43.2466449" lon="76.8403777"/>
 <node id="10244854375" visible="true" version="1" changeset="129824140" timestamp="2022-12-07T14:17:33Z" user="dressed-pleasekin" uid="11175011" lat="43.2470343" lon="76.8413133"/>
 <node id="10244854376" visible="true" version="1" changeset="129824140" timestamp="2022-12-07T14:17:33Z" user="dressed-pleasekin" uid="11175011" lat="43.2473791" lon="76.8418855"/>
 <node id="10244854377" visible="true" version="1" changeset="129824140" timestamp="2022-12-07T14:17:33Z" user="dressed-pleasekin" uid="11175011" lat="43.2472059" lon="76.8419291"/>
 <node id="10244854378" visible="true" version="1" changeset="129824140" timestamp="2022-12-07T14:17:33Z" user="dressed-pleasekin" uid="11175011" lat="43.2471713" lon="76.8418833"/>
 <node id="10244854379" visible="true" version="1" changeset="129824140" timestamp="2022-12-07T14:17:33Z" user="dressed-pleasekin" uid="11175011" lat="43.2470900" lon="76.8419583"/>
 <node id="10244854380" visible="true" version="1" changeset="129824140" timestamp="2022-12-07T14:17:33Z" user="dressed-pleasekin" uid="11175011" lat="43.2468621" lon="76.8414662"/>
 <node id="10244854381" visible="true" version="1" changeset="129824140" timestamp="2022-12-07T14:17:33Z" user="dressed-pleasekin" uid="11175011" lat="43.2465862" lon="76.8407856"/>
 <node id="10244854382" visible="true" version="1" changeset="129824140" timestamp="2022-12-07T14:17:33Z" user="dressed-pleasekin" uid="11175011" lat="43.2465143" lon="76.8407856"/>
 <node id="10244854383" visible="true" version="1" changeset="129824140" timestamp="2022-12-07T14:17:33Z" user="dressed-pleasekin" uid="11175011" lat="43.2462846" lon="76.8402247"/>
 <node id="10244854384" visible="true" version="1" changeset="129824140" timestamp="2022-12-07T14:17:33Z" user="dressed-pleasekin" uid="11175011" lat="43.2473783" lon="76.8419039"/>
 <node id="10244854385" visible="true" version="1" changeset="129824140" timestamp="2022-12-07T14:17:33Z" user="dressed-pleasekin" uid="11175011" lat="43.2482068" lon="76.8433991"/>
 <node id="10244854386" visible="true" version="1" changeset="129824140" timestamp="2022-12-07T14:17:33Z" user="dressed-pleasekin" uid="11175011" lat="43.2478731" lon="76.8436192"/>
 <node id="10244854387" visible="true" version="1" changeset="129824140" timestamp="2022-12-07T14:17:33Z" user="dressed-pleasekin" uid="11175011" lat="43.2478172" lon="76.8438240"/>
 <node id="10244854388" visible="true" version="1" changeset="129824140" timestamp="2022-12-07T14:17:33Z" user="dressed-pleasekin" uid="11175011" lat="43.2478301" lon="76.8438831"/>
 <node id="10244854389" visible="true" version="1" changeset="129824140" timestamp="2022-12-07T14:17:33Z" user="dressed-pleasekin" uid="11175011" lat="43.2476824" lon="76.8440189"/>
 <node id="10244854390" visible="true" version="2" changeset="139114833" timestamp="2023-07-28T03:58:58Z" user="RwenzoriMountains" uid="16853667" lat="43.2475201" lon="76.8441451"/>
 <node id="10244854391" visible="true" version="1" changeset="129824140" timestamp="2022-12-07T14:17:33Z" user="dressed-pleasekin" uid="11175011" lat="43.2475432" lon="76.8428237"/>
 <node id="10244854392" visible="true" version="1" changeset="129824140" timestamp="2022-12-07T14:17:33Z" user="dressed-pleasekin" uid="11175011" lat="43.2468910" lon="76.8426823"/>
 <node id="10244854393" visible="true" version="1" changeset="129824140" timestamp="2022-12-07T14:17:33Z" user="dressed-pleasekin" uid="11175011" lat="43.2480842" lon="76.8454290"/>
 <node id="10244854394" visible="true" version="1" changeset="129824140" timestamp="2022-12-07T14:17:33Z" user="dressed-pleasekin" uid="11175011" lat="43.2481050" lon="76.8455768"/>
 <node id="10244854395" visible="true" version="1" changeset="129824140" timestamp="2022-12-07T14:17:33Z" user="dressed-pleasekin" uid="11175011" lat="43.2480268" lon="76.8456889"/>
 <node id="10244854396" visible="true" version="1" changeset="129824140" timestamp="2022-12-07T14:17:33Z" user="dressed-pleasekin" uid="11175011" lat="43.2474728" lon="76.8461848"/>
 <node id="10244854397" visible="true" version="1" changeset="129824140" timestamp="2022-12-07T14:17:33Z" user="dressed-pleasekin" uid="11175011" lat="43.2473513" lon="76.8462230"/>
 <node id="10244854398" visible="true" version="2" changeset="139114833" timestamp="2023-07-28T03:58:58Z" user="RwenzoriMountains" uid="16853667" lat="43.2472557" lon="76.8461476"/>
 <node id="10244854399" visible="true" version="2" changeset="139114833" timestamp="2023-07-28T03:58:58Z" user="RwenzoriMountains" uid="16853667" lat="43.2471309" lon="76.8458809"/>
 <node id="10244854400" visible="true" version="2" changeset="139114833" timestamp="2023-07-28T03:58:58Z" user="RwenzoriMountains" uid="16853667" lat="43.2466524" lon="76.8448135"/>
 <node id="10244854401" visible="true" version="1" changeset="129824140" timestamp="2022-12-07T14:17:33Z" user="dressed-pleasekin" uid="11175011" lat="43.2452154" lon="76.8418981"/>
 <node id="10244854402" visible="true" version="1" changeset="129824140" timestamp="2022-12-07T14:17:33Z" user="dressed-pleasekin" uid="11175011" lat="43.2453730" lon="76.8418217"/>
 <node id="10244854403" visible="true" version="1" changeset="129824140" timestamp="2022-12-07T14:17:33Z" user="dressed-pleasekin" uid="11175011" lat="43.2454615" lon="76.8421657"/>
 <node id="10244854404" visible="true" version="1" changeset="129824140" timestamp="2022-12-07T14:17:33Z" user="dressed-pleasekin" uid="11175011" lat="43.2453040" lon="76.8422421"/>
 <node id="10244854405" visible="true" version="1" changeset="129824140" timestamp="2022-12-07T14:17:33Z" user="dressed-pleasekin" uid="11175011" lat="43.2452330" lon="76.8419960"/>
 <node id="10244854406" visible="true" version="1" changeset="129824140" timestamp="2022-12-07T14:17:33Z" user="dressed-pleasekin" uid="11175011" lat="43.2452524" lon="76.8420790"/>
 <node id="10244854407" visible="true" version="1" changeset="129824140" timestamp="2022-12-07T14:17:33Z" user="dressed-pleasekin" uid="11175011" lat="43.2450084" lon="76.8421863"/>
 <node id="10244854408" visible="true" version="1" changeset="129824140" timestamp="2022-12-07T14:17:33Z" user="dressed-pleasekin" uid="11175011" lat="43.2449997" lon="76.8422626"/>
 <node id="10244855009" visible="true" version="1" changeset="129824140" timestamp="2022-12-07T14:17:33Z" user="dressed-pleasekin" uid="11175011" lat="43.2449621" lon="76.8422792"/>
 <node id="10244855010" visible="true" version="1" changeset="129824140" timestamp="2022-12-07T14:17:33Z" user="dressed-pleasekin" uid="11175011" lat="43.2456284" lon="76.8439627"/>
 <node id="10244855011" visible="true" version="1" changeset="129824140" timestamp="2022-12-07T14:17:33Z" user="dressed-pleasekin" uid="11175011" lat="43.2458750" lon="76.8450237"/>
 <node id="10244855012" visible="true" version="1" changeset="129824140" timestamp="2022-12-07T14:17:33Z" user="dressed-pleasekin" uid="11175011" lat="43.2461373" lon="76.8461300"/>
 <node id="10244855013" visible="true" version="1" changeset="129824140" timestamp="2022-12-07T14:17:33Z" user="dressed-pleasekin" uid="11175011" lat="43.2460034" lon="76.8461976"/>
 <node id="10244855014" visible="true" version="1" changeset="129824140" timestamp="2022-12-07T14:17:33Z" user="dressed-pleasekin" uid="11175011" lat="43.2451351" lon="76.8437123"/>
 <node id="10244855015" visible="true" version="1" changeset="129824140" timestamp="2022-12-07T14:17:33Z" user="dressed-pleasekin" uid="11175011" lat="43.2458576" lon="76.8465687"/>
 <node id="10244855016" visible="true" version="1" changeset="129824140" timestamp="2022-12-07T14:17:33Z" user="dressed-pleasekin" uid="11175011" lat="43.2461981" lon="76.8479063"/>
 <node id="10244855017" visible="true" version="1" changeset="129824140" timestamp="2022-12-07T14:17:33Z" user="dressed-pleasekin" uid="11175011" lat="43.2462416" lon="76.8480603"/>
 <node id="10244855018" visible="true" version="1" changeset="129824140" timestamp="2022-12-07T14:17:33Z" user="dressed-pleasekin" uid="11175011" lat="43.2460452" lon="76.8479826"/>
 <node id="10244855019" visible="true" version="1" changeset="129824140" timestamp="2022-12-07T14:17:33Z" user="dressed-pleasekin" uid="11175011" lat="43.2460070" lon="76.8479302"/>
 <node id="10244855020" visible="true" version="1" changeset="129824140" timestamp="2022-12-07T14:17:33Z" user="dressed-pleasekin" uid="11175011" lat="43.2456822" lon="76.8466498"/>
 <node id="10244855021" visible="true" version="1" changeset="129824140" timestamp="2022-12-07T14:17:33Z" user="dressed-pleasekin" uid="11175011" lat="43.2449528" lon="76.8437958"/>
 <node id="10244855022" visible="true" version="1" changeset="129824140" timestamp="2022-12-07T14:17:33Z" user="dressed-pleasekin" uid="11175011" lat="43.2448173" lon="76.8437528"/>
 <node id="10244855023" visible="true" version="1" changeset="129824140" timestamp="2022-12-07T14:17:33Z" user="dressed-pleasekin" uid="11175011" lat="43.2447027" lon="76.8438434"/>
 <node id="10244855024" visible="true" version="1" changeset="129824140" timestamp="2022-12-07T14:17:33Z" user="dressed-pleasekin" uid="11175011" lat="43.2455607" lon="76.8475391"/>
 <node id="10244855045" visible="true" version="1" changeset="129824140" timestamp="2022-12-07T14:17:33Z" user="dressed-pleasekin" uid="11175011" lat="43.2443067" lon="76.8388269"/>
 <node id="10244855046" visible="true" version="1" changeset="129824140" timestamp="2022-12-07T14:17:33Z" user="dressed-pleasekin" uid="11175011" lat="43.2443525" lon="76.8386765"/>
 <node id="10244855047" visible="true" version="1" changeset="129824140" timestamp="2022-12-07T14:17:33Z" user="dressed-pleasekin" uid="11175011" lat="43.2442889" lon="76.8381417"/>
 <node id="10244855048" visible="true" version="1" changeset="129824140" timestamp="2022-12-07T14:17:33Z" user="dressed-pleasekin" uid="11175011" lat="43.2448236" lon="76.8379250"/>
 <node id="10244855049" visible="true" version="1" changeset="129824140" timestamp="2022-12-07T14:17:33Z" user="dressed-pleasekin" uid="11175011" lat="43.2451062" lon="76.8378481"/>
 <node id="10244855050" visible="true" version="1" changeset="129824140" timestamp="2022-12-07T14:17:33Z" user="dressed-pleasekin" uid="11175011" lat="43.2454042" lon="76.8378586"/>
 <node id="10244855051" visible="true" version="1" changeset="129824140" timestamp="2022-12-07T14:17:33Z" user="dressed-pleasekin" uid="11175011" lat="43.2455773" lon="76.8379809"/>
 <node id="10244855052" visible="true" version="1" changeset="129824140" timestamp="2022-12-07T14:17:33Z" user="dressed-pleasekin" uid="11175011" lat="43.2457454" lon="76.8383270"/>
 <node id="10244855053" visible="true" version="1" changeset="129824140" timestamp="2022-12-07T14:17:33Z" user="dressed-pleasekin" uid="11175011" lat="43.2461579" lon="76.8396204"/>
 <node id="10244855054" visible="true" version="1" changeset="129824140" timestamp="2022-12-07T14:17:33Z" user="dressed-pleasekin" uid="11175011" lat="43.2471255" lon="76.8418366"/>
 <node id="10244855055" visible="true" version="1" changeset="129824140" timestamp="2022-12-07T14:17:33Z" user="dressed-pleasekin" uid="11175011" lat="43.2470975" lon="76.8422806"/>
 <node id="10244855056" visible="true" version="1" changeset="129824140" timestamp="2022-12-07T14:17:33Z" user="dressed-pleasekin" uid="11175011" lat="43.2468352" lon="76.8424659"/>
 <node id="10244855057" visible="true" version="1" changeset="129824140" timestamp="2022-12-07T14:17:33Z" user="dressed-pleasekin" uid="11175011" lat="43.2467486" lon="76.8424169"/>
 <node id="10244855058" visible="true" version="1" changeset="129824140" timestamp="2022-12-07T14:17:33Z" user="dressed-pleasekin" uid="11175011" lat="43.2463998" lon="76.8415954"/>
 <node id="10244855059" visible="true" version="1" changeset="129824140" timestamp="2022-12-07T14:17:33Z" user="dressed-pleasekin" uid="11175011" lat="43.2456053" lon="76.8419730"/>
 <node id="10244855060" visible="true" version="1" changeset="129824140" timestamp="2022-12-07T14:17:33Z" user="dressed-pleasekin" uid="11175011" lat="43.2455391" lon="76.8417038"/>
 <node id="10244855061" visible="true" version="1" changeset="129824140" timestamp="2022-12-07T14:17:33Z" user="dressed-pleasekin" uid="11175011" lat="43.2450095" lon="76.8418541"/>
 <node id="10244855062" visible="true" version="1" changeset="129824140" timestamp="2022-12-07T14:17:33Z" user="dressed-pleasekin" uid="11175011" lat="43.2448338" lon="76.8410501"/>
 <node id="10244855310" visible="true" version="1" changeset="129824140" timestamp="2022-12-07T14:17:33Z" user="dressed-pleasekin" uid="11175011" lat="43.2478087" lon="76.8439028"/>
 <node id="10259436778" visible="true" version="1" changeset="130034985" timestamp="2022-12-13T12:31:22Z" user="dressed-pleasekin" uid="11175011" lat="43.2439377" lon="76.8466055"/>
 <node id="10259436779" visible="true" version="1" changeset="130034985" timestamp="2022-12-13T12:31:22Z" user="dressed-pleasekin" uid="11175011" lat="43.2438322" lon="76.8466475"/>
 <node id="10259436780" visible="true" version="1" changeset="130034985" timestamp="2022-12-13T12:31:22Z" user="dressed-pleasekin" uid="11175011" lat="43.2439519" lon="76.8472146"/>
 <node id="10259436781" visible="true" version="1" changeset="130034985" timestamp="2022-12-13T12:31:22Z" user="dressed-pleasekin" uid="11175011" lat="43.2440575" lon="76.8471726"/>
 <node id="10270963058" visible="true" version="1" changeset="130204275" timestamp="2022-12-18T07:40:14Z" user="dressed-pleasekin" uid="11175011" lat="43.2446338" lon="76.8346699"/>
 <node id="10270963059" visible="true" version="1" changeset="130204275" timestamp="2022-12-18T07:40:14Z" user="dressed-pleasekin" uid="11175011" lat="43.2446610" lon="76.8347497"/>
 <node id="10270963060" visible="true" version="1" changeset="130204275" timestamp="2022-12-18T07:40:14Z" user="dressed-pleasekin" uid="11175011" lat="43.2445734" lon="76.8348062"/>
 <node id="10270963061" visible="true" version="1" changeset="130204275" timestamp="2022-12-18T07:40:14Z" user="dressed-pleasekin" uid="11175011" lat="43.2445461" lon="76.8347265"/>
 <node id="10270963062" visible="true" version="1" changeset="130204275" timestamp="2022-12-18T07:40:14Z" user="dressed-pleasekin" uid="11175011" lat="43.2445264" lon="76.8347178"/>
 <node id="10270963063" visible="true" version="1" changeset="130204275" timestamp="2022-12-18T07:40:14Z" user="dressed-pleasekin" uid="11175011" lat="43.2445634" lon="76.8348545"/>
 <node id="10270963064" visible="true" version="1" changeset="130204275" timestamp="2022-12-18T07:40:14Z" user="dressed-pleasekin" uid="11175011" lat="43.2442367" lon="76.8350210"/>
 <node id="10270963065" visible="true" version="1" changeset="130204275" timestamp="2022-12-18T07:40:14Z" user="dressed-pleasekin" uid="11175011" lat="43.2441997" lon="76.8348843"/>
 <node id="10270963066" visible="true" version="1" changeset="130204275" timestamp="2022-12-18T07:40:14Z" user="dressed-pleasekin" uid="11175011" lat="43.2439110" lon="76.8347258"/>
 <node id="10270963067" visible="true" version="1" changeset="130204275" timestamp="2022-12-18T07:40:14Z" user="dressed-pleasekin" uid="11175011" lat="43.2440126" lon="76.8346722"/>
 <node id="10270963068" visible="true" version="1" changeset="130204275" timestamp="2022-12-18T07:40:14Z" user="dressed-pleasekin" uid="11175011" lat="43.2440168" lon="76.8344117"/>
 <node id="10270963069" visible="true" version="1" changeset="130204275" timestamp="2022-12-18T07:40:14Z" user="dressed-pleasekin" uid="11175011" lat="43.2439414" lon="76.8347938"/>
 <node id="10270963070" visible="true" version="1" changeset="130204275" timestamp="2022-12-18T07:40:14Z" user="dressed-pleasekin" uid="11175011" lat="43.2440311" lon="76.8347463"/>
 <node id="10270963071" visible="true" version="1" changeset="130204275" timestamp="2022-12-18T07:40:14Z" user="dressed-pleasekin" uid="11175011" lat="43.2440674" lon="76.8348758"/>
 <node id="10270963072" visible="true" version="1" changeset="130204275" timestamp="2022-12-18T07:40:14Z" user="dressed-pleasekin" uid="11175011" lat="43.2441366" lon="76.8348393"/>
 <node id="10270963073" visible="true" version="1" changeset="130204275" timestamp="2022-12-18T07:40:14Z" user="dressed-pleasekin" uid="11175011" lat="43.2439495" lon="76.8344472"/>
 <node id="10282800255" visible="true" version="1" changeset="130434183" timestamp="2022-12-23T19:23:54Z" user="dressed-pleasekin" uid="11175011" lat="43.2442459" lon="76.8384612">
  <tag k="design" v="three-level"/>
  <tag k="material" v="metal"/>
  <tag k="power" v="tower"/>
 </node>
 <node id="10282800256" visible="true" version="1" changeset="130434183" timestamp="2022-12-23T19:23:54Z" user="dressed-pleasekin" uid="11175011" lat="43.2437556" lon="76.8393605">
  <tag k="material" v="metal"/>
  <tag k="power" v="tower"/>
 </node>
 <node id="10282800257" visible="true" version="1" changeset="130434183" timestamp="2022-12-23T19:23:54Z" user="dressed-pleasekin" uid="11175011" lat="43.2455322" lon="76.8478283"/>
 <node id="10282800258" visible="true" version="1" changeset="130434183" timestamp="2022-12-23T19:23:54Z" user="dressed-pleasekin" uid="11175011" lat="43.2453965" lon="76.8473474"/>
 <node id="10282800259" visible="true" version="1" changeset="130434183" timestamp="2022-12-23T19:23:54Z" user="dressed-pleasekin" uid="11175011" lat="43.2445894" lon="76.8438648"/>
 <node id="10282800260" visible="true" version="1" changeset="130434183" timestamp="2022-12-23T19:23:54Z" user="dressed-pleasekin" uid="11175011" lat="43.2445454" lon="76.8438345"/>
 <node id="10282800261" visible="true" version="1" changeset="130434183" timestamp="2022-12-23T19:23:54Z" user="dressed-pleasekin" uid="11175011" lat="43.2436411" lon="76.8401127"/>
 <node id="10282800262" visible="true" version="1" changeset="130434183" timestamp="2022-12-23T19:23:54Z" user="dressed-pleasekin" uid="11175011" lat="43.2436502" lon="76.8395260"/>
 <node id="10282800263" visible="true" version="1" changeset="130434183" timestamp="2022-12-23T19:23:54Z" user="dressed-pleasekin" uid="11175011" lat="43.2435769" lon="76.8391684"/>
 <node id="10282800264" visible="true" version="1" changeset="130434183" timestamp="2022-12-23T19:23:54Z" user="dressed-pleasekin" uid="11175011" lat="43.2435695" lon="76.8387555"/>
 <node id="10282800265" visible="true" version="1" changeset="130434183" timestamp="2022-12-23T19:23:54Z" user="dressed-pleasekin" uid="11175011" lat="43.2441198" lon="76.8385565"/>
 <node id="10282800266" visible="true" version="1" changeset="130434183" timestamp="2022-12-23T19:23:54Z" user="dressed-pleasekin" uid="11175011" lat="43.2441363" lon="76.8388486"/>
 <node id="10282800267" visible="true" version="1" changeset="130434183" timestamp="2022-12-23T19:23:54Z" user="dressed-pleasekin" uid="11175011" lat="43.2448994" lon="76.8419711"/>
 <node id="10282800268" visible="true" version="1" changeset="130434183" timestamp="2022-12-23T19:23:54Z" user="dressed-pleasekin" uid="11175011" lat="43.2451525" lon="76.8418402"/>
 <node id="10282800269" visible="true" version="1" changeset="130434183" timestamp="2022-12-23T19:23:54Z" user="dressed-pleasekin" uid="11175011" lat="43.2456808" lon="76.8441015"/>
 <node id="10282800270" visible="true" version="1" changeset="130434183" timestamp="2022-12-23T19:23:54Z" user="dressed-pleasekin" uid="11175011" lat="43.2461687" lon="76.8461714"/>
 <node id="10282800271" visible="true" version="1" changeset="130434183" timestamp="2022-12-23T19:23:54Z" user="dressed-pleasekin" uid="11175011" lat="43.2460458" lon="76.8462369"/>
 <node id="10282800272" visible="true" version="1" changeset="130434183" timestamp="2022-12-23T19:23:54Z" user="dressed-pleasekin" uid="11175011" lat="43.2460898" lon="76.8464156"/>
 <node id="10282800273" visible="true" version="1" changeset="130434183" timestamp="2022-12-23T19:23:54Z" user="dressed-pleasekin" uid="11175011" lat="43.2460220" lon="76.8464559"/>
 <node id="10282800274" visible="true" version="1" changeset="130434183" timestamp="2022-12-23T19:23:54Z" user="dressed-pleasekin" uid="11175011" lat="43.2463613" lon="76.8478711"/>
 <node id="10282800275" visible="true" version="1" changeset="130434183" timestamp="2022-12-23T19:23:54Z" user="dressed-pleasekin" uid="11175011" lat="43.2462879" lon="76.8479693"/>
 <node id="10282800276" visible="true" version="1" changeset="130434183" timestamp="2022-12-23T19:23:54Z" user="dressed-pleasekin" uid="11175011" lat="43.2460458" lon="76.8481884"/>
 <node id="10282800277" visible="true" version="1" changeset="130434183" timestamp="2022-12-23T19:23:54Z" user="dressed-pleasekin" uid="11175011" lat="43.2457193" lon="76.8483546"/>
 <node id="10282815520" visible="true" version="1" changeset="130434183" timestamp="2022-12-23T19:23:54Z" user="dressed-pleasekin" uid="11175011" lat="43.2491495" lon="76.8475484"/>
 <node id="10282815521" visible="true" version="1" changeset="130434183" timestamp="2022-12-23T19:23:54Z" user="dressed-pleasekin" uid="11175011" lat="43.2490916" lon="76.8473959"/>
 <node id="10282815547" visible="true" version="1" changeset="130434183" timestamp="2022-12-23T19:23:54Z" user="dressed-pleasekin" uid="11175011" lat="43.2503652" lon="76.8528868">
  <tag k="highway" v="crossing"/>
 </node>
 <node id="10689678510" visible="true" version="1" changeset="132948996" timestamp="2023-02-24T01:36:19Z" user="dressed-pleasekin" uid="11175011" lat="43.2480223" lon="76.8383944"/>
 <node id="10689678511" visible="true" version="1" changeset="132948996" timestamp="2023-02-24T01:36:19Z" user="dressed-pleasekin" uid="11175011" lat="43.2479789" lon="76.8394743"/>
 <node id="10689678512" visible="true" version="1" changeset="132948996" timestamp="2023-02-24T01:36:19Z" user="dressed-pleasekin" uid="11175011" lat="43.2487981" lon="76.8395874"/>
 <node id="10689678513" visible="true" version="1" changeset="132948996" timestamp="2023-02-24T01:36:19Z" user="dressed-pleasekin" uid="11175011" lat="43.2488696" lon="76.8395041"/>
 <node id="10689678514" visible="true" version="1" changeset="132948996" timestamp="2023-02-24T01:36:19Z" user="dressed-pleasekin" uid="11175011" lat="43.2493420" lon="76.8394743"/>
 <node id="10689678515" visible="true" version="1" changeset="132948996" timestamp="2023-02-24T01:36:19Z" user="dressed-pleasekin" uid="11175011" lat="43.2494373" lon="76.8393107"/>
 <node id="10689678516" visible="true" version="1" changeset="132948996" timestamp="2023-02-24T01:36:19Z" user="dressed-pleasekin" uid="11175011" lat="43.2498361" lon="76.8391857"/>
 <node id="10689678517" visible="true" version="1" changeset="132948996" timestamp="2023-02-24T01:36:19Z" user="dressed-pleasekin" uid="11175011" lat="43.2498621" lon="76.8391233"/>
 <node id="10689678518" visible="true" version="1" changeset="132948996" timestamp="2023-02-24T01:36:19Z" user="dressed-pleasekin" uid="11175011" lat="43.2498556" lon="76.8390608"/>
 <node id="10689678519" visible="true" version="1" changeset="132948996" timestamp="2023-02-24T01:36:19Z" user="dressed-pleasekin" uid="11175011" lat="43.2496931" lon="76.8386234"/>
 <node id="10689678520" visible="true" version="1" changeset="132948996" timestamp="2023-02-24T01:36:19Z" user="dressed-pleasekin" uid="11175011" lat="43.2490083" lon="76.8385312"/>
 <node id="10689678521" visible="true" version="1" changeset="132948996" timestamp="2023-02-24T01:36:19Z" user="dressed-pleasekin" uid="11175011" lat="43.2488549" lon="76.8384920"/>
 <node id="10692304759" visible="true" version="1" changeset="132991946" timestamp="2023-02-25T03:55:53Z" user="dressed-pleasekin" uid="11175011" lat="43.2488944" lon="76.8459661"/>
 <node id="10692304760" visible="true" version="1" changeset="132991946" timestamp="2023-02-25T03:55:53Z" user="dressed-pleasekin" uid="11175011" lat="43.2489929" lon="76.8459301"/>
 <node id="10692304761" visible="true" version="1" changeset="132991946" timestamp="2023-02-25T03:55:53Z" user="dressed-pleasekin" uid="11175011" lat="43.2489679" lon="76.8458012"/>
 <node id="10692304762" visible="true" version="1" changeset="132991946" timestamp="2023-02-25T03:55:53Z" user="dressed-pleasekin" uid="11175011" lat="43.2488694" lon="76.8458371"/>
 <node id="10692304769" visible="true" version="2" changeset="151991110" timestamp="2024-05-29T13:56:03Z" user="qtab" uid="19488713" lat="43.2486940" lon="76.8457168"/>
 <node id="10692304770" visible="true" version="2" changeset="151991110" timestamp="2024-05-29T13:56:03Z" user="qtab" uid="19488713" lat="43.2488103" lon="76.8456354"/>
 <node id="10692304771" visible="true" version="2" changeset="151991110" timestamp="2024-05-29T13:56:03Z" user="qtab" uid="19488713" lat="43.2487706" lon="76.8455282"/>
 <node id="10692304772" visible="true" version="2" changeset="151991110" timestamp="2024-05-29T13:56:03Z" user="qtab" uid="19488713" lat="43.2486542" lon="76.8456096"/>
 <node id="10692304773" visible="true" version="1" changeset="132991946" timestamp="2023-02-25T03:55:53Z" user="dressed-pleasekin" uid="11175011" lat="43.2480905" lon="76.8466066"/>
 <node id="10692304774" visible="true" version="1" changeset="132991946" timestamp="2023-02-25T03:55:53Z" user="dressed-pleasekin" uid="11175011" lat="43.2485110" lon="76.8464030"/>
 <node id="10692304775" visible="true" version="1" changeset="132991946" timestamp="2023-02-25T03:55:53Z" user="dressed-pleasekin" uid="11175011" lat="43.2484721" lon="76.8462516"/>
 <node id="10692304776" visible="true" version="1" changeset="132991946" timestamp="2023-02-25T03:55:53Z" user="dressed-pleasekin" uid="11175011" lat="43.2480516" lon="76.8464552"/>
 <node id="10692304777" visible="true" version="1" changeset="132991946" timestamp="2023-02-25T03:55:53Z" user="dressed-pleasekin" uid="11175011" lat="43.2479540" lon="76.8464868"/>
 <node id="10692304778" visible="true" version="1" changeset="132991946" timestamp="2023-02-25T03:55:53Z" user="dressed-pleasekin" uid="11175011" lat="43.2477400" lon="76.8465634"/>
 <node id="10692304779" visible="true" version="1" changeset="132991946" timestamp="2023-02-25T03:55:53Z" user="dressed-pleasekin" uid="11175011" lat="43.2477596" lon="76.8466664"/>
 <node id="10692304780" visible="true" version="1" changeset="132991946" timestamp="2023-02-25T03:55:53Z" user="dressed-pleasekin" uid="11175011" lat="43.2479736" lon="76.8465898"/>
 <node id="10692304781" visible="true" version="1" changeset="132991946" timestamp="2023-02-25T03:55:53Z" user="dressed-pleasekin" uid="11175011" lat="43.2479948" lon="76.8462579"/>
 <node id="10692304782" visible="true" version="1" changeset="132991946" timestamp="2023-02-25T03:55:53Z" user="dressed-pleasekin" uid="11175011" lat="43.2485291" lon="76.8458215"/>
 <node id="10692304783" visible="true" version="1" changeset="132991946" timestamp="2023-02-25T03:55:53Z" user="dressed-pleasekin" uid="11175011" lat="43.2484290" lon="76.8455904"/>
 <node id="10692304784" visible="true" version="1" changeset="132991946" timestamp="2023-02-25T03:55:53Z" user="dressed-pleasekin" uid="11175011" lat="43.2478947" lon="76.8460269"/>
 <node id="10692304785" visible="true" version="1" changeset="132991946" timestamp="2023-02-25T03:55:53Z" user="dressed-pleasekin" uid="11175011" lat="43.2479730" lon="76.8463135"/>
 <node id="10692304786" visible="true" version="1" changeset="132991946" timestamp="2023-02-25T03:55:53Z" user="dressed-pleasekin" uid="11175011" lat="43.2478106" lon="76.8460974"/>
 <node id="10692304787" visible="true" version="1" changeset="132991946" timestamp="2023-02-25T03:55:53Z" user="dressed-pleasekin" uid="11175011" lat="43.2475690" lon="76.8462824"/>
 <node id="10692304788" visible="true" version="1" changeset="132991946" timestamp="2023-02-25T03:55:53Z" user="dressed-pleasekin" uid="11175011" lat="43.2476147" lon="76.8463951"/>
 <node id="10692304789" visible="true" version="1" changeset="132991946" timestamp="2023-02-25T03:55:53Z" user="dressed-pleasekin" uid="11175011" lat="43.2478564" lon="76.8462101"/>
 <node id="10692331259" visible="true" version="1" changeset="132991879" timestamp="2023-02-25T03:48:03Z" user="dressed-pleasekin" uid="11175011" lat="43.2490037" lon="76.8460101"/>
 <node id="10692331260" visible="true" version="1" changeset="132991879" timestamp="2023-02-25T03:48:03Z" user="dressed-pleasekin" uid="11175011" lat="43.2489211" lon="76.8460501"/>
 <node id="10692331261" visible="true" version="1" changeset="132991879" timestamp="2023-02-25T03:48:03Z" user="dressed-pleasekin" uid="11175011" lat="43.2489487" lon="76.8461575"/>
 <node id="10692331262" visible="true" version="1" changeset="132991879" timestamp="2023-02-25T03:48:03Z" user="dressed-pleasekin" uid="11175011" lat="43.2490313" lon="76.8461175"/>
 <node id="10692331263" visible="true" version="2" changeset="151991110" timestamp="2024-05-29T13:56:03Z" user="qtab" uid="19488713" lat="43.2488629" lon="76.8457996"/>
 <node id="10692331264" visible="true" version="2" changeset="151991110" timestamp="2024-05-29T13:56:03Z" user="qtab" uid="19488713" lat="43.2490361" lon="76.8457088"/>
 <node id="10692331265" visible="true" version="2" changeset="151991110" timestamp="2024-05-29T13:56:03Z" user="qtab" uid="19488713" lat="43.2489953" lon="76.8455619"/>
 <node id="10692331266" visible="true" version="2" changeset="151991110" timestamp="2024-05-29T13:56:03Z" user="qtab" uid="19488713" lat="43.2488875" lon="76.8456183"/>
 <node id="10692334130" visible="true" version="2" changeset="151991110" timestamp="2024-05-29T13:56:03Z" user="qtab" uid="19488713" lat="43.2489981" lon="76.8462631"/>
 <node id="10692334131" visible="true" version="2" changeset="151991110" timestamp="2024-05-29T13:56:03Z" user="qtab" uid="19488713" lat="43.2489239" lon="76.8462916"/>
 <node id="10692334132" visible="true" version="2" changeset="151991110" timestamp="2024-05-29T13:56:03Z" user="qtab" uid="19488713" lat="43.2489487" lon="76.8464134"/>
 <node id="10692334133" visible="true" version="2" changeset="151991110" timestamp="2024-05-29T13:56:03Z" user="qtab" uid="19488713" lat="43.2490229" lon="76.8463850"/>
 <node id="10692334134" visible="true" version="2" changeset="151991110" timestamp="2024-05-29T13:56:03Z" user="qtab" uid="19488713" lat="43.2486362" lon="76.8451366"/>
 <node id="10692334135" visible="true" version="2" changeset="151991110" timestamp="2024-05-29T13:56:03Z" user="qtab" uid="19488713" lat="43.2486023" lon="76.8450588"/>
 <node id="10692334136" visible="true" version="2" changeset="151991110" timestamp="2024-05-29T13:56:03Z" user="qtab" uid="19488713" lat="43.2486806" lon="76.8452329"/>
 <node id="10692334137" visible="true" version="2" changeset="151991110" timestamp="2024-05-29T13:56:03Z" user="qtab" uid="19488713" lat="43.2484454" lon="76.8451874"/>
 <node id="10694126129" visible="true" version="2" changeset="151991110" timestamp="2024-05-29T13:56:03Z" user="qtab" uid="19488713" lat="43.2480021" lon="76.8438174"/>
 <node id="10694126130" visible="true" version="2" changeset="151991110" timestamp="2024-05-29T13:56:03Z" user="qtab" uid="19488713" lat="43.2481293" lon="76.8441745"/>
 <node id="10694126131" visible="true" version="2" changeset="151991110" timestamp="2024-05-29T13:56:03Z" user="qtab" uid="19488713" lat="43.2482365" lon="76.8441025"/>
 <node id="10694126132" visible="true" version="2" changeset="151991110" timestamp="2024-05-29T13:56:03Z" user="qtab" uid="19488713" lat="43.2481093" lon="76.8437454"/>
 <node id="10694126133" visible="true" version="2" changeset="139114833" timestamp="2023-07-28T03:58:58Z" user="RwenzoriMountains" uid="16853667" lat="43.2476025" lon="76.8439251"/>
 <node id="10694126134" visible="true" version="2" changeset="139114833" timestamp="2023-07-28T03:58:58Z" user="RwenzoriMountains" uid="16853667" lat="43.2475724" lon="76.8439488"/>
 <node id="10694126135" visible="true" version="2" changeset="139114833" timestamp="2023-07-28T03:58:58Z" user="RwenzoriMountains" uid="16853667" lat="43.2476137" lon="76.8440476"/>
 <node id="10694126136" visible="true" version="2" changeset="139114833" timestamp="2023-07-28T03:58:58Z" user="RwenzoriMountains" uid="16853667" lat="43.2476438" lon="76.8440238"/>
 <node id="10694126137" visible="true" version="1" changeset="133027565" timestamp="2023-02-26T02:16:33Z" user="dressed-pleasekin" uid="11175011" lat="43.2484786" lon="76.8422937"/>
 <node id="10694126138" visible="true" version="1" changeset="133027565" timestamp="2023-02-26T02:16:33Z" user="dressed-pleasekin" uid="11175011" lat="43.2487549" lon="76.8423239"/>
 <node id="10694126139" visible="true" version="1" changeset="133027565" timestamp="2023-02-26T02:16:33Z" user="dressed-pleasekin" uid="11175011" lat="43.2487622" lon="76.8421984"/>
 <node id="10694126140" visible="true" version="1" changeset="133027565" timestamp="2023-02-26T02:16:33Z" user="dressed-pleasekin" uid="11175011" lat="43.2484858" lon="76.8421681"/>
 <node id="10694126141" visible="true" version="1" changeset="133027565" timestamp="2023-02-26T02:16:33Z" user="dressed-pleasekin" uid="11175011" lat="43.2488794" lon="76.8422478"/>
 <node id="10694126142" visible="true" version="1" changeset="133027565" timestamp="2023-02-26T02:16:33Z" user="dressed-pleasekin" uid="11175011" lat="43.2489270" lon="76.8421347"/>
 <node id="10694126143" visible="true" version="1" changeset="133027565" timestamp="2023-02-26T02:16:33Z" user="dressed-pleasekin" uid="11175011" lat="43.2486652" lon="76.8419271"/>
 <node id="10694126144" visible="true" version="1" changeset="133027565" timestamp="2023-02-26T02:16:33Z" user="dressed-pleasekin" uid="11175011" lat="43.2486661" lon="76.8419250"/>
 <node id="10694126145" visible="true" version="1" changeset="133027565" timestamp="2023-02-26T02:16:33Z" user="dressed-pleasekin" uid="11175011" lat="43.2485867" lon="76.8418620"/>
 <node id="10694126146" visible="true" version="1" changeset="133027565" timestamp="2023-02-26T02:16:33Z" user="dressed-pleasekin" uid="11175011" lat="43.2485506" lon="76.8419479"/>
 <node id="10694126147" visible="true" version="1" changeset="133027565" timestamp="2023-02-26T02:16:33Z" user="dressed-pleasekin" uid="11175011" lat="43.2488016" lon="76.8421471"/>
 <node id="10694126148" visible="true" version="1" changeset="133027565" timestamp="2023-02-26T02:16:33Z" user="dressed-pleasekin" uid="11175011" lat="43.2487893" lon="76.8421764"/>
 <node id="10732167008" visible="true" version="4" changeset="148501820" timestamp="2024-03-11T11:38:08Z" user="Evgeniya_rocketdata" uid="17513069" lat="43.2443587" lon="76.8361714">
  <tag k="contact:email" v="info@myglo.kz"/>
  <tag k="contact:instagram" v="https://instagram.com/glo_qz"/>
  <tag k="contact:phone" v="5757"/>
  <tag k="contact:website" v="https://myglo.kz/"/>
  <tag k="name" v="glo"/>
  <tag k="name:en" v="glo"/>
  <tag k="opening_hours" v="Mo-Su 10:00-14:00,15:00-22:00"/>
  <tag k="operator" v="Бритиш Американ Тобакко Казахстан Трейдинг"/>
  <tag k="shop" v="tobacco"/>
  <tag k="telegram" v="https://t.me/go_glo_bot"/>
 </node>
 <node id="10821141891" visible="true" version="2" changeset="143914218" timestamp="2023-11-11T20:34:23Z" user="Necessarycoot72" uid="10882995" lat="43.2247874" lon="76.6363015">
  <tag k="power" v="tower"/>
 </node>
 <node id="10821141895" visible="true" version="1" changeset="135041453" timestamp="2023-04-18T05:51:33Z" user="若言1" uid="18816691" lat="43.2286988" lon="76.6398028"/>
 <node id="10823905336" visible="true" version="1" changeset="135093376" timestamp="2023-04-19T09:07:22Z" user="LakeVostok" uid="16853710" lat="43.2529937" lon="76.8390685"/>
 <node id="10833084705" visible="true" version="6" changeset="140162780" timestamp="2023-08-21T06:05:20Z" user="NorthCrab" uid="15215305" lat="43.2437516" lon="76.8393778">
  <tag k="addr:housenumber" v="12 Г"/>
  <tag k="addr:street" v="Саин көшесі"/>
  <tag k="email" v="4x4.shop@mail.ru"/>
  <tag k="name:ru" v="Магазин Нива"/>
  <tag k="opening_hours" v="Mo-Fr 09:00-16:30; Sa 09:00-14:00"/>
  <tag k="phone" v="+77772299058"/>
  <tag k="shop" v="car_parts"/>
  <tag k="website" v="https://niva4x4.satu.kz/"/>
 </node>
 <node id="10833094361" visible="true" version="1" changeset="135248238" timestamp="2023-04-23T03:32:25Z" user="若言1" uid="18816691" lat="43.2226126" lon="76.3909138"/>
 <node id="10995027251" visible="true" version="1" changeset="137613472" timestamp="2023-06-21T16:40:04Z" user="Alekseyyy" uid="19645529" lat="43.2481974" lon="76.8398267">
  <tag k="addr:city" v="Алматы"/>
  <tag k="addr:housenumber" v="481/1"/>
  <tag k="addr:street" v="Райымбек даңғылы"/>
  <tag k="name" v="Alatau"/>
  <tag k="payment:cash" v="yes"/>
  <tag k="shop" v="convenience"/>
 </node>
 <node id="10995107384" visible="true" version="1" changeset="137615314" timestamp="2023-06-21T17:30:24Z" user="evgeniyakz" uid="16572338" lat="43.2477430" lon="76.8422950"/>
 <node id="11027147361" visible="true" version="2" changeset="139114562" timestamp="2023-07-28T03:41:46Z" user="RwenzoriMountains" uid="16853667" lat="43.2430789" lon="76.8397368"/>
 <node id="11027147362" visible="true" version="1" changeset="138131373" timestamp="2023-07-05T05:50:57Z" user="LakeVostok" uid="16853710" lat="43.2436739" lon="76.8394933"/>
 <node id="11070809124" visible="true" version="1" changeset="139075323" timestamp="2023-07-27T09:03:19Z" user="RwenzoriMountains" uid="16853667" lat="43.2441731" lon="76.8344629"/>
 <node id="11070809125" visible="true" version="1" changeset="139075323" timestamp="2023-07-27T09:03:19Z" user="RwenzoriMountains" uid="16853667" lat="43.2441203" lon="76.8344870"/>
 <node id="11070809126" visible="true" version="1" changeset="139075323" timestamp="2023-07-27T09:03:19Z" user="RwenzoriMountains" uid="16853667" lat="43.2440508" lon="76.8343496"/>
 <node id="11070809127" visible="true" version="1" changeset="139075323" timestamp="2023-07-27T09:03:19Z" user="RwenzoriMountains" uid="16853667" lat="43.2440959" lon="76.8344790"/>
 <node id="11070809128" visible="true" version="1" changeset="139075323" timestamp="2023-07-27T09:03:19Z" user="RwenzoriMountains" uid="16853667" lat="43.2444466" lon="76.8342872"/>
 <node id="11070809129" visible="true" version="1" changeset="139075323" timestamp="2023-07-27T09:03:19Z" user="RwenzoriMountains" uid="16853667" lat="43.2444886" lon="76.8342631"/>
 <node id="11070809130" visible="true" version="1" changeset="139075323" timestamp="2023-07-27T09:03:19Z" user="RwenzoriMountains" uid="16853667" lat="43.2445414" lon="76.8342242"/>
 <node id="11070809131" visible="true" version="1" changeset="139075323" timestamp="2023-07-27T09:03:19Z" user="RwenzoriMountains" uid="16853667" lat="43.2445492" lon="76.8342148"/>
 <node id="11070809132" visible="true" version="1" changeset="139075323" timestamp="2023-07-27T09:03:19Z" user="RwenzoriMountains" uid="16853667" lat="43.2445609" lon="76.8341812"/>
 <node id="11070809133" visible="true" version="1" changeset="139075323" timestamp="2023-07-27T09:03:19Z" user="RwenzoriMountains" uid="16853667" lat="43.2445462" lon="76.8341236"/>
 <node id="11070809134" visible="true" version="1" changeset="139075323" timestamp="2023-07-27T09:03:19Z" user="RwenzoriMountains" uid="16853667" lat="43.2445394" lon="76.8340954"/>
 <node id="11070809135" visible="true" version="1" changeset="139075323" timestamp="2023-07-27T09:03:19Z" user="RwenzoriMountains" uid="16853667" lat="43.2445257" lon="76.8340766"/>
 <node id="11070809141" visible="true" version="1" changeset="139075323" timestamp="2023-07-27T09:03:19Z" user="RwenzoriMountains" uid="16853667" lat="43.2439015" lon="76.8353936"/>
 <node id="11072208844" visible="true" version="1" changeset="139112702" timestamp="2023-07-28T01:48:41Z" user="RwenzoriMountains" uid="16853667" lat="43.2453402" lon="76.8337836"/>
 <node id="11072208852" visible="true" version="1" changeset="139112702" timestamp="2023-07-28T01:48:41Z" user="RwenzoriMountains" uid="16853667" lat="43.2448071" lon="76.8330453"/>
 <node id="11072208855" visible="true" version="1" changeset="139112702" timestamp="2023-07-28T01:48:41Z" user="RwenzoriMountains" uid="16853667" lat="43.2450591" lon="76.8337561"/>
 <node id="11072208857" visible="true" version="1" changeset="139112702" timestamp="2023-07-28T01:48:41Z" user="RwenzoriMountains" uid="16853667" lat="43.2449448" lon="76.8334571"/>
 <node id="11072208858" visible="true" version="1" changeset="139112702" timestamp="2023-07-28T01:48:41Z" user="RwenzoriMountains" uid="16853667" lat="43.2451412" lon="76.8340766"/>
 <node id="11072208859" visible="true" version="1" changeset="139112702" timestamp="2023-07-28T01:48:41Z" user="RwenzoriMountains" uid="16853667" lat="43.2454284" lon="76.8351428"/>
 <node id="11072239605" visible="true" version="1" changeset="139113392" timestamp="2023-07-28T02:33:42Z" user="RwenzoriMountains" uid="16853667" lat="43.2479946" lon="76.8396208"/>
 <node id="11072239606" visible="true" version="1" changeset="139113392" timestamp="2023-07-28T02:33:42Z" user="RwenzoriMountains" uid="16853667" lat="43.2486101" lon="76.8401096"/>
 <node id="11072239607" visible="true" version="1" changeset="139113392" timestamp="2023-07-28T02:33:42Z" user="RwenzoriMountains" uid="16853667" lat="43.2480611" lon="76.8400714"/>
 <node id="11072239608" visible="true" version="1" changeset="139113392" timestamp="2023-07-28T02:33:42Z" user="RwenzoriMountains" uid="16853667" lat="43.2487331" lon="76.8397012"/>
 <node id="11072239609" visible="true" version="1" changeset="139113392" timestamp="2023-07-28T02:33:42Z" user="RwenzoriMountains" uid="16853667" lat="43.2483463" lon="76.8396342"/>
 <node id="11072239610" visible="true" version="1" changeset="139113392" timestamp="2023-07-28T02:33:42Z" user="RwenzoriMountains" uid="16853667" lat="43.2481080" lon="76.8396047"/>
 <node id="11072292506" visible="true" version="1" changeset="139114562" timestamp="2023-07-28T03:41:46Z" user="RwenzoriMountains" uid="16853667" lat="43.2431082" lon="76.8397053"/>
 <node id="11072301945" visible="true" version="1" changeset="139114833" timestamp="2023-07-28T03:58:58Z" user="RwenzoriMountains" uid="16853667" lat="43.2476225" lon="76.8439680"/>
 <node id="11072301946" visible="true" version="1" changeset="139114833" timestamp="2023-07-28T03:58:58Z" user="RwenzoriMountains" uid="16853667" lat="43.2482364" lon="76.8475274"/>
 <node id="11072301947" visible="true" version="1" changeset="139114833" timestamp="2023-07-28T03:58:58Z" user="RwenzoriMountains" uid="16853667" lat="43.2479839" lon="76.8476754"/>
 <node id="11072301948" visible="true" version="1" changeset="139114833" timestamp="2023-07-28T03:58:58Z" user="RwenzoriMountains" uid="16853667" lat="43.2478686" lon="76.8477210"/>
 <node id="11072301949" visible="true" version="1" changeset="139114833" timestamp="2023-07-28T03:58:58Z" user="RwenzoriMountains" uid="16853667" lat="43.2478354" lon="76.8476889"/>
 <node id="11072301950" visible="true" version="1" changeset="139114833" timestamp="2023-07-28T03:58:58Z" user="RwenzoriMountains" uid="16853667" lat="43.2478168" lon="76.8475950"/>
 <node id="11072301951" visible="true" version="1" changeset="139114833" timestamp="2023-07-28T03:58:58Z" user="RwenzoriMountains" uid="16853667" lat="43.2476908" lon="76.8470921"/>
 <node id="11072301952" visible="true" version="1" changeset="139114833" timestamp="2023-07-28T03:58:58Z" user="RwenzoriMountains" uid="16853667" lat="43.2475746" lon="76.8470304"/>
 <node id="11072301953" visible="true" version="1" changeset="139114833" timestamp="2023-07-28T03:58:58Z" user="RwenzoriMountains" uid="16853667" lat="43.2475531" lon="76.8469177"/>
 <node id="11072301954" visible="true" version="1" changeset="139114833" timestamp="2023-07-28T03:58:58Z" user="RwenzoriMountains" uid="16853667" lat="43.2475687" lon="76.8468279"/>
 <node id="11072301955" visible="true" version="1" changeset="139114833" timestamp="2023-07-28T03:58:58Z" user="RwenzoriMountains" uid="16853667" lat="43.2476762" lon="76.8467340"/>
 <node id="11072301956" visible="true" version="1" changeset="139114833" timestamp="2023-07-28T03:58:58Z" user="RwenzoriMountains" uid="16853667" lat="43.2479096" lon="76.8466321"/>
 <node id="11072301957" visible="true" version="1" changeset="139114833" timestamp="2023-07-28T03:58:58Z" user="RwenzoriMountains" uid="16853667" lat="43.2479683" lon="76.8466388"/>
 <node id="11072301958" visible="true" version="1" changeset="139114833" timestamp="2023-07-28T03:58:58Z" user="RwenzoriMountains" uid="16853667" lat="43.2492327" lon="76.8477668"/>
 <node id="11072301959" visible="true" version="1" changeset="139114833" timestamp="2023-07-28T03:58:58Z" user="RwenzoriMountains" uid="16853667" lat="43.2490809" lon="76.8477693"/>
 <node id="11072301960" visible="true" version="1" changeset="139114833" timestamp="2023-07-28T03:58:58Z" user="RwenzoriMountains" uid="16853667" lat="43.2486999" lon="76.8476593"/>
 <node id="11072301961" visible="true" version="1" changeset="139114833" timestamp="2023-07-28T03:58:58Z" user="RwenzoriMountains" uid="16853667" lat="43.2484518" lon="76.8475842"/>
 <node id="11072301962" visible="true" version="1" changeset="139114833" timestamp="2023-07-28T03:58:58Z" user="RwenzoriMountains" uid="16853667" lat="43.2482642" lon="76.8475574"/>
 <node id="11072301963" visible="true" version="1" changeset="139114833" timestamp="2023-07-28T03:58:58Z" user="RwenzoriMountains" uid="16853667" lat="43.2481998" lon="76.8474877"/>
 <node id="11072301964" visible="true" version="1" changeset="139114833" timestamp="2023-07-28T03:58:58Z" user="RwenzoriMountains" uid="16853667" lat="43.2480103" lon="76.8467581"/>
 <node id="11072301965" visible="true" version="1" changeset="139114833" timestamp="2023-07-28T03:58:58Z" user="RwenzoriMountains" uid="16853667" lat="43.2480200" lon="76.8467045"/>
 <node id="11072301966" visible="true" version="1" changeset="139114833" timestamp="2023-07-28T03:58:58Z" user="RwenzoriMountains" uid="16853667" lat="43.2488019" lon="76.8463536"/>
 <node id="11072301967" visible="true" version="1" changeset="139114833" timestamp="2023-07-28T03:58:58Z" user="RwenzoriMountains" uid="16853667" lat="43.2461620" lon="76.8452856"/>
 <node id="11072301968" visible="true" version="1" changeset="139114833" timestamp="2023-07-28T03:58:58Z" user="RwenzoriMountains" uid="16853667" lat="43.2462011" lon="76.8455297"/>
 <node id="11072301969" visible="true" version="1" changeset="139114833" timestamp="2023-07-28T03:58:58Z" user="RwenzoriMountains" uid="16853667" lat="43.2462324" lon="76.8457121"/>
 <node id="11072301970" visible="true" version="1" changeset="139114833" timestamp="2023-07-28T03:58:58Z" user="RwenzoriMountains" uid="16853667" lat="43.2462773" lon="76.8458784"/>
 <node id="11072301971" visible="true" version="1" changeset="139114833" timestamp="2023-07-28T03:58:58Z" user="RwenzoriMountains" uid="16853667" lat="43.2463261" lon="76.8459454"/>
 <node id="11072301972" visible="true" version="1" changeset="139114833" timestamp="2023-07-28T03:58:58Z" user="RwenzoriMountains" uid="16853667" lat="43.2463672" lon="76.8459347"/>
 <node id="11072301973" visible="true" version="1" changeset="139114833" timestamp="2023-07-28T03:58:58Z" user="RwenzoriMountains" uid="16853667" lat="43.2464688" lon="76.8459025"/>
 <node id="11072301974" visible="true" version="1" changeset="139114833" timestamp="2023-07-28T03:58:58Z" user="RwenzoriMountains" uid="16853667" lat="43.2466212" lon="76.8458274"/>
 <node id="11072301975" visible="true" version="1" changeset="139114833" timestamp="2023-07-28T03:58:58Z" user="RwenzoriMountains" uid="16853667" lat="43.2469553" lon="76.8456691"/>
 <node id="11072301976" visible="true" version="1" changeset="139114833" timestamp="2023-07-28T03:58:58Z" user="RwenzoriMountains" uid="16853667" lat="43.2461210" lon="76.8451032"/>
 <node id="11072301977" visible="true" version="1" changeset="139114833" timestamp="2023-07-28T03:58:58Z" user="RwenzoriMountains" uid="16853667" lat="43.2461425" lon="76.8438533"/>
 <node id="11072301978" visible="true" version="1" changeset="139114833" timestamp="2023-07-28T03:58:58Z" user="RwenzoriMountains" uid="16853667" lat="43.2461679" lon="76.8451354"/>
 <node id="11072301979" visible="true" version="1" changeset="139114833" timestamp="2023-07-28T03:58:58Z" user="RwenzoriMountains" uid="16853667" lat="43.2457654" lon="76.8441054"/>
 <node id="11072301980" visible="true" version="1" changeset="139114833" timestamp="2023-07-28T03:58:58Z" user="RwenzoriMountains" uid="16853667" lat="43.2459315" lon="76.8444702"/>
 <node id="11072301981" visible="true" version="1" changeset="139114833" timestamp="2023-07-28T03:58:58Z" user="RwenzoriMountains" uid="16853667" lat="43.2460175" lon="76.8447518"/>
 <node id="11072301982" visible="true" version="1" changeset="139114833" timestamp="2023-07-28T03:58:58Z" user="RwenzoriMountains" uid="16853667" lat="43.2460858" lon="76.8449315"/>
 <node id="11072301983" visible="true" version="1" changeset="139114833" timestamp="2023-07-28T03:58:58Z" user="RwenzoriMountains" uid="16853667" lat="43.2462089" lon="76.8451515"/>
 <node id="11072301984" visible="true" version="1" changeset="139114833" timestamp="2023-07-28T03:58:58Z" user="RwenzoriMountains" uid="16853667" lat="43.2466270" lon="76.8448377"/>
 <node id="11093674000" visible="true" version="2" changeset="157231895" timestamp="2024-09-28T23:12:02Z" user="donmac703" uid="556743" lat="43.2411586" lon="76.8500152"/>
 <node id="11143450175" visible="true" version="3" changeset="161596872" timestamp="2025-01-21T11:35:36Z" user="Evgeniya_rocketdata" uid="17513069" lat="43.2476957" lon="76.8398112">
  <tag k="contact:email" v="sales@m-a.kz"/>
  <tag k="contact:instagram" v="https://www.instagram.com/extaz.kz_official"/>
  <tag k="contact:phone" v="+7 705 575 8969"/>
  <tag k="contact:vk" v="https://vk.com/extaz_almaty"/>
  <tag k="contact:website" v="https://extaz.kz"/>
  <tag k="contact:youtube" v="https://www.youtube.com/@extazkz"/>
  <tag k="name" v="Extaz.kz"/>
  <tag k="opening_hours" v="Mo-Su 10:00-21:00"/>
  <tag k="shop" v="erotic"/>
  <tag k="telegram" v="https://t.me/extazkz"/>
 </node>
 <node id="11144589514" visible="true" version="1" changeset="140386771" timestamp="2023-08-25T19:38:33Z" user="dressed-pleasekin" uid="11175011" lat="43.2480184" lon="76.8455647"/>
 <node id="11144589515" visible="true" version="1" changeset="140386771" timestamp="2023-08-25T19:38:33Z" user="dressed-pleasekin" uid="11175011" lat="43.2474260" lon="76.8460775"/>
 <node id="11144589516" visible="true" version="1" changeset="140386771" timestamp="2023-08-25T19:38:33Z" user="dressed-pleasekin" uid="11175011" lat="43.2468396" lon="76.8448010"/>
 <node id="11144589517" visible="true" version="1" changeset="140386771" timestamp="2023-08-25T19:38:33Z" user="dressed-pleasekin" uid="11175011" lat="43.2471200" lon="76.8445583"/>
 <node id="11144589518" visible="true" version="1" changeset="140386771" timestamp="2023-08-25T19:38:33Z" user="dressed-pleasekin" uid="11175011" lat="43.2469355" lon="76.8441565"/>
 <node id="11144589519" visible="true" version="1" changeset="140386771" timestamp="2023-08-25T19:38:33Z" user="dressed-pleasekin" uid="11175011" lat="43.2466419" lon="76.8444106"/>
 <node id="11144589520" visible="true" version="1" changeset="140386771" timestamp="2023-08-25T19:38:33Z" user="dressed-pleasekin" uid="11175011" lat="43.2460645" lon="76.8431528"/>
 <node id="11144589521" visible="true" version="1" changeset="140386771" timestamp="2023-08-25T19:38:33Z" user="dressed-pleasekin" uid="11175011" lat="43.2466701" lon="76.8426287"/>
 <node id="11144589522" visible="true" version="1" changeset="140386771" timestamp="2023-08-25T19:38:33Z" user="dressed-pleasekin" uid="11175011" lat="43.2463320" lon="76.8426197"/>
 <node id="11144589523" visible="true" version="1" changeset="140386771" timestamp="2023-08-25T19:38:33Z" user="dressed-pleasekin" uid="11175011" lat="43.2459410" lon="76.8429497"/>
 <node id="11144589524" visible="true" version="1" changeset="140386771" timestamp="2023-08-25T19:38:33Z" user="dressed-pleasekin" uid="11175011" lat="43.2460282" lon="76.8431444"/>
 <node id="11144589525" visible="true" version="1" changeset="140386771" timestamp="2023-08-25T19:38:33Z" user="dressed-pleasekin" uid="11175011" lat="43.2464192" lon="76.8428143"/>
 <node id="11144589530" visible="true" version="1" changeset="140386771" timestamp="2023-08-25T19:38:33Z" user="dressed-pleasekin" uid="11175011" lat="43.2474853" lon="76.8466573"/>
 <node id="11144589531" visible="true" version="1" changeset="140386771" timestamp="2023-08-25T19:38:33Z" user="dressed-pleasekin" uid="11175011" lat="43.2475216" lon="76.8467994"/>
 <node id="11144589532" visible="true" version="1" changeset="140386771" timestamp="2023-08-25T19:38:33Z" user="dressed-pleasekin" uid="11175011" lat="43.2473476" lon="76.8468831"/>
 <node id="11144589533" visible="true" version="1" changeset="140386771" timestamp="2023-08-25T19:38:33Z" user="dressed-pleasekin" uid="11175011" lat="43.2473113" lon="76.8467411"/>
 <node id="11144589534" visible="true" version="1" changeset="140386771" timestamp="2023-08-25T19:38:33Z" user="dressed-pleasekin" uid="11175011" lat="43.2472983" lon="76.8467501"/>
 <node id="11144589535" visible="true" version="1" changeset="140386771" timestamp="2023-08-25T19:38:33Z" user="dressed-pleasekin" uid="11175011" lat="43.2472017" lon="76.8468037"/>
 <node id="11144589536" visible="true" version="1" changeset="140386771" timestamp="2023-08-25T19:38:33Z" user="dressed-pleasekin" uid="11175011" lat="43.2472632" lon="76.8470124"/>
 <node id="11144589537" visible="true" version="1" changeset="140386771" timestamp="2023-08-25T19:38:33Z" user="dressed-pleasekin" uid="11175011" lat="43.2473598" lon="76.8469588"/>
 <node id="11144589538" visible="true" version="1" changeset="140386771" timestamp="2023-08-25T19:38:33Z" user="dressed-pleasekin" uid="11175011" lat="43.2472857" lon="76.8471171"/>
 <node id="11144589539" visible="true" version="1" changeset="140386771" timestamp="2023-08-25T19:38:33Z" user="dressed-pleasekin" uid="11175011" lat="43.2474223" lon="76.8477093"/>
 <node id="11144589540" visible="true" version="1" changeset="140386771" timestamp="2023-08-25T19:38:33Z" user="dressed-pleasekin" uid="11175011" lat="43.2476336" lon="76.8476175"/>
 <node id="11144589541" visible="true" version="1" changeset="140386771" timestamp="2023-08-25T19:38:33Z" user="dressed-pleasekin" uid="11175011" lat="43.2474970" lon="76.8470252"/>
 <node id="11144589542" visible="true" version="1" changeset="140386771" timestamp="2023-08-25T19:38:33Z" user="dressed-pleasekin" uid="11175011" lat="43.2475090" lon="76.8470227"/>
 <node id="11144589543" visible="true" version="1" changeset="140386771" timestamp="2023-08-25T19:38:33Z" user="dressed-pleasekin" uid="11175011" lat="43.2475503" lon="76.8470024"/>
 <node id="11144589544" visible="true" version="1" changeset="140386771" timestamp="2023-08-25T19:38:33Z" user="dressed-pleasekin" uid="11175011" lat="43.2475583" lon="76.8470333"/>
 <node id="11144589545" visible="true" version="1" changeset="140386771" timestamp="2023-08-25T19:38:33Z" user="dressed-pleasekin" uid="11175011" lat="43.2476517" lon="76.8470974"/>
 <node id="11144589546" visible="true" version="1" changeset="140386771" timestamp="2023-08-25T19:38:33Z" user="dressed-pleasekin" uid="11175011" lat="43.2477463" lon="76.8474602"/>
 <node id="11144589547" visible="true" version="1" changeset="140386771" timestamp="2023-08-25T19:38:33Z" user="dressed-pleasekin" uid="11175011" lat="43.2476371" lon="76.8475139"/>
 <node id="11144589554" visible="true" version="1" changeset="140386771" timestamp="2023-08-25T19:38:33Z" user="dressed-pleasekin" uid="11175011" lat="43.2490115" lon="76.8475290"/>
 <node id="11144589555" visible="true" version="1" changeset="140386771" timestamp="2023-08-25T19:38:33Z" user="dressed-pleasekin" uid="11175011" lat="43.2488825" lon="76.8475967"/>
 <node id="11144589556" visible="true" version="1" changeset="140386771" timestamp="2023-08-25T19:38:33Z" user="dressed-pleasekin" uid="11175011" lat="43.2488278" lon="76.8473998"/>
 <node id="11144589557" visible="true" version="1" changeset="140386771" timestamp="2023-08-25T19:38:33Z" user="dressed-pleasekin" uid="11175011" lat="43.2486406" lon="76.8474980"/>
 <node id="11144589558" visible="true" version="1" changeset="140386771" timestamp="2023-08-25T19:38:33Z" user="dressed-pleasekin" uid="11175011" lat="43.2485917" lon="76.8473224"/>
 <node id="11144589559" visible="true" version="1" changeset="140386771" timestamp="2023-08-25T19:38:33Z" user="dressed-pleasekin" uid="11175011" lat="43.2489078" lon="76.8471565"/>
 <node id="11192986699" visible="true" version="1" changeset="141295991" timestamp="2023-09-15T10:23:20Z" user="evgeniyakz" uid="16572338" lat="43.2447162" lon="76.8364853">
  <tag k="amenity" v="bench"/>
 </node>
 <node id="11345962077" visible="true" version="1" changeset="143961640" timestamp="2023-11-13T09:22:33Z" user="Evgeniya_rocketdata" uid="17513069" lat="43.2445560" lon="76.8354338">
  <tag k="contact:phone" v="+7 800 0804888"/>
  <tag k="contact:website" v="https://www.dns-shop.kz/"/>
  <tag k="name" v="DNS"/>
  <tag k="opening_hours" v="Mo-Su 10:00-22:00"/>
  <tag k="operator" v="ТОО &quot;ДНС КАЗАХСТАН&quot;"/>
  <tag k="shop" v="electronics"/>
 </node>
 <node id="11419821501" visible="true" version="1" changeset="145140983" timestamp="2023-12-15T08:40:00Z" user="evgeniyakz" uid="16572338" lat="43.2453872" lon="76.8364281"/>
 <node id="11419821502" visible="true" version="1" changeset="145140983" timestamp="2023-12-15T08:40:00Z" user="evgeniyakz" uid="16572338" lat="43.2452281" lon="76.8363327"/>
 <node id="11419821503" visible="true" version="1" changeset="145140983" timestamp="2023-12-15T08:40:00Z" user="evgeniyakz" uid="16572338" lat="43.2450689" lon="76.8354527"/>
 <node id="11419821504" visible="true" version="1" changeset="145140983" timestamp="2023-12-15T08:40:00Z" user="evgeniyakz" uid="16572338" lat="43.2451339" lon="76.8354373"/>
 <node id="11520431206" visible="true" version="1" changeset="146302970" timestamp="2024-01-16T00:47:24Z" user="LakeMatano" uid="16936637" lat="43.2433134" lon="76.8405756"/>
 <node id="11520431207" visible="true" version="1" changeset="146302970" timestamp="2024-01-16T00:47:24Z" user="LakeMatano" uid="16936637" lat="43.2436270" lon="76.8403852"/>
 <node id="11520431208" visible="true" version="1" changeset="146302970" timestamp="2024-01-16T00:47:24Z" user="LakeMatano" uid="16936637" lat="43.2436436" lon="76.8403544"/>
 <node id="11520431209" visible="true" version="1" changeset="146302970" timestamp="2024-01-16T00:47:24Z" user="LakeMatano" uid="16936637" lat="43.2436436" lon="76.8403074"/>
 <node id="11520431210" visible="true" version="1" changeset="146302970" timestamp="2024-01-16T00:47:24Z" user="LakeMatano" uid="16936637" lat="43.2436289" lon="76.8401478"/>
 <node id="11520431211" visible="true" version="1" changeset="146302970" timestamp="2024-01-16T00:47:24Z" user="LakeMatano" uid="16936637" lat="43.2436367" lon="76.8400969"/>
 <node id="11836522405" visible="true" version="1" changeset="150326389" timestamp="2024-04-22T04:43:45Z" user="evgeniyakz" uid="16572338" lat="43.2494446" lon="76.8373312"/>
 <node id="11942287197" visible="true" version="1" changeset="151991110" timestamp="2024-05-29T13:56:03Z" user="qtab" uid="19488713" lat="43.2488220" lon="76.8456527"/>
 <node id="11942287234" visible="true" version="1" changeset="151991110" timestamp="2024-05-29T13:56:03Z" user="qtab" uid="19488713" lat="43.2486530" lon="76.8450254"/>
 <node id="11942287235" visible="true" version="1" changeset="151991110" timestamp="2024-05-29T13:56:03Z" user="qtab" uid="19488713" lat="43.2488652" lon="76.8448392"/>
 <node id="11942287593" visible="true" version="1" changeset="151991110" timestamp="2024-05-29T13:56:03Z" user="qtab" uid="19488713" lat="43.2478208" lon="76.8403637"/>
 <node id="11942287594" visible="true" version="1" changeset="151991110" timestamp="2024-05-29T13:56:03Z" user="qtab" uid="19488713" lat="43.2474378" lon="76.8396127"/>
 <node id="11942287595" visible="true" version="1" changeset="151991110" timestamp="2024-05-29T13:56:03Z" user="qtab" uid="19488713" lat="43.2477005" lon="76.8392821"/>
 <node id="11942287691" visible="true" version="1" changeset="151991110" timestamp="2024-05-29T13:56:03Z" user="qtab" uid="19488713" lat="43.2485692" lon="76.8454723"/>
 <node id="11942287692" visible="true" version="1" changeset="151991110" timestamp="2024-05-29T13:56:03Z" user="qtab" uid="19488713" lat="43.2487281" lon="76.8453421"/>
 <node id="11942287693" visible="true" version="1" changeset="151991110" timestamp="2024-05-29T13:56:03Z" user="qtab" uid="19488713" lat="43.2486145" lon="76.8452871"/>
 <node id="11942287694" visible="true" version="1" changeset="151991110" timestamp="2024-05-29T13:56:03Z" user="qtab" uid="19488713" lat="43.2485719" lon="76.8451892"/>
 <node id="11942287695" visible="true" version="1" changeset="151991110" timestamp="2024-05-29T13:56:03Z" user="qtab" uid="19488713" lat="43.2487815" lon="76.8434522"/>
 <node id="11942287696" visible="true" version="1" changeset="151991110" timestamp="2024-05-29T13:56:03Z" user="qtab" uid="19488713" lat="43.2485666" lon="76.8436355"/>
 <node id="11942287697" visible="true" version="1" changeset="151991110" timestamp="2024-05-29T13:56:03Z" user="qtab" uid="19488713" lat="43.2486270" lon="76.8437688"/>
 <node id="11942287698" visible="true" version="1" changeset="151991110" timestamp="2024-05-29T13:56:03Z" user="qtab" uid="19488713" lat="43.2488418" lon="76.8435854"/>
 <node id="11942287900" visible="true" version="1" changeset="151991110" timestamp="2024-05-29T13:56:03Z" user="qtab" uid="19488713" lat="43.2522000" lon="76.8386112"/>
 <node id="11942288056" visible="true" version="1" changeset="151991110" timestamp="2024-05-29T13:56:03Z" user="qtab" uid="19488713" lat="43.2479804" lon="76.8442239"/>
 <node id="11942288057" visible="true" version="1" changeset="151991110" timestamp="2024-05-29T13:56:03Z" user="qtab" uid="19488713" lat="43.2482440" lon="76.8447998"/>
 <node id="11942288058" visible="true" version="1" changeset="151991110" timestamp="2024-05-29T13:56:03Z" user="qtab" uid="19488713" lat="43.2483010" lon="76.8447506"/>
 <node id="11942288059" visible="true" version="1" changeset="151991110" timestamp="2024-05-29T13:56:03Z" user="qtab" uid="19488713" lat="43.2480373" lon="76.8441748"/>
 <node id="11942288060" visible="true" version="1" changeset="151991110" timestamp="2024-05-29T13:56:03Z" user="qtab" uid="19488713" lat="43.2485095" lon="76.8446202"/>
 <node id="11942288061" visible="true" version="1" changeset="151991110" timestamp="2024-05-29T13:56:03Z" user="qtab" uid="19488713" lat="43.2484366" lon="76.8446824"/>
 <node id="11942288062" visible="true" version="1" changeset="151991110" timestamp="2024-05-29T13:56:03Z" user="qtab" uid="19488713" lat="43.2485314" lon="76.8448916"/>
 <node id="11942288063" visible="true" version="1" changeset="151991110" timestamp="2024-05-29T13:56:03Z" user="qtab" uid="19488713" lat="43.2486043" lon="76.8448294"/>
 <node id="11942288064" visible="true" version="1" changeset="151991110" timestamp="2024-05-29T13:56:03Z" user="qtab" uid="19488713" lat="43.2483962" lon="76.8443841"/>
 <node id="11942288065" visible="true" version="1" changeset="151991110" timestamp="2024-05-29T13:56:03Z" user="qtab" uid="19488713" lat="43.2483233" lon="76.8444463"/>
 <node id="11942288066" visible="true" version="1" changeset="151991110" timestamp="2024-05-29T13:56:03Z" user="qtab" uid="19488713" lat="43.2483706" lon="76.8445509"/>
 <node id="11942288067" visible="true" version="1" changeset="151991110" timestamp="2024-05-29T13:56:03Z" user="qtab" uid="19488713" lat="43.2484435" lon="76.8444887"/>
 <node id="11942288068" visible="true" version="1" changeset="151991110" timestamp="2024-05-29T13:56:03Z" user="qtab" uid="19488713" lat="43.2479898" lon="76.8421579"/>
 <node id="11942288069" visible="true" version="1" changeset="151991110" timestamp="2024-05-29T13:56:03Z" user="qtab" uid="19488713" lat="43.2478844" lon="76.8422478"/>
 <node id="11942288070" visible="true" version="1" changeset="151991110" timestamp="2024-05-29T13:56:03Z" user="qtab" uid="19488713" lat="43.2479670" lon="76.8424302"/>
 <node id="11942288071" visible="true" version="1" changeset="151991110" timestamp="2024-05-29T13:56:03Z" user="qtab" uid="19488713" lat="43.2480724" lon="76.8423403"/>
 <node id="11942288072" visible="true" version="1" changeset="151991110" timestamp="2024-05-29T13:56:03Z" user="qtab" uid="19488713" lat="43.2488456" lon="76.8437350"/>
 <node id="11942288073" visible="true" version="1" changeset="151991110" timestamp="2024-05-29T13:56:03Z" user="qtab" uid="19488713" lat="43.2487418" lon="76.8438236"/>
 <node id="11942288074" visible="true" version="1" changeset="151991110" timestamp="2024-05-29T13:56:03Z" user="qtab" uid="19488713" lat="43.2488778" lon="76.8441241"/>
 <node id="11942288075" visible="true" version="1" changeset="151991110" timestamp="2024-05-29T13:56:03Z" user="qtab" uid="19488713" lat="43.2489816" lon="76.8440356"/>
 <node id="11942288084" visible="true" version="1" changeset="151991110" timestamp="2024-05-29T13:56:03Z" user="qtab" uid="19488713" lat="43.2485760" lon="76.8433649"/>
 <node id="11942288085" visible="true" version="1" changeset="151991110" timestamp="2024-05-29T13:56:03Z" user="qtab" uid="19488713" lat="43.2485030" lon="76.8434271"/>
 <node id="11942288086" visible="true" version="1" changeset="151991110" timestamp="2024-05-29T13:56:03Z" user="qtab" uid="19488713" lat="43.2485504" lon="76.8435317"/>
 <node id="11942288087" visible="true" version="1" changeset="151991110" timestamp="2024-05-29T13:56:03Z" user="qtab" uid="19488713" lat="43.2486233" lon="76.8434694"/>
 <node id="11942288088" visible="true" version="1" changeset="151991110" timestamp="2024-05-29T13:56:03Z" user="qtab" uid="19488713" lat="43.2484236" lon="76.8429411"/>
 <node id="11942288089" visible="true" version="1" changeset="151991110" timestamp="2024-05-29T13:56:03Z" user="qtab" uid="19488713" lat="43.2483507" lon="76.8430033"/>
 <node id="11942288090" visible="true" version="1" changeset="151991110" timestamp="2024-05-29T13:56:03Z" user="qtab" uid="19488713" lat="43.2483980" lon="76.8431079"/>
 <node id="11942288091" visible="true" version="1" changeset="151991110" timestamp="2024-05-29T13:56:03Z" user="qtab" uid="19488713" lat="43.2484709" lon="76.8430457"/>
 <node id="11942288092" visible="true" version="1" changeset="151991110" timestamp="2024-05-29T13:56:03Z" user="qtab" uid="19488713" lat="43.2488133" lon="76.8430390"/>
 <node id="11942288093" visible="true" version="1" changeset="151991110" timestamp="2024-05-29T13:56:03Z" user="qtab" uid="19488713" lat="43.2487404" lon="76.8431012"/>
 <node id="11942288094" visible="true" version="1" changeset="151991110" timestamp="2024-05-29T13:56:03Z" user="qtab" uid="19488713" lat="43.2487878" lon="76.8432058"/>
 <node id="11942288095" visible="true" version="1" changeset="151991110" timestamp="2024-05-29T13:56:03Z" user="qtab" uid="19488713" lat="43.2488607" lon="76.8431436"/>
 <node id="11942288096" visible="true" version="1" changeset="151991110" timestamp="2024-05-29T13:56:03Z" user="qtab" uid="19488713" lat="43.2489975" lon="76.8432513"/>
 <node id="11942288097" visible="true" version="1" changeset="151991110" timestamp="2024-05-29T13:56:03Z" user="qtab" uid="19488713" lat="43.2488808" lon="76.8433648"/>
 <node id="11942288098" visible="true" version="1" changeset="151991110" timestamp="2024-05-29T13:56:03Z" user="qtab" uid="19488713" lat="43.2489259" lon="76.8434522"/>
 <node id="11942288099" visible="true" version="1" changeset="151991110" timestamp="2024-05-29T13:56:03Z" user="qtab" uid="19488713" lat="43.2490426" lon="76.8433386"/>
 <node id="12298722705" visible="true" version="1" changeset="158525613" timestamp="2024-10-30T05:41:02Z" user="nuruk" uid="20180657" lat="43.2448242" lon="76.8333079">
  <tag k="highway" v="give_way"/>
 </node>
 <node id="12298722706" visible="true" version="1" changeset="158525613" timestamp="2024-10-30T05:41:02Z" user="nuruk" uid="20180657" lat="43.2459551" lon="76.8371290">
  <tag k="highway" v="give_way"/>
 </node>
 <node id="12298722707" visible="true" version="1" changeset="158525613" timestamp="2024-10-30T05:41:02Z" user="nuruk" uid="20180657" lat="43.2455417" lon="76.8358386"/>
 <node id="12298722708" visible="true" version="1" changeset="158525613" timestamp="2024-10-30T05:41:02Z" user="nuruk" uid="20180657" lat="43.2470281" lon="76.8412133">
  <tag k="highway" v="give_way"/>
 </node>
 <node id="12298722709" visible="true" version="1" changeset="158525613" timestamp="2024-10-30T05:41:02Z" user="nuruk" uid="20180657" lat="43.2492036" lon="76.8377942">
  <tag k="highway" v="give_way"/>
 </node>
 <node id="12298722710" visible="true" version="1" changeset="158525613" timestamp="2024-10-30T05:41:02Z" user="nuruk" uid="20180657" lat="43.2491048" lon="76.8379293">
  <tag k="highway" v="give_way"/>
 </node>
 <node id="12520559584" visible="true" version="1" changeset="161599582" timestamp="2025-01-21T12:55:12Z" user="Evgeniya_rocketdata" uid="17513069" lat="43.2445638" lon="76.8361019">
  <tag k="amenity" v="cafe"/>
  <tag k="contact:phone" v="+7 707 180 7400"/>
  <tag k="contact:website" v="https://lepimivarim.ru"/>
  <tag k="cuisine" v="russian"/>
  <tag k="name" v="Лепим и варим"/>
  <tag k="opening_hours" v="Fr 10:00-21:04; Mo 10:00-21:00; Sa 10:00-21:05; Su 10:00-21:06; Th 10:00-21:03; Tu 10:00-21:01; We 10:00-21:02"/>
 </node>
 <node id="12597849251" visible="true" version="1" changeset="162648726" timestamp="2025-02-18T07:50:02Z" user="Mikhail Fall1n1" uid="15192063" lat="43.2252272" lon="76.5404132"/>
 <way id="23444591" visible="true" version="45" changeset="161843797" timestamp="2025-01-28T05:35:18Z" user="Ruslan Fatih" uid="12875574">
  <nd ref="243881161"/>
  <nd ref="4633549696"/>
  <nd ref="243881165"/>
  <nd ref="2586949007"/>
  <nd ref="2586949013"/>
  <nd ref="2586949017"/>
  <nd ref="301525273"/>
  <nd ref="2586949024"/>
  <nd ref="4315812480"/>
  <nd ref="4633549437"/>
  <nd ref="12298722709"/>
  <nd ref="243880883"/>
  <tag k="highway" v="primary"/>
  <tag k="lanes" v="3"/>
  <tag k="layer" v="-2"/>
  <tag k="lit" v="yes"/>
  <tag k="maxspeed" v="80"/>
  <tag k="name" v="Саин көшесі"/>
  <tag k="name:en" v="Sain Street"/>
  <tag k="name:kk" v="Саин көшесі"/>
  <tag k="name:ru" v="улица Саина"/>
  <tag k="old_name" v="улица Западная"/>
  <tag k="oneway" v="yes"/>
  <tag k="surface" v="asphalt"/>
 </way>
 <way id="23456586" visible="true" version="23" changeset="158525613" timestamp="2024-10-30T05:41:02Z" user="nuruk" uid="20180657">
  <nd ref="243881067"/>
  <nd ref="9807865263"/>
  <nd ref="3719763539"/>
  <nd ref="1389358651"/>
  <nd ref="1389358647"/>
  <nd ref="1389358642"/>
  <nd ref="1389358641"/>
  <nd ref="254027091"/>
  <nd ref="1389358631"/>
  <nd ref="254027092"/>
  <nd ref="4418238112"/>
  <nd ref="1389358623"/>
  <nd ref="1389358619"/>
  <nd ref="1389358618"/>
  <nd ref="12298722707"/>
  <nd ref="2198752628"/>
  <nd ref="1389358596"/>
  <nd ref="2198752147"/>
  <nd ref="2198750224"/>
  <nd ref="2198750681"/>
  <nd ref="12298722705"/>
  <nd ref="292229172"/>
  <tag k="destination:ref" v="А2"/>
  <tag k="highway" v="primary_link"/>
  <tag k="int_ref" v="AH5;AH60;E 40"/>
  <tag k="lit" v="yes"/>
  <tag k="oneway" v="yes"/>
 </way>
 <way id="23456587" visible="true" version="18" changeset="150269156" timestamp="2024-04-20T15:43:06Z" user="evgeniyakz" uid="16572338">
  <nd ref="292229290"/>
  <nd ref="254027110"/>
  <nd ref="2586948930"/>
  <nd ref="1389358594"/>
  <nd ref="2586948927"/>
  <nd ref="2586948925"/>
  <nd ref="1389358587"/>
  <nd ref="2586948923"/>
  <nd ref="1389358581"/>
  <nd ref="2586948919"/>
  <nd ref="2586948920"/>
  <nd ref="1389358579"/>
  <nd ref="1389358583"/>
  <nd ref="2586948924"/>
  <tag k="destination:ref" v="1"/>
  <tag k="highway" v="primary_link"/>
  <tag k="lanes" v="2"/>
  <tag k="lit" v="yes"/>
  <tag k="oneway" v="yes"/>
  <tag k="surface" v="asphalt"/>
 </way>
 <way id="23456588" visible="true" version="22" changeset="150382306" timestamp="2024-04-23T08:34:48Z" user="evgeniyakz" uid="16572338">
  <nd ref="1389358603"/>
  <nd ref="1389358607"/>
  <nd ref="4418238104"/>
  <nd ref="5641021193"/>
  <tag k="destination:ref" v="А2"/>
  <tag k="highway" v="primary_link"/>
  <tag k="int_ref" v="AH5;AH60;E 40"/>
  <tag k="oneway" v="yes"/>
  <tag k="turn" v="sharp_left"/>
 </way>
 <way id="26642629" visible="true" version="18" changeset="65874831" timestamp="2018-12-29T20:49:12Z" user="MRFLRV" uid="9303714">
  <nd ref="292229219"/>
  <nd ref="1389358621"/>
  <tag k="bridge" v="yes"/>
  <tag k="highway" v="primary_link"/>
  <tag k="lanes" v="2"/>
  <tag k="layer" v="1"/>
  <tag k="lit" v="yes"/>
  <tag k="oneway" v="yes"/>
  <tag k="surface" v="asphalt"/>
 </way>
 <way id="26642632" visible="true" version="55" changeset="153482293" timestamp="2024-07-03T02:59:50Z" user="evgeniyakz" uid="16572338">
  <nd ref="292229290"/>
  <nd ref="2232527983"/>
  <nd ref="243881076"/>
  <nd ref="296051049"/>
  <nd ref="880366424"/>
  <nd ref="2245453487"/>
  <tag k="highway" v="primary"/>
  <tag k="lit" v="yes"/>
  <tag k="maxspeed" v="80"/>
  <tag k="name" v="Саин көшесі"/>
  <tag k="name:en" v="Sain Street"/>
  <tag k="name:kk" v="Саин көшесі"/>
  <tag k="name:ru" v="улица Саина"/>
  <tag k="old_name" v="улица Западная"/>
  <tag k="oneway" v="yes"/>
  <tag k="start_date" v="1964"/>
 </way>
 <way id="26791239" visible="true" version="20" changeset="150316029" timestamp="2024-04-21T19:24:53Z" user="evgeniyakz" uid="16572338">
  <nd ref="243878885"/>
  <nd ref="2586949009"/>
  <nd ref="5844568158"/>
  <nd ref="1389358650"/>
  <nd ref="2586948997"/>
  <nd ref="2586948996"/>
  <nd ref="1389358640"/>
  <nd ref="1389358639"/>
  <nd ref="2586948993"/>
  <nd ref="2586948994"/>
  <nd ref="1389358638"/>
  <nd ref="293889950"/>
  <nd ref="293889951"/>
  <nd ref="5844568157"/>
  <nd ref="293889952"/>
  <nd ref="2586949014"/>
  <nd ref="1389358653"/>
  <nd ref="2586949015"/>
  <nd ref="2586949016"/>
  <nd ref="301525271"/>
  <nd ref="301525273"/>
  <tag k="destination" v="Бурундай"/>
  <tag k="destination:ref" v="А2"/>
  <tag k="highway" v="primary_link"/>
  <tag k="lit" v="yes"/>
  <tag k="oneway" v="yes"/>
 </way>
 <way id="26791245" visible="true" version="17" changeset="158525613" timestamp="2024-10-30T05:41:02Z" user="nuruk" uid="20180657">
  <nd ref="4315812477"/>
  <nd ref="4315812474"/>
  <nd ref="4418238106"/>
  <nd ref="1389358616"/>
  <nd ref="293890301"/>
  <nd ref="293890306"/>
  <nd ref="1389358620"/>
  <nd ref="1389358630"/>
  <nd ref="10244854355"/>
  <nd ref="12298722708"/>
  <nd ref="1389358643"/>
  <nd ref="2586949001"/>
  <nd ref="243878850"/>
  <tag k="destination:ref" v="1"/>
  <tag k="highway" v="primary_link"/>
  <tag k="lit" v="yes"/>
  <tag k="oneway" v="yes"/>
 </way>
 <way id="27009404" visible="true" version="21" changeset="150483680" timestamp="2024-04-25T08:59:25Z" user="mueschel" uid="616774">
  <nd ref="296051047"/>
  <nd ref="2481609441"/>
  <nd ref="1389358574"/>
  <nd ref="4288325433"/>
  <nd ref="1389358585"/>
  <tag k="destination:ref" v="А2"/>
  <tag k="highway" v="primary_link"/>
  <tag k="int_ref" v="AH5;AH60;E 40"/>
  <tag k="lit" v="yes"/>
  <tag k="oneway" v="yes"/>
  <tag k="turn" v="slight_left"/>
 </way>
 <way id="27298171" visible="true" version="11" changeset="153276744" timestamp="2024-06-28T06:33:32Z" user="evgeniyakz" uid="16572338">
  <nd ref="299677555"/>
  <nd ref="1389358628"/>
  <nd ref="299677559"/>
  <nd ref="2447764850"/>
  <nd ref="299677575"/>
  <tag k="highway" v="residential"/>
  <tag k="lit" v="yes"/>
  <tag k="name" v="улица Переходько"/>
  <tag k="start_date" v="2003"/>
  <tag k="wikidata" v="Q12558548"/>
  <tag k="wikipedia" v="kk:Переходько атындағы көше (Алматы)"/>
 </way>
 <way id="27298174" visible="true" version="7" changeset="85510049" timestamp="2020-05-20T16:35:37Z" user="DiscountTaxi" uid="10122872">
  <nd ref="299677588"/>
  <nd ref="299677590"/>
  <tag k="highway" v="residential"/>
  <tag k="lit" v="yes"/>
  <tag k="name" v="улица Сыздыкова"/>
 </way>
 <way id="40499456" visible="true" version="9" changeset="45521446" timestamp="2017-01-26T17:42:30Z" user="Lexi Johnson" uid="4803526">
  <nd ref="4288325437"/>
  <nd ref="4617431906"/>
  <nd ref="4617431905"/>
  <nd ref="490989420"/>
  <nd ref="490989432"/>
  <nd ref="4617431908"/>
  <nd ref="4617431907"/>
  <nd ref="4288325436"/>
  <nd ref="4288325437"/>
  <tag k="addr:country" v="KZ"/>
  <tag k="addr:housenumber" v="2А"/>
  <tag k="addr:street" v="улица Саина"/>
  <tag k="building" v="apartments"/>
  <tag k="building:levels" v="8"/>
 </way>
 <way id="40499457" visible="true" version="5" changeset="41498140" timestamp="2016-08-16T20:51:13Z" user="_ANick_" uid="1686959">
  <nd ref="490989436"/>
  <nd ref="490989438"/>
  <nd ref="490989440"/>
  <nd ref="490989446"/>
  <nd ref="490989436"/>
  <tag k="addr:housenumber" v="6"/>
  <tag k="addr:street" v="улица Саина"/>
  <tag k="building" v="apartments"/>
  <tag k="building:levels" v="5"/>
 </way>
 <way id="41499506" visible="true" version="4" changeset="36090242" timestamp="2015-12-21T16:49:57Z" user="Lyubchenko Denis" uid="705874">
  <nd ref="508030900"/>
  <nd ref="508030901"/>
  <nd ref="508030891"/>
  <nd ref="508030890"/>
  <nd ref="508030900"/>
  <tag k="addr:country" v="KZ"/>
  <tag k="addr:housenumber" v="4"/>
  <tag k="addr:street" v="улица Саина"/>
  <tag k="building" v="apartments"/>
  <tag k="building:levels" v="5"/>
 </way>
 <way id="41499507" visible="true" version="7" changeset="36090242" timestamp="2015-12-21T16:49:57Z" user="Lyubchenko Denis" uid="705874">
  <nd ref="508030903"/>
  <nd ref="508030902"/>
  <nd ref="508030892"/>
  <nd ref="508030893"/>
  <nd ref="508030903"/>
  <tag k="addr:country" v="KZ"/>
  <tag k="addr:housenumber" v="4/1"/>
  <tag k="addr:street" v="улица Саина"/>
  <tag k="building" v="apartments"/>
  <tag k="building:levels" v="5"/>
 </way>
 <way id="41499508" visible="true" version="7" changeset="36090242" timestamp="2015-12-21T16:49:57Z" user="Lyubchenko Denis" uid="705874">
  <nd ref="508030904"/>
  <nd ref="508030905"/>
  <nd ref="508030906"/>
  <nd ref="508030907"/>
  <nd ref="508030904"/>
  <tag k="addr:country" v="KZ"/>
  <tag k="addr:housenumber" v="4/2"/>
  <tag k="addr:street" v="улица Саина"/>
  <tag k="building" v="apartments"/>
  <tag k="building:levels" v="5"/>
 </way>
 <way id="41499509" visible="true" version="6" changeset="36090242" timestamp="2015-12-21T16:49:58Z" user="Lyubchenko Denis" uid="705874">
  <nd ref="508030911"/>
  <nd ref="508030913"/>
  <nd ref="508030917"/>
  <nd ref="508030912"/>
  <nd ref="508030911"/>
  <tag k="addr:country" v="KZ"/>
  <tag k="addr:housenumber" v="506"/>
  <tag k="addr:street" v="проспект Райымбека"/>
  <tag k="building" v="apartments"/>
  <tag k="building:levels" v="5"/>
 </way>
 <way id="41499510" visible="true" version="5" changeset="118952935" timestamp="2022-03-26T15:54:56Z" user="Kuritsyn Roman" uid="3318452">
  <nd ref="508030914"/>
  <nd ref="508030915"/>
  <nd ref="2524267531"/>
  <nd ref="2524267533"/>
  <nd ref="508030909"/>
  <nd ref="508030908"/>
  <nd ref="2524267529"/>
  <nd ref="2524267530"/>
  <nd ref="508030914"/>
  <tag k="addr:country" v="KZ"/>
  <tag k="addr:housenumber" v="506А"/>
  <tag k="building" v="yes"/>
  <tag k="fixme" v="add &quot;addr:street&quot;"/>
 </way>
 <way id="51969508" visible="true" version="3" changeset="30670748" timestamp="2015-04-30T20:30:53Z" user="poschon" uid="1719211">
  <nd ref="662744452"/>
  <nd ref="662744518"/>
  <nd ref="662744454"/>
  <nd ref="662744456"/>
  <nd ref="662744452"/>
  <tag k="addr:country" v="KZ"/>
  <tag k="addr:housenumber" v="496А"/>
  <tag k="addr:street" v="проспект Райымбека"/>
  <tag k="building" v="yes"/>
 </way>
 <way id="51969513" visible="true" version="9" changeset="139114833" timestamp="2023-07-28T03:58:58Z" user="RwenzoriMountains" uid="16853667">
  <nd ref="662744639"/>
  <nd ref="10282815547"/>
  <nd ref="662744634"/>
  <nd ref="6202516629"/>
  <nd ref="662744629"/>
  <nd ref="662744633"/>
  <nd ref="662744630"/>
  <nd ref="662744631"/>
  <nd ref="6202516630"/>
  <nd ref="6202516631"/>
  <nd ref="662744554"/>
  <nd ref="662744555"/>
  <nd ref="10244614893"/>
  <nd ref="11072301958"/>
  <nd ref="10282815520"/>
  <nd ref="10282815521"/>
  <nd ref="11072301966"/>
  <nd ref="662744528"/>
  <nd ref="662744529"/>
  <nd ref="662744530"/>
  <nd ref="10244855310"/>
  <nd ref="662744457"/>
  <tag k="highway" v="residential"/>
  <tag k="lit" v="yes"/>
 </way>
 <way id="51969515" visible="true" version="4" changeset="129824140" timestamp="2022-12-07T14:17:33Z" user="dressed-pleasekin" uid="11175011">
  <nd ref="662744593"/>
  <nd ref="6501388607"/>
  <nd ref="662744594"/>
  <nd ref="6501388601"/>
  <nd ref="297133005"/>
  <nd ref="6501388597"/>
  <nd ref="6501388595"/>
  <nd ref="10244855013"/>
  <nd ref="6501388594"/>
  <nd ref="662744458"/>
  <nd ref="10244855010"/>
  <nd ref="10244855011"/>
  <nd ref="10244855012"/>
  <nd ref="10244855013"/>
  <tag k="highway" v="service"/>
 </way>
 <way id="51969519" visible="true" version="6" changeset="129824140" timestamp="2022-12-07T14:17:33Z" user="dressed-pleasekin" uid="11175011">
  <nd ref="662744434"/>
  <nd ref="662744436"/>
  <nd ref="662744439"/>
  <nd ref="662744441"/>
  <nd ref="662744434"/>
  <tag k="addr:country" v="KZ"/>
  <tag k="addr:housenumber" v="502А"/>
  <tag k="addr:street" v="проспект Райымбека"/>
  <tag k="building" v="apartments"/>
  <tag k="building:levels" v="5"/>
  <tag k="roof:shape" v="hipped"/>
 </way>
 <way id="51969520" visible="true" version="1" changeset="4068961" timestamp="2010-03-08T06:26:57Z" user="Dmitry Olyenyov" uid="31991">
  <nd ref="662744425"/>
  <nd ref="662744444"/>
  <nd ref="662744427"/>
  <nd ref="662744426"/>
  <nd ref="662744425"/>
  <tag k="building" v="yes"/>
 </way>
 <way id="51969521" visible="true" version="4" changeset="118952935" timestamp="2022-03-26T15:54:59Z" user="Kuritsyn Roman" uid="3318452">
  <nd ref="662744472"/>
  <nd ref="662744473"/>
  <nd ref="662744474"/>
  <nd ref="662744471"/>
  <nd ref="662744472"/>
  <tag k="addr:country" v="KZ"/>
  <tag k="addr:housenumber" v="289"/>
  <tag k="building" v="yes"/>
  <tag k="fixme" v="add &quot;addr:street&quot;"/>
 </way>
 <way id="51969522" visible="true" version="4" changeset="118952935" timestamp="2022-03-26T15:54:59Z" user="Kuritsyn Roman" uid="3318452">
  <nd ref="662744464"/>
  <nd ref="662744477"/>
  <nd ref="662744475"/>
  <nd ref="662744465"/>
  <nd ref="662744464"/>
  <tag k="addr:country" v="KZ"/>
  <tag k="addr:housenumber" v="289А"/>
  <tag k="building" v="yes"/>
  <tag k="fixme" v="add &quot;addr:street&quot;"/>
 </way>
 <way id="51969523" visible="true" version="1" changeset="4068961" timestamp="2010-03-08T06:26:58Z" user="Dmitry Olyenyov" uid="31991">
  <nd ref="662744466"/>
  <nd ref="662744488"/>
  <nd ref="662744478"/>
  <nd ref="662744479"/>
  <nd ref="662744466"/>
  <tag k="building" v="yes"/>
 </way>
 <way id="51969524" visible="true" version="2" changeset="151991110" timestamp="2024-05-29T13:56:03Z" user="qtab" uid="19488713">
  <nd ref="662744467"/>
  <nd ref="662744468"/>
  <nd ref="662744469"/>
  <nd ref="662744470"/>
  <nd ref="662744467"/>
  <tag k="addr:housenumber" v="400"/>
  <tag k="addr:street" v="Проспект Райымбека"/>
  <tag k="building" v="yes"/>
 </way>
 <way id="51969526" visible="true" version="6" changeset="151991110" timestamp="2024-05-29T13:56:03Z" user="qtab" uid="19488713">
  <nd ref="662744480"/>
  <nd ref="662744489"/>
  <nd ref="662744483"/>
  <nd ref="662744476"/>
  <nd ref="662744480"/>
  <tag k="addr:country" v="KZ"/>
  <tag k="addr:housenumber" v="287Б"/>
  <tag k="addr:street" v="Улица Толе би"/>
  <tag k="building" v="yes"/>
  <tag k="fixme" v="add &quot;addr:street&quot;"/>
  <tag k="roof:shape" v="hipped"/>
 </way>
 <way id="51969532" visible="true" version="3" changeset="66142731" timestamp="2019-01-08T22:18:18Z" user="Roolet" uid="9202949">
  <nd ref="662744531"/>
  <nd ref="6193719905"/>
  <nd ref="662744533"/>
  <nd ref="662744510"/>
  <nd ref="662744511"/>
  <tag k="highway" v="residential"/>
  <tag k="lit" v="yes"/>
 </way>
 <way id="51979927" visible="true" version="6" changeset="128927111" timestamp="2022-11-15T09:04:46Z" user="dressed-pleasekin" uid="11175011">
  <nd ref="662846104"/>
  <nd ref="662846105"/>
  <nd ref="662846106"/>
  <nd ref="662846107"/>
  <nd ref="662846104"/>
  <tag k="addr:housenumber" v="291Б"/>
  <tag k="addr:street" v="улица Толе Би"/>
  <tag k="building" v="office"/>
  <tag k="building:levels" v="4"/>
 </way>
 <way id="51979929" visible="true" version="7" changeset="118952935" timestamp="2022-03-26T15:54:59Z" user="Kuritsyn Roman" uid="3318452">
  <nd ref="662846117"/>
  <nd ref="662846118"/>
  <nd ref="662846113"/>
  <nd ref="662846112"/>
  <nd ref="662846117"/>
  <tag k="addr:country" v="KZ"/>
  <tag k="addr:housenumber" v="293/1"/>
  <tag k="building" v="yes"/>
  <tag k="fixme" v="add &quot;addr:street&quot;"/>
 </way>
 <way id="51979932" visible="true" version="4" changeset="41465283" timestamp="2016-08-15T11:12:00Z" user="_ANick_" uid="1686959">
  <nd ref="662846085"/>
  <nd ref="662846086"/>
  <nd ref="662846087"/>
  <nd ref="662846088"/>
  <nd ref="662846085"/>
  <tag k="addr:housenumber" v="295"/>
  <tag k="addr:street" v="улица Толе Би"/>
  <tag k="building" v="yes"/>
 </way>
 <way id="124982792" visible="true" version="12" changeset="150269156" timestamp="2024-04-20T15:43:06Z" user="evgeniyakz" uid="16572338">
  <nd ref="1389358644"/>
  <nd ref="9807865265"/>
  <nd ref="1389358645"/>
  <nd ref="9807865266"/>
  <nd ref="1389358648"/>
  <nd ref="1389358649"/>
  <nd ref="4418238118"/>
  <nd ref="9807865264"/>
  <nd ref="4418238117"/>
  <nd ref="1389358646"/>
  <nd ref="4418238116"/>
  <nd ref="5641021192"/>
  <tag k="destination:ref" v="А2"/>
  <tag k="highway" v="primary_link"/>
  <tag k="lanes" v="2"/>
  <tag k="lit" v="yes"/>
  <tag k="oneway" v="yes"/>
  <tag k="surface" v="asphalt"/>
 </way>
 <way id="124982793" visible="true" version="1" changeset="8945733" timestamp="2011-08-07T10:59:54Z" user="chnav" uid="248768">
  <nd ref="1389358631"/>
  <nd ref="1389358628"/>
  <tag k="highway" v="unclassified"/>
 </way>
 <way id="124982794" visible="true" version="14" changeset="161843797" timestamp="2025-01-28T05:35:18Z" user="Ruslan Fatih" uid="12875574">
  <nd ref="1389358652"/>
  <nd ref="2586949018"/>
  <nd ref="2586949022"/>
  <nd ref="2586949027"/>
  <nd ref="243880883"/>
  <tag k="highway" v="primary"/>
  <tag k="lanes" v="3"/>
  <tag k="layer" v="-2"/>
  <tag k="lit" v="yes"/>
  <tag k="maxspeed" v="80"/>
  <tag k="name" v="Саин көшесі"/>
  <tag k="name:en" v="Sain Street"/>
  <tag k="name:kk" v="Саин көшесі"/>
  <tag k="name:ru" v="улица Саина"/>
  <tag k="old_name" v="улица Западная"/>
  <tag k="oneway" v="yes"/>
  <tag k="surface" v="asphalt"/>
 </way>
 <way id="130052422" visible="true" version="20" changeset="140175791" timestamp="2023-08-21T11:13:14Z" user="NorthCrab" uid="15215305">
  <nd ref="1433590996"/>
  <nd ref="5202817228"/>
  <nd ref="4617415785"/>
  <nd ref="4617415784"/>
  <nd ref="2338315694"/>
  <nd ref="3715400615"/>
  <nd ref="2338315692"/>
  <nd ref="2338315696"/>
  <nd ref="1433590994"/>
  <nd ref="1433590997"/>
  <nd ref="4617415782"/>
  <nd ref="4617415783"/>
  <nd ref="1433590995"/>
  <nd ref="3715400614"/>
  <nd ref="8145760712"/>
  <nd ref="1433590996"/>
  <tag k="addr:city" v="Алматы"/>
  <tag k="addr:housenumber" v="514А"/>
  <tag k="addr:street" v="проспект Райымбека"/>
  <tag k="building" v="yes"/>
  <tag k="building:levels" v="3"/>
  <tag k="int_name" v="Praim"/>
  <tag k="name" v="ТРЦ Asia park"/>
  <tag k="name:en" v="Asia park"/>
  <tag k="name:ru" v="Азия парк"/>
  <tag k="shop" v="mall"/>
  <tag k="website" v="http://asia-park.kz/"/>
 </way>
 <way id="159057093" visible="true" version="8" changeset="70624311" timestamp="2019-05-26T06:02:52Z" user="Кирилл Русинов" uid="2604331">
  <nd ref="1711625730"/>
  <nd ref="6501452885"/>
  <nd ref="3903220251"/>
  <nd ref="1722015441"/>
  <nd ref="1711625694"/>
  <nd ref="3903220253"/>
  <nd ref="1711625717"/>
  <nd ref="3903227064"/>
  <nd ref="1711625725"/>
  <nd ref="3903227069"/>
  <nd ref="1711625683"/>
  <nd ref="3903227074"/>
  <nd ref="4288325438"/>
  <nd ref="3903227079"/>
  <nd ref="3903227084"/>
  <nd ref="1711625699"/>
  <nd ref="3719767835"/>
  <nd ref="3903227086"/>
  <nd ref="3719767832"/>
  <nd ref="1389358630"/>
  <tag k="highway" v="service"/>
  <tag k="maxspeed" v="20"/>
 </way>
 <way id="178103019" visible="true" version="5" changeset="40635917" timestamp="2016-07-10T18:34:13Z" user="Lyubchenko Denis" uid="705874">
  <nd ref="2245453432"/>
  <nd ref="1722015445"/>
  <nd ref="4294926262"/>
  <nd ref="4294926268"/>
  <nd ref="1722015451"/>
  <nd ref="2915565813"/>
  <nd ref="1722015429"/>
  <nd ref="1722015441"/>
  <tag k="highway" v="footway"/>
 </way>
 <way id="185869339" visible="true" version="8" changeset="139502012" timestamp="2023-08-06T05:05:09Z" user="evgeniyakz" uid="16572338">
  <nd ref="1389358585"/>
  <nd ref="9807865270"/>
  <nd ref="1389358589"/>
  <nd ref="296051048"/>
  <nd ref="1389358601"/>
  <nd ref="4418238103"/>
  <nd ref="1389358597"/>
  <nd ref="1389358591"/>
  <nd ref="4418238102"/>
  <nd ref="1389358576"/>
  <nd ref="9807865271"/>
  <nd ref="1389358571"/>
  <nd ref="1389358569"/>
  <nd ref="3685340670"/>
  <nd ref="4418238101"/>
  <nd ref="9807865268"/>
  <nd ref="1389358565"/>
  <nd ref="296051049"/>
  <tag k="highway" v="primary_link"/>
  <tag k="lit" v="yes"/>
  <tag k="oneway" v="yes"/>
 </way>
 <way id="185869340" visible="true" version="12" changeset="161843797" timestamp="2025-01-28T05:35:18Z" user="Ruslan Fatih" uid="12875574">
  <nd ref="243881067"/>
  <nd ref="4633549430"/>
  <nd ref="243881068"/>
  <nd ref="2232527973"/>
  <nd ref="2232527866"/>
  <nd ref="292229290"/>
  <tag k="highway" v="primary"/>
  <tag k="lanes" v="3"/>
  <tag k="layer" v="-2"/>
  <tag k="lit" v="yes"/>
  <tag k="maxspeed" v="80"/>
  <tag k="name" v="Саин көшесі"/>
  <tag k="name:en" v="Sain Street"/>
  <tag k="name:kk" v="Саин көшесі"/>
  <tag k="name:ru" v="улица Саина"/>
  <tag k="old_name" v="улица Западная"/>
  <tag k="oneway" v="yes"/>
  <tag k="surface" v="asphalt"/>
 </way>
 <way id="187394783" visible="true" version="14" changeset="155883921" timestamp="2024-08-28T14:28:05Z" user="Ruslan Fatih" uid="12875574">
  <nd ref="2245453587"/>
  <nd ref="6063217573"/>
  <nd ref="2245453463"/>
  <nd ref="4288325422"/>
  <nd ref="6063217581"/>
  <nd ref="2245453459"/>
  <nd ref="2245453541"/>
  <nd ref="4353166161"/>
  <nd ref="2245453317"/>
  <nd ref="2245453278"/>
  <nd ref="2245453484"/>
  <nd ref="2245453574"/>
  <nd ref="2245453573"/>
  <nd ref="3903220244"/>
  <nd ref="2245453371"/>
  <nd ref="2245453505"/>
  <nd ref="2245453697"/>
  <nd ref="2245453764"/>
  <nd ref="2245453499"/>
  <tag k="highway" v="footway"/>
 </way>
 <way id="215135996" visible="true" version="1" changeset="15588147" timestamp="2013-04-02T23:16:36Z" user="miros mari" uid="399714">
  <nd ref="2245524438"/>
  <nd ref="2245524408"/>
  <nd ref="2245524635"/>
  <tag k="highway" v="service"/>
 </way>
 <way id="215136010" visible="true" version="3" changeset="35171063" timestamp="2015-11-08T15:06:26Z" user="Lyubchenko Denis" uid="705874">
  <nd ref="2245524445"/>
  <nd ref="2245524526"/>
  <nd ref="2245524407"/>
  <nd ref="2245524433"/>
  <nd ref="2245524394"/>
  <tag k="highway" v="service"/>
 </way>
 <way id="215136013" visible="true" version="2" changeset="129824140" timestamp="2022-12-07T14:17:33Z" user="dressed-pleasekin" uid="11175011">
  <nd ref="2245524445"/>
  <nd ref="2245524652"/>
  <nd ref="2245524562"/>
  <nd ref="10244855022"/>
  <nd ref="10244855023"/>
  <nd ref="10244855024"/>
  <tag k="highway" v="service"/>
 </way>
 <way id="215136020" visible="true" version="2" changeset="138131373" timestamp="2023-07-05T05:50:57Z" user="LakeVostok" uid="16853710">
  <nd ref="2245524526"/>
  <nd ref="2245524590"/>
  <nd ref="11027147362"/>
  <nd ref="2245524554"/>
  <nd ref="2245524508"/>
  <nd ref="2245524443"/>
  <nd ref="2245524438"/>
  <nd ref="2245524510"/>
  <nd ref="2245524503"/>
  <nd ref="2245524505"/>
  <tag k="highway" v="service"/>
 </way>
 <way id="236998380" visible="true" version="7" changeset="38087134" timestamp="2016-03-26T17:42:44Z" user="Lyubchenko Denis" uid="705874">
  <nd ref="2449481135"/>
  <nd ref="4080267496"/>
  <nd ref="2449481138"/>
  <nd ref="2449481137"/>
  <nd ref="2449481135"/>
  <tag k="addr:country" v="KZ"/>
  <tag k="addr:housenumber" v="504"/>
  <tag k="addr:street" v="проспект Райымбека"/>
  <tag k="building" v="apartments"/>
  <tag k="building:levels" v="5"/>
 </way>
 <way id="240417514" visible="true" version="10" changeset="124538598" timestamp="2022-08-05T20:21:08Z" user="evgeniyakz" uid="16572338">
  <nd ref="2481609447"/>
  <nd ref="2481635868"/>
  <nd ref="6063217576"/>
  <nd ref="6063217575"/>
  <nd ref="6063217574"/>
  <nd ref="2481635867"/>
  <nd ref="6063217577"/>
  <nd ref="2481609445"/>
  <nd ref="6063217578"/>
  <nd ref="2481609439"/>
  <nd ref="6063217579"/>
  <nd ref="2481609437"/>
  <nd ref="6063217580"/>
  <nd ref="2481635864"/>
  <nd ref="2481635860"/>
  <nd ref="2481635859"/>
  <nd ref="2481635858"/>
  <nd ref="2481635857"/>
  <nd ref="2481609431"/>
  <nd ref="2481635856"/>
  <nd ref="2481635855"/>
  <nd ref="2481609429"/>
  <nd ref="2481635852"/>
  <nd ref="2481635850"/>
  <nd ref="2481609423"/>
  <nd ref="4418238090"/>
  <nd ref="2481609427"/>
  <nd ref="2481609433"/>
  <nd ref="2481635861"/>
  <nd ref="2481635862"/>
  <nd ref="2481635863"/>
  <nd ref="2481609435"/>
  <nd ref="4418238099"/>
  <nd ref="2481609443"/>
  <nd ref="2481609441"/>
  <nd ref="2481635865"/>
  <nd ref="2481635866"/>
  <nd ref="2481609447"/>
  <tag k="landuse" v="residential"/>
  <tag k="name" v="Аксай 1"/>
  <tag k="place" v="neighbourhood"/>
 </way>
 <way id="243618857" visible="true" version="3" changeset="30670748" timestamp="2015-04-30T20:32:25Z" user="poschon" uid="1719211">
  <nd ref="2449481138"/>
  <nd ref="2510035378"/>
  <nd ref="2510035380"/>
  <nd ref="2510035376"/>
  <nd ref="2510035374"/>
  <nd ref="2449481138"/>
  <tag k="addr:country" v="KZ"/>
  <tag k="addr:housenumber" v="504А"/>
  <tag k="addr:street" v="проспект Райымбека"/>
  <tag k="building" v="yes"/>
 </way>
 <way id="245025563" visible="true" version="4" changeset="118952935" timestamp="2022-03-26T15:55:05Z" user="Kuritsyn Roman" uid="3318452">
  <nd ref="2522883156"/>
  <nd ref="2522883162"/>
  <nd ref="2522883163"/>
  <nd ref="2522883154"/>
  <nd ref="2522883155"/>
  <nd ref="2522883158"/>
  <nd ref="2522883161"/>
  <nd ref="2522883157"/>
  <nd ref="2522883160"/>
  <nd ref="2522883159"/>
  <nd ref="2522883156"/>
  <tag k="addr:housenumber" v="481В"/>
  <tag k="addr:street" v="проспект Райымбека"/>
  <tag k="building" v="yes"/>
  <tag k="building:levels" v="9"/>
 </way>
 <way id="245189908" visible="true" version="1" changeset="18782380" timestamp="2013-11-08T13:45:57Z" user="Lyubchenko Denis" uid="705874">
  <nd ref="2524267546"/>
  <nd ref="2524267551"/>
  <nd ref="2524267537"/>
  <nd ref="2524267541"/>
  <nd ref="2524267532"/>
  <nd ref="2524267528"/>
  <nd ref="2524267535"/>
  <nd ref="2524267536"/>
  <nd ref="2524267546"/>
  <tag k="building" v="yes"/>
 </way>
 <way id="245189909" visible="true" version="1" changeset="18782380" timestamp="2013-11-08T13:45:57Z" user="Lyubchenko Denis" uid="705874">
  <nd ref="2524267552"/>
  <nd ref="2524267553"/>
  <nd ref="2524267548"/>
  <nd ref="2524267550"/>
  <nd ref="2524267539"/>
  <nd ref="2524267534"/>
  <nd ref="2524267542"/>
  <nd ref="2524267544"/>
  <nd ref="2524267552"/>
  <tag k="building" v="yes"/>
 </way>
 <way id="252476626" visible="true" version="4" changeset="45106895" timestamp="2017-01-12T15:51:28Z" user="mavl" uid="564990">
  <nd ref="2585195854"/>
  <nd ref="2585195851"/>
  <nd ref="2585195843"/>
  <nd ref="2585195862"/>
  <nd ref="2585195864"/>
  <nd ref="2585195858"/>
  <nd ref="2585195860"/>
  <nd ref="2585195849"/>
  <nd ref="2585195854"/>
  <tag k="addr:country" v="KZ"/>
  <tag k="addr:housenumber" v="479"/>
  <tag k="addr:street" v="проспект Райымбека"/>
  <tag k="building" v="yes"/>
 </way>
 <way id="252476627" visible="true" version="3" changeset="33761653" timestamp="2015-09-02T21:41:22Z" user="Lyubchenko Denis" uid="705874">
  <nd ref="2585195847"/>
  <nd ref="2585195842"/>
  <nd ref="2585195831"/>
  <nd ref="2585195829"/>
  <nd ref="2585195826"/>
  <nd ref="2585195827"/>
  <nd ref="2585195830"/>
  <nd ref="2585195837"/>
  <nd ref="2585195838"/>
  <nd ref="2585195836"/>
  <nd ref="2585195832"/>
  <nd ref="2585195833"/>
  <nd ref="2585195834"/>
  <nd ref="2585195835"/>
  <nd ref="2585195847"/>
  <tag k="addr:country" v="KZ"/>
  <tag k="addr:housenumber" v="481"/>
  <tag k="addr:street" v="проспект Райымбека"/>
  <tag k="building" v="yes"/>
  <tag k="building:levels" v="3"/>
 </way>
 <way id="252476628" visible="true" version="3" changeset="118952935" timestamp="2022-03-26T15:55:09Z" user="Kuritsyn Roman" uid="3318452">
  <nd ref="2585195810"/>
  <nd ref="2585195809"/>
  <nd ref="2585195807"/>
  <nd ref="2585195812"/>
  <nd ref="2585195814"/>
  <nd ref="2585195813"/>
  <nd ref="2585195810"/>
  <tag k="addr:housenumber" v="481Б"/>
  <tag k="addr:street" v="проспект Райымбека"/>
  <tag k="amenity" v="fuel"/>
  <tag k="building" v="yes"/>
  <tag k="name" v="Royal Petrol"/>
  <tag k="operator" v="Royal Petrol"/>
 </way>
 <way id="252476631" visible="true" version="2" changeset="30670748" timestamp="2015-04-30T20:30:20Z" user="poschon" uid="1719211">
  <nd ref="2585195882"/>
  <nd ref="2585195870"/>
  <nd ref="2585195867"/>
  <nd ref="2585195878"/>
  <nd ref="2585195882"/>
  <tag k="addr:country" v="KZ"/>
  <tag k="addr:housenumber" v="486В"/>
  <tag k="addr:street" v="проспект Райымбека"/>
  <tag k="building" v="yes"/>
 </way>
 <way id="252476632" visible="true" version="1" changeset="19516892" timestamp="2013-12-18T15:20:04Z" user="antont" uid="1759061">
  <nd ref="2585195788"/>
  <nd ref="2585195787"/>
  <nd ref="2585195790"/>
  <nd ref="2585195791"/>
  <nd ref="2585195793"/>
  <nd ref="2585195794"/>
  <nd ref="2585195788"/>
  <tag k="addr:housenumber" v="487"/>
  <tag k="addr:street" v="проспект Райымбека"/>
  <tag k="amenity" v="fuel"/>
  <tag k="building" v="yes"/>
 </way>
 <way id="252476634" visible="true" version="1" changeset="19516892" timestamp="2013-12-18T15:20:04Z" user="antont" uid="1759061">
  <nd ref="2585195784"/>
  <nd ref="2585195779"/>
  <nd ref="2585195768"/>
  <nd ref="2585195774"/>
  <nd ref="2585195784"/>
  <tag k="addr:housenumber" v="491"/>
  <tag k="addr:street" v="проспект Райымбека"/>
  <tag k="building" v="yes"/>
 </way>
 <way id="252476638" visible="true" version="2" changeset="30670748" timestamp="2015-04-30T20:32:24Z" user="poschon" uid="1719211">
  <nd ref="2585195819"/>
  <nd ref="2585195811"/>
  <nd ref="2585195808"/>
  <nd ref="2585195815"/>
  <nd ref="2585195819"/>
  <tag k="addr:country" v="KZ"/>
  <tag k="addr:housenumber" v="502Б"/>
  <tag k="addr:street" v="проспект Райымбека"/>
  <tag k="building" v="yes"/>
 </way>
 <way id="252652325" visible="true" version="5" changeset="134023194" timestamp="2023-03-23T13:28:21Z" user="Elena_Biryukova" uid="18600775">
  <nd ref="2586949002"/>
  <nd ref="243878850"/>
  <tag k="highway" v="primary"/>
  <tag k="lanes" v="3"/>
  <tag k="lit" v="yes"/>
  <tag k="name" v="Райымбек даңғылы"/>
  <tag k="name:ru" v="проспект Райымбека"/>
  <tag k="old_name" v="улица Ташкентская"/>
  <tag k="oneway" v="yes"/>
 </way>
 <way id="252652326" visible="true" version="7" changeset="134023194" timestamp="2023-03-23T13:28:21Z" user="Elena_Biryukova" uid="18600775">
  <nd ref="243878885"/>
  <nd ref="2586949005"/>
  <tag k="highway" v="primary"/>
  <tag k="lanes" v="3"/>
  <tag k="lit" v="yes"/>
  <tag k="name" v="Райымбек даңғылы"/>
  <tag k="name:ru" v="проспект Райымбека"/>
  <tag k="old_name" v="улица Ташкентская"/>
  <tag k="oneway" v="yes"/>
 </way>
 <way id="252652327" visible="true" version="6" changeset="134023194" timestamp="2023-03-23T13:28:21Z" user="Elena_Biryukova" uid="18600775">
  <nd ref="243878850"/>
  <nd ref="3903227091"/>
  <nd ref="2586949011"/>
  <nd ref="2586949012"/>
  <tag k="highway" v="primary"/>
  <tag k="lanes" v="3"/>
  <tag k="lit" v="yes"/>
  <tag k="name" v="Райымбек даңғылы"/>
  <tag k="name:ru" v="проспект Райымбека"/>
  <tag k="old_name" v="улица Ташкентская"/>
  <tag k="oneway" v="yes"/>
 </way>
 <way id="252652328" visible="true" version="6" changeset="126351808" timestamp="2022-09-19T04:25:52Z" user="Aubim" uid="16360968">
  <nd ref="2586949005"/>
  <nd ref="2586949003"/>
  <nd ref="2586948998"/>
  <nd ref="2586948984"/>
  <nd ref="243878884"/>
  <nd ref="1389358629"/>
  <tag k="bridge" v="yes"/>
  <tag k="highway" v="primary"/>
  <tag k="lanes" v="3"/>
  <tag k="layer" v="1"/>
  <tag k="lit" v="yes"/>
  <tag k="name" v="Райымбек даңғылы"/>
  <tag k="name:ru" v="проспект Райымбека"/>
  <tag k="old_name" v="улица Ташкентская"/>
  <tag k="oneway" v="yes"/>
 </way>
 <way id="253337860" visible="true" version="6" changeset="36090242" timestamp="2015-12-21T16:49:57Z" user="Lyubchenko Denis" uid="705874">
  <nd ref="2592786324"/>
  <nd ref="2592786322"/>
  <nd ref="2592786319"/>
  <nd ref="3903227076"/>
  <nd ref="2592786321"/>
  <nd ref="2592786324"/>
  <tag k="addr:country" v="KZ"/>
  <tag k="addr:housenumber" v="4/3"/>
  <tag k="addr:street" v="улица Саина"/>
  <tag k="building" v="apartments"/>
  <tag k="building:levels" v="4"/>
 </way>
 <way id="253337861" visible="true" version="6" changeset="36090242" timestamp="2015-12-21T16:49:57Z" user="Lyubchenko Denis" uid="705874">
  <nd ref="2592786318"/>
  <nd ref="2592786316"/>
  <nd ref="2592786309"/>
  <nd ref="3903227070"/>
  <nd ref="2592786313"/>
  <nd ref="2592786318"/>
  <tag k="addr:country" v="KZ"/>
  <tag k="addr:housenumber" v="4/4"/>
  <tag k="addr:street" v="улица Саина"/>
  <tag k="building" v="apartments"/>
  <tag k="building:levels" v="4"/>
 </way>
 <way id="253337862" visible="true" version="6" changeset="36090242" timestamp="2015-12-21T16:49:57Z" user="Lyubchenko Denis" uid="705874">
  <nd ref="2592786310"/>
  <nd ref="2592786305"/>
  <nd ref="2592786301"/>
  <nd ref="3903227063"/>
  <nd ref="2592786303"/>
  <nd ref="2592786310"/>
  <tag k="addr:country" v="KZ"/>
  <tag k="addr:housenumber" v="4/5"/>
  <tag k="addr:street" v="улица Саина"/>
  <tag k="building" v="apartments"/>
  <tag k="building:levels" v="4"/>
 </way>
 <way id="283582452" visible="true" version="3" changeset="118952935" timestamp="2022-03-26T15:55:24Z" user="Kuritsyn Roman" uid="3318452">
  <nd ref="2874270366"/>
  <nd ref="2874270361"/>
  <nd ref="2874270341"/>
  <nd ref="2874270348"/>
  <nd ref="2874270366"/>
  <tag k="addr:housenumber" v="10"/>
  <tag k="addr:street" v="улица Переходько"/>
  <tag k="building" v="house"/>
 </way>
 <way id="283582455" visible="true" version="3" changeset="118952935" timestamp="2022-03-26T15:55:24Z" user="Kuritsyn Roman" uid="3318452">
  <nd ref="2874270329"/>
  <nd ref="2874270323"/>
  <nd ref="2874270335"/>
  <nd ref="2874270346"/>
  <nd ref="2874270329"/>
  <tag k="addr:housenumber" v="10"/>
  <tag k="addr:street" v="улица Шарипова Касыма"/>
  <tag k="building" v="house"/>
 </way>
 <way id="283582484" visible="true" version="3" changeset="118952935" timestamp="2022-03-26T15:55:24Z" user="Kuritsyn Roman" uid="3318452">
  <nd ref="2874270400"/>
  <nd ref="2874270394"/>
  <nd ref="2874270385"/>
  <nd ref="2874270388"/>
  <nd ref="2874270400"/>
  <tag k="addr:housenumber" v="12"/>
  <tag k="addr:street" v="улица Переходько"/>
  <tag k="building" v="house"/>
 </way>
 <way id="283582487" visible="true" version="3" changeset="118952935" timestamp="2022-03-26T15:55:24Z" user="Kuritsyn Roman" uid="3318452">
  <nd ref="2874270397"/>
  <nd ref="2874270392"/>
  <nd ref="2874270371"/>
  <nd ref="2874270382"/>
  <nd ref="2874270397"/>
  <tag k="addr:housenumber" v="12"/>
  <tag k="addr:street" v="улица Шарипова Касыма"/>
  <tag k="building" v="house"/>
 </way>
 <way id="283582506" visible="true" version="3" changeset="118952935" timestamp="2022-03-26T15:55:24Z" user="Kuritsyn Roman" uid="3318452">
  <nd ref="2874270515"/>
  <nd ref="2874270523"/>
  <nd ref="2874270509"/>
  <nd ref="2874270506"/>
  <nd ref="2874270515"/>
  <tag k="addr:housenumber" v="13"/>
  <tag k="addr:street" v="улица Переходько"/>
  <tag k="building" v="house"/>
 </way>
 <way id="283582534" visible="true" version="3" changeset="118952935" timestamp="2022-03-26T15:55:24Z" user="Kuritsyn Roman" uid="3318452">
  <nd ref="2874270533"/>
  <nd ref="2874270526"/>
  <nd ref="2874270512"/>
  <nd ref="2874270517"/>
  <nd ref="2874270533"/>
  <tag k="addr:housenumber" v="14"/>
  <tag k="addr:street" v="улица Переходько"/>
  <tag k="building" v="house"/>
 </way>
 <way id="283582540" visible="true" version="3" changeset="118952935" timestamp="2022-03-26T15:55:24Z" user="Kuritsyn Roman" uid="3318452">
  <nd ref="2874270544"/>
  <nd ref="2874270539"/>
  <nd ref="2874270520"/>
  <nd ref="2874270527"/>
  <nd ref="2874270544"/>
  <tag k="addr:housenumber" v="14"/>
  <tag k="addr:street" v="улица Шарипова Касыма"/>
  <tag k="building" v="house"/>
 </way>
 <way id="283582557" visible="true" version="3" changeset="118952935" timestamp="2022-03-26T15:55:24Z" user="Kuritsyn Roman" uid="3318452">
  <nd ref="2874270551"/>
  <nd ref="2874270557"/>
  <nd ref="2874270547"/>
  <nd ref="2874270542"/>
  <nd ref="2874270551"/>
  <tag k="addr:housenumber" v="15"/>
  <tag k="addr:street" v="улица Переходько"/>
  <tag k="building" v="house"/>
 </way>
 <way id="283582573" visible="true" version="3" changeset="118952935" timestamp="2022-03-26T15:55:24Z" user="Kuritsyn Roman" uid="3318452">
  <nd ref="2874270567"/>
  <nd ref="2874270561"/>
  <nd ref="2874270548"/>
  <nd ref="2874270554"/>
  <nd ref="2874270567"/>
  <tag k="addr:housenumber" v="16"/>
  <tag k="addr:street" v="улица Переходько"/>
  <tag k="building" v="house"/>
 </way>
 <way id="283582583" visible="true" version="3" changeset="118952935" timestamp="2022-03-26T15:55:24Z" user="Kuritsyn Roman" uid="3318452">
  <nd ref="2874270723"/>
  <nd ref="2874270726"/>
  <nd ref="2874270717"/>
  <nd ref="2874270716"/>
  <nd ref="2874270723"/>
  <tag k="addr:housenumber" v="44"/>
  <tag k="addr:street" v="улица Сыздыкова"/>
  <tag k="building" v="house"/>
 </way>
 <way id="283582593" visible="true" version="3" changeset="118952935" timestamp="2022-03-26T15:55:24Z" user="Kuritsyn Roman" uid="3318452">
  <nd ref="2874270584"/>
  <nd ref="2874270580"/>
  <nd ref="2874270565"/>
  <nd ref="2874270568"/>
  <nd ref="2874270584"/>
  <tag k="addr:housenumber" v="17"/>
  <tag k="addr:street" v="улица Переходько"/>
  <tag k="building" v="house"/>
 </way>
 <way id="283582601" visible="true" version="3" changeset="118952935" timestamp="2022-03-26T15:55:24Z" user="Kuritsyn Roman" uid="3318452">
  <nd ref="2874270588"/>
  <nd ref="2874270585"/>
  <nd ref="2874270569"/>
  <nd ref="2874270576"/>
  <nd ref="2874270588"/>
  <tag k="addr:housenumber" v="18"/>
  <tag k="addr:street" v="улица Переходько"/>
  <tag k="building" v="house"/>
 </way>
 <way id="283582605" visible="true" version="3" changeset="118952935" timestamp="2022-03-26T15:55:24Z" user="Kuritsyn Roman" uid="3318452">
  <nd ref="2874270613"/>
  <nd ref="2874270605"/>
  <nd ref="2874270593"/>
  <nd ref="2874270601"/>
  <nd ref="2874270613"/>
  <tag k="addr:housenumber" v="18"/>
  <tag k="addr:street" v="улица Шарипова Касыма"/>
  <tag k="building" v="house"/>
 </way>
 <way id="283582609" visible="true" version="3" changeset="118952935" timestamp="2022-03-26T15:55:24Z" user="Kuritsyn Roman" uid="3318452">
  <nd ref="2874270603"/>
  <nd ref="2874270599"/>
  <nd ref="2874270587"/>
  <nd ref="2874270592"/>
  <nd ref="2874270603"/>
  <tag k="addr:housenumber" v="18А"/>
  <tag k="addr:street" v="улица Переходько"/>
  <tag k="building" v="house"/>
 </way>
 <way id="283582613" visible="true" version="3" changeset="118952935" timestamp="2022-03-26T15:55:24Z" user="Kuritsyn Roman" uid="3318452">
  <nd ref="2874270611"/>
  <nd ref="2874270604"/>
  <nd ref="2874270590"/>
  <nd ref="2874270600"/>
  <nd ref="2874270611"/>
  <tag k="addr:housenumber" v="19"/>
  <tag k="addr:street" v="улица Переходько"/>
  <tag k="building" v="house"/>
 </way>
 <way id="283582622" visible="true" version="5" changeset="118952935" timestamp="2022-03-26T15:55:24Z" user="Kuritsyn Roman" uid="3318452">
  <nd ref="2874270711"/>
  <nd ref="2874270714"/>
  <nd ref="2874270700"/>
  <nd ref="2874270696"/>
  <nd ref="2874270711"/>
  <tag k="addr:housenumber" v="1"/>
  <tag k="addr:street" v="улица Сыздыкова"/>
  <tag k="building" v="house"/>
 </way>
 <way id="283582634" visible="true" version="3" changeset="118952935" timestamp="2022-03-26T15:55:24Z" user="Kuritsyn Roman" uid="3318452">
  <nd ref="2874270210"/>
  <nd ref="2874262898"/>
  <nd ref="2874262888"/>
  <nd ref="2874262896"/>
  <nd ref="2874270210"/>
  <tag k="addr:housenumber" v="2"/>
  <tag k="addr:street" v="улица Переходько"/>
  <tag k="building" v="house"/>
 </way>
 <way id="283582656" visible="true" version="3" changeset="118952935" timestamp="2022-03-26T15:55:24Z" user="Kuritsyn Roman" uid="3318452">
  <nd ref="2874270628"/>
  <nd ref="2874270624"/>
  <nd ref="2874270616"/>
  <nd ref="2874270618"/>
  <nd ref="2874270628"/>
  <tag k="addr:housenumber" v="20"/>
  <tag k="addr:street" v="улица Переходько"/>
  <tag k="building" v="house"/>
 </way>
 <way id="283582680" visible="true" version="3" changeset="118952935" timestamp="2022-03-26T15:55:25Z" user="Kuritsyn Roman" uid="3318452">
  <nd ref="2874270620"/>
  <nd ref="2874270639"/>
  <nd ref="2874270641"/>
  <nd ref="2874270626"/>
  <nd ref="2874270620"/>
  <tag k="addr:housenumber" v="21"/>
  <tag k="addr:street" v="улица Переходько"/>
  <tag k="building" v="house"/>
 </way>
 <way id="283582702" visible="true" version="3" changeset="118952935" timestamp="2022-03-26T15:55:25Z" user="Kuritsyn Roman" uid="3318452">
  <nd ref="2874270655"/>
  <nd ref="2874270650"/>
  <nd ref="2874270636"/>
  <nd ref="2874270640"/>
  <nd ref="2874270655"/>
  <tag k="addr:housenumber" v="22"/>
  <tag k="addr:street" v="улица Переходько"/>
  <tag k="building" v="house"/>
 </way>
 <way id="283582753" visible="true" version="3" changeset="118952935" timestamp="2022-03-26T15:55:25Z" user="Kuritsyn Roman" uid="3318452">
  <nd ref="2874270662"/>
  <nd ref="2874270676"/>
  <nd ref="2874270684"/>
  <nd ref="2874270671"/>
  <nd ref="2874270662"/>
  <tag k="addr:housenumber" v="24"/>
  <tag k="addr:street" v="улица Переходько"/>
  <tag k="building" v="house"/>
 </way>
 <way id="283582767" visible="true" version="3" changeset="118952935" timestamp="2022-03-26T15:55:25Z" user="Kuritsyn Roman" uid="3318452">
  <nd ref="2874270685"/>
  <nd ref="2874270677"/>
  <nd ref="2874270659"/>
  <nd ref="2874270666"/>
  <nd ref="2874270685"/>
  <tag k="addr:housenumber" v="25"/>
  <tag k="addr:street" v="улица Переходько"/>
  <tag k="building" v="house"/>
 </way>
 <way id="283582790" visible="true" version="3" changeset="118952935" timestamp="2022-03-26T15:55:25Z" user="Kuritsyn Roman" uid="3318452">
  <nd ref="2874270703"/>
  <nd ref="2874270697"/>
  <nd ref="2874270692"/>
  <nd ref="2874270693"/>
  <nd ref="2874270703"/>
  <tag k="addr:housenumber" v="27"/>
  <tag k="addr:street" v="улица Переходько"/>
  <tag k="building" v="house"/>
 </way>
 <way id="283582807" visible="true" version="3" changeset="118952935" timestamp="2022-03-26T15:55:25Z" user="Kuritsyn Roman" uid="3318452">
  <nd ref="2874270721"/>
  <nd ref="2874270718"/>
  <nd ref="2874270710"/>
  <nd ref="2874270715"/>
  <nd ref="2874270721"/>
  <tag k="addr:housenumber" v="29"/>
  <tag k="addr:street" v="улица Переходько"/>
  <tag k="building" v="house"/>
 </way>
 <way id="283582817" visible="true" version="3" changeset="118952935" timestamp="2022-03-26T15:55:25Z" user="Kuritsyn Roman" uid="3318452">
  <nd ref="2874270735"/>
  <nd ref="2874270732"/>
  <nd ref="2874270722"/>
  <nd ref="2874270725"/>
  <nd ref="2874270735"/>
  <tag k="addr:housenumber" v="3"/>
  <tag k="addr:street" v="улица Сыздыкова"/>
  <tag k="building" v="house"/>
 </way>
 <way id="283582825" visible="true" version="3" changeset="118952935" timestamp="2022-03-26T15:55:25Z" user="Kuritsyn Roman" uid="3318452">
  <nd ref="2874270205"/>
  <nd ref="2874262889"/>
  <nd ref="2874262879"/>
  <nd ref="2874262890"/>
  <nd ref="2874270205"/>
  <tag k="addr:housenumber" v="3"/>
  <tag k="addr:street" v="улица Шарипова Касыма"/>
  <tag k="building" v="yes"/>
 </way>
 <way id="283582836" visible="true" version="3" changeset="118952935" timestamp="2022-03-26T15:55:25Z" user="Kuritsyn Roman" uid="3318452">
  <nd ref="2874270740"/>
  <nd ref="2874270734"/>
  <nd ref="2874270727"/>
  <nd ref="2874270730"/>
  <nd ref="2874270740"/>
  <tag k="addr:housenumber" v="31"/>
  <tag k="addr:street" v="улица Переходько"/>
  <tag k="building" v="house"/>
 </way>
 <way id="283582886" visible="true" version="3" changeset="118952935" timestamp="2022-03-26T15:55:26Z" user="Kuritsyn Roman" uid="3318452">
  <nd ref="2874270238"/>
  <nd ref="2874270245"/>
  <nd ref="2874270227"/>
  <nd ref="2874270224"/>
  <nd ref="2874270238"/>
  <tag k="addr:housenumber" v="4"/>
  <tag k="addr:street" v="улица Переходько"/>
  <tag k="building" v="house"/>
 </way>
 <way id="283582891" visible="true" version="3" changeset="118952935" timestamp="2022-03-26T15:55:26Z" user="Kuritsyn Roman" uid="3318452">
  <nd ref="2874262892"/>
  <nd ref="2874262895"/>
  <nd ref="2874270208"/>
  <nd ref="2874270203"/>
  <nd ref="2874262892"/>
  <tag k="addr:housenumber" v="4"/>
  <tag k="addr:street" v="улица Шарипова Касыма"/>
  <tag k="building" v="house"/>
 </way>
 <way id="283582896" visible="true" version="3" changeset="118952935" timestamp="2022-03-26T15:55:26Z" user="Kuritsyn Roman" uid="3318452">
  <nd ref="2874270596"/>
  <nd ref="2874270595"/>
  <nd ref="2874270573"/>
  <nd ref="2874270574"/>
  <nd ref="2874270596"/>
  <tag k="addr:housenumber" v="40А"/>
  <tag k="addr:street" v="улица Сыздыкова"/>
  <tag k="building" v="house"/>
 </way>
 <way id="283582976" visible="true" version="3" changeset="118952935" timestamp="2022-03-26T15:55:26Z" user="Kuritsyn Roman" uid="3318452">
  <nd ref="2874270627"/>
  <nd ref="2874270629"/>
  <nd ref="2874270608"/>
  <nd ref="2874270607"/>
  <nd ref="2874270627"/>
  <tag k="addr:housenumber" v="52"/>
  <tag k="addr:street" v="улица Сыздыкова"/>
  <tag k="building" v="house"/>
 </way>
 <way id="283582977" visible="true" version="3" changeset="118952935" timestamp="2022-03-26T15:55:26Z" user="Kuritsyn Roman" uid="3318452">
  <nd ref="2874270680"/>
  <nd ref="2874270678"/>
  <nd ref="2874270661"/>
  <nd ref="2874270664"/>
  <nd ref="2874270680"/>
  <tag k="addr:housenumber" v="52А"/>
  <tag k="addr:street" v="улица Сыздыкова"/>
  <tag k="building" v="house"/>
 </way>
 <way id="283582979" visible="true" version="2" changeset="85510049" timestamp="2020-05-20T16:35:37Z" user="DiscountTaxi" uid="10122872">
  <nd ref="2874270681"/>
  <nd ref="2874270679"/>
  <nd ref="2874270660"/>
  <nd ref="2874270663"/>
  <nd ref="2874270681"/>
  <tag k="building" v="house"/>
  <tag k="source" v="Bing"/>
 </way>
 <way id="283582982" visible="true" version="3" changeset="118952935" timestamp="2022-03-26T15:55:26Z" user="Kuritsyn Roman" uid="3318452">
  <nd ref="2874270746"/>
  <nd ref="2874270745"/>
  <nd ref="2874270736"/>
  <nd ref="2874270739"/>
  <nd ref="2874270746"/>
  <tag k="addr:housenumber" v="5"/>
  <tag k="addr:street" v="улица Сыздыкова"/>
  <tag k="building" v="house"/>
 </way>
 <way id="283582992" visible="true" version="3" changeset="118952935" timestamp="2022-03-26T15:55:26Z" user="Kuritsyn Roman" uid="3318452">
  <nd ref="2874270269"/>
  <nd ref="2874270244"/>
  <nd ref="2874270252"/>
  <nd ref="2874270276"/>
  <nd ref="2874270269"/>
  <tag k="addr:housenumber" v="6"/>
  <tag k="addr:street" v="улица Переходько"/>
  <tag k="building" v="house"/>
 </way>
 <way id="283582996" visible="true" version="3" changeset="118952935" timestamp="2022-03-26T15:55:26Z" user="Kuritsyn Roman" uid="3318452">
  <nd ref="2874270239"/>
  <nd ref="2874270247"/>
  <nd ref="2874270264"/>
  <nd ref="2874270257"/>
  <nd ref="2874270239"/>
  <tag k="addr:housenumber" v="6"/>
  <tag k="addr:street" v="улица Шарипова Касыма"/>
  <tag k="building" v="house"/>
 </way>
 <way id="283583010" visible="true" version="3" changeset="118952935" timestamp="2022-03-26T15:55:26Z" user="Kuritsyn Roman" uid="3318452">
  <nd ref="2874270349"/>
  <nd ref="2874270357"/>
  <nd ref="2874270337"/>
  <nd ref="2874270328"/>
  <nd ref="2874270349"/>
  <tag k="addr:housenumber" v="7"/>
  <tag k="addr:street" v="улица Переходько"/>
  <tag k="building" v="house"/>
 </way>
 <way id="283583013" visible="true" version="3" changeset="118952935" timestamp="2022-03-26T15:55:26Z" user="Kuritsyn Roman" uid="3318452">
  <nd ref="2874270274"/>
  <nd ref="2874270270"/>
  <nd ref="2874270261"/>
  <nd ref="2874270268"/>
  <nd ref="2874270274"/>
  <tag k="addr:housenumber" v="7"/>
  <tag k="addr:street" v="улица Шарипова Касыма"/>
  <tag k="building" v="house"/>
 </way>
 <way id="283583035" visible="true" version="3" changeset="118952935" timestamp="2022-03-26T15:55:26Z" user="Kuritsyn Roman" uid="3318452">
  <nd ref="2874270246"/>
  <nd ref="2874270251"/>
  <nd ref="2874270234"/>
  <nd ref="2874270228"/>
  <nd ref="2874270246"/>
  <tag k="addr:housenumber" v="7А"/>
  <tag k="addr:street" v="улица Шарипова Касыма"/>
  <tag k="building" v="house"/>
 </way>
 <way id="283583041" visible="true" version="3" changeset="118952935" timestamp="2022-03-26T15:55:26Z" user="Kuritsyn Roman" uid="3318452">
  <nd ref="2874270294"/>
  <nd ref="2874270308"/>
  <nd ref="2874270283"/>
  <nd ref="2874270272"/>
  <nd ref="2874270294"/>
  <tag k="addr:housenumber" v="8"/>
  <tag k="addr:street" v="улица Переходько"/>
  <tag k="building" v="house"/>
 </way>
 <way id="283583048" visible="true" version="3" changeset="118952935" timestamp="2022-03-26T15:55:26Z" user="Kuritsyn Roman" uid="3318452">
  <nd ref="2874270300"/>
  <nd ref="2874270292"/>
  <nd ref="2874270271"/>
  <nd ref="2874270278"/>
  <nd ref="2874270300"/>
  <tag k="addr:housenumber" v="8"/>
  <tag k="addr:street" v="улица Шарипова Касыма"/>
  <tag k="building" v="house"/>
 </way>
 <way id="283583083" visible="true" version="3" changeset="118952935" timestamp="2022-03-26T15:55:26Z" user="Kuritsyn Roman" uid="3318452">
  <nd ref="2874270299"/>
  <nd ref="2874270287"/>
  <nd ref="2874270303"/>
  <nd ref="2874270314"/>
  <nd ref="2874270299"/>
  <tag k="addr:housenumber" v="9"/>
  <tag k="addr:street" v="улица Шарипова Касыма"/>
  <tag k="building" v="house"/>
 </way>
 <way id="283583101" visible="true" version="3" changeset="118952935" timestamp="2022-03-26T15:55:26Z" user="Kuritsyn Roman" uid="3318452">
  <nd ref="2874270389"/>
  <nd ref="2874270383"/>
  <nd ref="2874270368"/>
  <nd ref="2874270378"/>
  <nd ref="2874270389"/>
  <tag k="addr:housenumber" v="9А"/>
  <tag k="addr:street" v="улица Переходько"/>
  <tag k="building" v="house"/>
 </way>
 <way id="283583111" visible="true" version="3" changeset="118952935" timestamp="2022-03-26T15:55:26Z" user="Kuritsyn Roman" uid="3318452">
  <nd ref="2874270649"/>
  <nd ref="2874270653"/>
  <nd ref="2874270634"/>
  <nd ref="2874270632"/>
  <nd ref="2874270649"/>
  <tag k="addr:housenumber" v="55"/>
  <tag k="addr:street" v="улица Сыздыкова"/>
  <tag k="building" v="house"/>
 </way>
 <way id="283583122" visible="true" version="4" changeset="118952935" timestamp="2022-03-26T15:55:26Z" user="Kuritsyn Roman" uid="3318452">
  <nd ref="2874270206"/>
  <nd ref="2874270223"/>
  <nd ref="2874262897"/>
  <nd ref="2874262884"/>
  <nd ref="2874270206"/>
  <tag k="addr:housenumber" v="3/1"/>
  <tag k="addr:street" v="улица Шарипова Касыма"/>
  <tag k="building" v="yes"/>
 </way>
 <way id="283583222" visible="true" version="4" changeset="153530609" timestamp="2024-07-04T07:19:58Z" user="evgeniyakz" uid="16572338">
  <nd ref="2874270665"/>
  <nd ref="2874270731"/>
  <nd ref="2874270792"/>
  <nd ref="299677593"/>
  <tag k="highway" v="residential"/>
  <tag k="name" v="улица Сыздыкова"/>
  <tag k="wikidata" v="Q12563552"/>
  <tag k="wikipedia" v="kk:Сыздықов атындағы көше (Алматы)"/>
 </way>
 <way id="288003392" visible="true" version="7" changeset="129822125" timestamp="2022-12-07T13:17:14Z" user="dressed-pleasekin" uid="11175011">
  <nd ref="2915565814"/>
  <nd ref="2915565815"/>
  <nd ref="2915565816"/>
  <nd ref="2915565817"/>
  <nd ref="10244620872"/>
  <nd ref="10244620866"/>
  <nd ref="2915565814"/>
  <tag k="addr:housenumber" v="12А"/>
  <tag k="addr:street" v="улица Саина"/>
  <tag k="building" v="yes"/>
  <tag k="shop" v="car_repair"/>
 </way>
 <way id="288003393" visible="true" version="4" changeset="118952935" timestamp="2022-03-26T15:55:44Z" user="Kuritsyn Roman" uid="3318452">
  <nd ref="2915565818"/>
  <nd ref="2915565819"/>
  <nd ref="2915565820"/>
  <nd ref="2915565821"/>
  <nd ref="2915565818"/>
  <tag k="addr:housenumber" v="12Б"/>
  <tag k="addr:street" v="улица Саина"/>
  <tag k="building" v="yes"/>
 </way>
 <way id="314769322" visible="true" version="3" changeset="45261568" timestamp="2017-01-18T05:12:58Z" user="Eva Blue" uid="4803528">
  <nd ref="2586949011"/>
  <nd ref="4418238119"/>
  <nd ref="3208176015"/>
  <tag k="highway" v="service"/>
  <tag k="oneway" v="yes"/>
 </way>
 <way id="314769323" visible="true" version="2" changeset="129824140" timestamp="2022-12-07T14:17:33Z" user="dressed-pleasekin" uid="11175011">
  <nd ref="3208176018"/>
  <nd ref="3208176021"/>
  <nd ref="3208176019"/>
  <nd ref="3208176023"/>
  <nd ref="3208176017"/>
  <nd ref="3208176016"/>
  <nd ref="3208176014"/>
  <nd ref="3208176013"/>
  <nd ref="3208176018"/>
  <tag k="building" v="roof"/>
  <tag k="layer" v="1"/>
 </way>
 <way id="314773014" visible="true" version="5" changeset="134023194" timestamp="2023-03-23T13:28:21Z" user="Elena_Biryukova" uid="18600775">
  <nd ref="1389358629"/>
  <nd ref="292229219"/>
  <tag k="bridge" v="yes"/>
  <tag k="highway" v="primary"/>
  <tag k="lanes" v="4"/>
  <tag k="layer" v="1"/>
  <tag k="lit" v="yes"/>
  <tag k="name" v="Райымбек даңғылы"/>
  <tag k="name:ru" v="проспект Райымбека"/>
  <tag k="old_name" v="улица Ташкентская"/>
  <tag k="oneway" v="yes"/>
  <tag k="surface" v="asphalt"/>
  <tag k="turn:lanes" v="through|through|through|right"/>
 </way>
 <way id="314773017" visible="true" version="9" changeset="134023194" timestamp="2023-03-23T13:28:21Z" user="Elena_Biryukova" uid="18600775">
  <nd ref="292229219"/>
  <nd ref="243881208"/>
  <nd ref="4418238105"/>
  <nd ref="3301864492"/>
  <tag k="bridge" v="yes"/>
  <tag k="highway" v="primary"/>
  <tag k="lanes" v="3"/>
  <tag k="layer" v="1"/>
  <tag k="lit" v="yes"/>
  <tag k="name" v="Райымбек даңғылы"/>
  <tag k="name:ru" v="проспект Райымбека"/>
  <tag k="old_name" v="улица Ташкентская"/>
  <tag k="oneway" v="yes"/>
  <tag k="ref" v="A-2"/>
  <tag k="surface" v="asphalt"/>
 </way>
 <way id="323385156" visible="true" version="10" changeset="133259074" timestamp="2023-03-03T15:26:47Z" user="Yehudah777" uid="18555139">
  <nd ref="3301864493"/>
  <nd ref="2586948928"/>
  <nd ref="4418238110"/>
  <nd ref="243881262"/>
  <nd ref="243881269"/>
  <nd ref="2586948973"/>
  <nd ref="2586948977"/>
  <nd ref="2586948989"/>
  <nd ref="2586949002"/>
  <tag k="bridge" v="yes"/>
  <tag k="highway" v="primary"/>
  <tag k="lanes" v="3"/>
  <tag k="layer" v="1"/>
  <tag k="lit" v="yes"/>
  <tag k="name" v="Райымбек даңғылы"/>
  <tag k="name:ru" v="проспект Райымбека"/>
  <tag k="old_name" v="улица Ташкентская"/>
  <tag k="oneway" v="yes"/>
  <tag k="ref" v="A-2"/>
 </way>
 <way id="345468564" visible="true" version="2" changeset="45264368" timestamp="2017-01-18T08:23:55Z" user="Eva Blue" uid="4803528">
  <nd ref="3521328210"/>
  <nd ref="4615830038"/>
  <tag k="covered" v="yes"/>
  <tag k="highway" v="service"/>
  <tag k="oneway" v="yes"/>
 </way>
 <way id="345468565" visible="true" version="1" changeset="31195643" timestamp="2015-05-16T08:35:42Z" user="ggood" uid="363515">
  <nd ref="3521328203"/>
  <nd ref="3521328200"/>
  <nd ref="3521328199"/>
  <tag k="highway" v="service"/>
 </way>
 <way id="345468567" visible="true" version="1" changeset="31195643" timestamp="2015-05-16T08:35:42Z" user="ggood" uid="363515">
  <nd ref="3521328212"/>
  <nd ref="2585195810"/>
  <nd ref="2585195813"/>
  <nd ref="3521328215"/>
  <nd ref="3521328212"/>
  <tag k="building" v="roof"/>
 </way>
 <way id="345468568" visible="true" version="1" changeset="31195643" timestamp="2015-05-16T08:35:42Z" user="ggood" uid="363515">
  <nd ref="3521328207"/>
  <nd ref="3521328209"/>
  <nd ref="3521328216"/>
  <nd ref="3521328220"/>
  <nd ref="3521328223"/>
  <nd ref="3521328226"/>
  <nd ref="3521328227"/>
  <nd ref="3521328225"/>
  <nd ref="3521328224"/>
  <nd ref="3521328222"/>
  <nd ref="3521328221"/>
  <nd ref="3521328207"/>
  <tag k="landuse" v="grass"/>
 </way>
 <way id="345468569" visible="true" version="1" changeset="31195643" timestamp="2015-05-16T08:35:42Z" user="ggood" uid="363515">
  <nd ref="3521328202"/>
  <nd ref="3521328206"/>
  <nd ref="3521328201"/>
  <nd ref="3521328202"/>
  <tag k="landuse" v="grass"/>
 </way>
 <way id="345468881" visible="true" version="1" changeset="31195681" timestamp="2015-05-16T08:39:18Z" user="ggood" uid="363515">
  <nd ref="3521333950"/>
  <nd ref="3521333954"/>
  <nd ref="3521333955"/>
  <nd ref="3521333957"/>
  <nd ref="3521333958"/>
  <nd ref="3521333960"/>
  <nd ref="3521333964"/>
  <nd ref="3521333956"/>
  <nd ref="3521333944"/>
  <nd ref="3521333940"/>
  <nd ref="3521333946"/>
  <nd ref="3521333951"/>
  <nd ref="3521333953"/>
  <nd ref="3521333952"/>
  <nd ref="3521333950"/>
  <tag k="landuse" v="grass"/>
 </way>
 <way id="345468884" visible="true" version="1" changeset="31195681" timestamp="2015-05-16T08:39:18Z" user="ggood" uid="363515">
  <nd ref="3521333935"/>
  <nd ref="3521333932"/>
  <nd ref="3521333933"/>
  <nd ref="3521333934"/>
  <nd ref="3521333936"/>
  <nd ref="3521333937"/>
  <nd ref="3521333939"/>
  <nd ref="3521333941"/>
  <nd ref="3521333943"/>
  <nd ref="3521333948"/>
  <nd ref="3521333949"/>
  <nd ref="3521333947"/>
  <nd ref="3521333945"/>
  <nd ref="3521333942"/>
  <nd ref="3521333935"/>
  <tag k="landuse" v="grass"/>
 </way>
 <way id="345468886" visible="true" version="3" changeset="45492829" timestamp="2017-01-25T22:32:36Z" user="_ANick_" uid="1686959">
  <nd ref="3521333959"/>
  <nd ref="4633549436"/>
  <nd ref="4633549435"/>
  <nd ref="3521333962"/>
  <nd ref="3521333963"/>
  <nd ref="4633549434"/>
  <nd ref="3521333961"/>
  <nd ref="3521333965"/>
  <nd ref="4624267522"/>
  <nd ref="3521333966"/>
  <nd ref="3521333967"/>
  <nd ref="3521333959"/>
  <tag k="landuse" v="grass"/>
 </way>
 <way id="345468888" visible="true" version="1" changeset="31195681" timestamp="2015-05-16T08:39:18Z" user="ggood" uid="363515">
  <nd ref="3521333938"/>
  <nd ref="3521333931"/>
  <nd ref="3521333929"/>
  <nd ref="3521333928"/>
  <nd ref="3521333926"/>
  <nd ref="3521333925"/>
  <nd ref="3521333924"/>
  <nd ref="3521333927"/>
  <nd ref="3521333930"/>
  <nd ref="3521333938"/>
  <tag k="landuse" v="grass"/>
 </way>
 <way id="345469489" visible="true" version="6" changeset="150269156" timestamp="2024-04-20T15:43:06Z" user="evgeniyakz" uid="16572338">
  <nd ref="2586948924"/>
  <nd ref="2586948926"/>
  <nd ref="1389358593"/>
  <nd ref="1389358599"/>
  <nd ref="2586948929"/>
  <nd ref="1389358605"/>
  <nd ref="2586948933"/>
  <nd ref="1389358613"/>
  <nd ref="2586948940"/>
  <nd ref="4418238109"/>
  <nd ref="254027108"/>
  <nd ref="9807865269"/>
  <nd ref="243881262"/>
  <tag k="bridge" v="yes"/>
  <tag k="destination:ref" v="1"/>
  <tag k="highway" v="primary_link"/>
  <tag k="lanes" v="2"/>
  <tag k="layer" v="1"/>
  <tag k="lit" v="yes"/>
  <tag k="oneway" v="yes"/>
  <tag k="surface" v="asphalt"/>
 </way>
 <way id="345469490" visible="true" version="2" changeset="45492829" timestamp="2017-01-25T22:32:36Z" user="_ANick_" uid="1686959">
  <nd ref="3521335261"/>
  <nd ref="3521335263"/>
  <nd ref="4633549432"/>
  <nd ref="3521335264"/>
  <nd ref="4633549433"/>
  <nd ref="3521335268"/>
  <nd ref="3521335272"/>
  <nd ref="3521335265"/>
  <nd ref="3521335262"/>
  <nd ref="3521335257"/>
  <nd ref="3521335258"/>
  <nd ref="3521335259"/>
  <nd ref="3521335260"/>
  <nd ref="3521335261"/>
  <tag k="landuse" v="grass"/>
 </way>
 <way id="345469491" visible="true" version="1" changeset="31195730" timestamp="2015-05-16T08:43:56Z" user="ggood" uid="363515">
  <nd ref="3521335278"/>
  <nd ref="3521335274"/>
  <nd ref="3521335271"/>
  <nd ref="3521335270"/>
  <nd ref="3521335267"/>
  <nd ref="3521335266"/>
  <nd ref="3521335269"/>
  <nd ref="3521335273"/>
  <nd ref="3521335275"/>
  <nd ref="3521335276"/>
  <nd ref="3521335277"/>
  <nd ref="3521335278"/>
  <tag k="landuse" v="grass"/>
 </way>
 <way id="364490948" visible="true" version="1" changeset="33175884" timestamp="2015-08-07T10:12:34Z" user="Lyubchenko Denis" uid="705874">
  <nd ref="3685340658"/>
  <nd ref="3685340663"/>
  <nd ref="3685340667"/>
  <nd ref="3685340655"/>
  <nd ref="3685340654"/>
  <nd ref="3685340661"/>
  <nd ref="3685340658"/>
  <tag k="amenity" v="parking"/>
 </way>
 <way id="364490955" visible="true" version="2" changeset="64522376" timestamp="2018-11-15T10:30:39Z" user="MNbrn" uid="6319160">
  <nd ref="3685340657"/>
  <nd ref="3685340664"/>
  <tag k="highway" v="service"/>
  <tag k="service" v="parking_aisle"/>
 </way>
 <way id="364490970" visible="true" version="2" changeset="64522376" timestamp="2018-11-15T10:30:39Z" user="MNbrn" uid="6319160">
  <nd ref="6063217583"/>
  <nd ref="6063217582"/>
  <nd ref="6063217584"/>
  <nd ref="3685340664"/>
  <nd ref="3685340665"/>
  <nd ref="6063217885"/>
  <nd ref="3685340666"/>
  <nd ref="3685340660"/>
  <nd ref="3685340659"/>
  <nd ref="3685340665"/>
  <tag k="highway" v="service"/>
  <tag k="service" v="parking_aisle"/>
 </way>
 <way id="364490971" visible="true" version="7" changeset="140513660" timestamp="2023-08-28T21:25:35Z" user="LexIgnatov" uid="316868">
  <nd ref="3685340670"/>
  <nd ref="2245453587"/>
  <nd ref="3685340669"/>
  <nd ref="3685340668"/>
  <nd ref="6063217965"/>
  <nd ref="11070809141"/>
  <nd ref="4962081266"/>
  <tag k="highway" v="residential"/>
  <tag k="maxspeed" v="40"/>
 </way>
 <way id="364490973" visible="true" version="3" changeset="150211993" timestamp="2024-04-19T08:51:18Z" user="MountBabia" uid="18236549">
  <nd ref="3685340668"/>
  <nd ref="6063217583"/>
  <nd ref="3685340656"/>
  <nd ref="3685340657"/>
  <nd ref="3685340659"/>
  <nd ref="6063217887"/>
  <nd ref="1239998574"/>
  <tag k="highway" v="residential"/>
 </way>
 <way id="365855121" visible="true" version="5" changeset="99115448" timestamp="2021-02-11T15:00:09Z" user="DiscountTaxi" uid="10122872">
  <nd ref="3698597325"/>
  <nd ref="3698596624"/>
  <nd ref="5670210039"/>
  <nd ref="5670210040"/>
  <nd ref="5670210041"/>
  <nd ref="5670210042"/>
  <nd ref="5670210043"/>
  <nd ref="3698597326"/>
  <nd ref="3698597327"/>
  <nd ref="3698597325"/>
  <tag k="addr:city" v="Алматы"/>
  <tag k="addr:housenumber" v="10/3"/>
  <tag k="addr:place" v="Аксай 1-й микрорайон"/>
  <tag k="building" v="apartments"/>
  <tag k="building:levels" v="10"/>
  <tag k="name" v="Самга, ЖК"/>
 </way>
 <way id="368118301" visible="true" version="2" changeset="45263879" timestamp="2017-01-18T07:58:25Z" user="Shaun Austin" uid="4803525">
  <nd ref="2232527872"/>
  <nd ref="3719763536"/>
  <nd ref="3719763537"/>
  <tag k="highway" v="service"/>
  <tag k="maxspeed" v="5"/>
  <tag k="oneway" v="yes"/>
  <tag k="surface" v="asphalt"/>
 </way>
 <way id="368118302" visible="true" version="2" changeset="85510049" timestamp="2020-05-20T16:35:37Z" user="DiscountTaxi" uid="10122872">
  <nd ref="3719763540"/>
  <nd ref="3719763541"/>
  <nd ref="3719763542"/>
  <nd ref="3719763543"/>
  <nd ref="3719763544"/>
  <nd ref="3719763545"/>
  <nd ref="3719763546"/>
  <nd ref="3719763547"/>
  <nd ref="3719763548"/>
  <nd ref="3719763549"/>
  <nd ref="3719763550"/>
  <nd ref="3719763551"/>
  <nd ref="3719763552"/>
  <nd ref="3719763540"/>
  <tag k="addr:housenumber" v="169"/>
  <tag k="addr:street" v="проспект Рыскулова"/>
  <tag k="amenity" v="fuel"/>
  <tag k="building" v="yes"/>
  <tag k="name" v="Royal Petrol"/>
  <tag k="operator" v="Royal Petrol"/>
 </way>
 <way id="368118496" visible="true" version="2" changeset="33761653" timestamp="2015-09-02T21:41:23Z" user="Lyubchenko Denis" uid="705874">
  <nd ref="3719767219"/>
  <nd ref="3719767220"/>
  <nd ref="3719767221"/>
  <nd ref="3719767222"/>
  <nd ref="3719767223"/>
  <nd ref="3719767224"/>
  <nd ref="3719767825"/>
  <nd ref="3719767826"/>
  <nd ref="3719767827"/>
  <nd ref="3719767828"/>
  <nd ref="3719767829"/>
  <nd ref="3719767830"/>
  <nd ref="3719767831"/>
  <nd ref="3719767219"/>
  <tag k="addr:housenumber" v="485"/>
  <tag k="addr:street" v="проспект Райымбека"/>
  <tag k="building" v="yes"/>
  <tag k="building:levels" v="3"/>
 </way>
 <way id="368118497" visible="true" version="2" changeset="36090242" timestamp="2015-12-21T16:49:56Z" user="Lyubchenko Denis" uid="705874">
  <nd ref="3719767832"/>
  <nd ref="3719767833"/>
  <nd ref="3719767834"/>
  <nd ref="2449481138"/>
  <nd ref="2449481136"/>
  <nd ref="3719767835"/>
  <nd ref="3903227086"/>
  <nd ref="3719767832"/>
  <tag k="amenity" v="parking"/>
 </way>
 <way id="368828799" visible="true" version="3" changeset="132948996" timestamp="2023-02-24T01:36:19Z" user="dressed-pleasekin" uid="11175011">
  <nd ref="3726715660"/>
  <nd ref="3726715656"/>
  <nd ref="3726715655"/>
  <nd ref="3726715657"/>
  <nd ref="3726715658"/>
  <nd ref="3726715662"/>
  <nd ref="3726715661"/>
  <nd ref="3726715665"/>
  <nd ref="3726715666"/>
  <nd ref="3726715670"/>
  <nd ref="3726715669"/>
  <nd ref="3726715673"/>
  <nd ref="3726715674"/>
  <nd ref="3726715672"/>
  <nd ref="3726715671"/>
  <nd ref="3726715667"/>
  <nd ref="3726715668"/>
  <nd ref="3726715664"/>
  <nd ref="3726715663"/>
  <nd ref="3726715659"/>
  <nd ref="3726715660"/>
  <tag k="addr:housenumber" v="284"/>
  <tag k="addr:street" v="проспект Рыскулова"/>
  <tag k="building" v="kindergarten"/>
  <tag k="roof:shape" v="hipped"/>
 </way>
 <way id="368828800" visible="true" version="3" changeset="132948996" timestamp="2023-02-24T01:36:19Z" user="dressed-pleasekin" uid="11175011">
  <nd ref="3726715640"/>
  <nd ref="3726715636"/>
  <nd ref="3726715635"/>
  <nd ref="3726715637"/>
  <nd ref="3726715638"/>
  <nd ref="3726715642"/>
  <nd ref="3726715641"/>
  <nd ref="3726715645"/>
  <nd ref="3726715646"/>
  <nd ref="3726715650"/>
  <nd ref="3726715649"/>
  <nd ref="3726715653"/>
  <nd ref="3726715654"/>
  <nd ref="3726715652"/>
  <nd ref="3726715651"/>
  <nd ref="3726715647"/>
  <nd ref="3726715648"/>
  <nd ref="3726715644"/>
  <nd ref="3726715643"/>
  <nd ref="3726715639"/>
  <nd ref="3726715640"/>
  <tag k="addr:housenumber" v="483а"/>
  <tag k="addr:street" v="проспект Райымбека"/>
  <tag k="building" v="kindergarten"/>
  <tag k="roof:shape" v="hipped"/>
 </way>
 <way id="368828801" visible="true" version="3" changeset="118952935" timestamp="2022-03-26T15:56:10Z" user="Kuritsyn Roman" uid="3318452">
  <nd ref="3726715633"/>
  <nd ref="3726715634"/>
  <nd ref="3726715632"/>
  <nd ref="3726715631"/>
  <nd ref="3726715633"/>
  <tag k="addr:housenumber" v="481А"/>
  <tag k="addr:street" v="проспект Райымбека"/>
  <tag k="building" v="yes"/>
  <tag k="name" v="БЦ Эталон"/>
 </way>
 <way id="386980466" visible="true" version="1" changeset="36090242" timestamp="2015-12-21T16:49:54Z" user="Lyubchenko Denis" uid="705874">
  <nd ref="3903227078"/>
  <nd ref="490989423"/>
  <nd ref="490989425"/>
  <nd ref="3903227082"/>
  <nd ref="3903227078"/>
  <tag k="addr:country" v="KZ"/>
  <tag k="addr:housenumber" v="508"/>
  <tag k="addr:street" v="проспект Райымбека"/>
  <tag k="building" v="apartments"/>
  <tag k="building:levels" v="8"/>
 </way>
 <way id="386980467" visible="true" version="3" changeset="45286581" timestamp="2017-01-19T01:44:56Z" user="Eva Blue" uid="4803528">
  <nd ref="3903227078"/>
  <nd ref="3903227082"/>
  <nd ref="4617446347"/>
  <nd ref="3903227081"/>
  <nd ref="3903227080"/>
  <nd ref="490989422"/>
  <nd ref="3903227075"/>
  <nd ref="4617446349"/>
  <nd ref="3903227078"/>
  <tag k="addr:country" v="KZ"/>
  <tag k="addr:housenumber" v="510"/>
  <tag k="addr:street" v="проспект Райымбека"/>
  <tag k="building" v="apartments"/>
  <tag k="building:levels" v="8"/>
 </way>
 <way id="386980468" visible="true" version="1" changeset="36090242" timestamp="2015-12-21T16:49:55Z" user="Lyubchenko Denis" uid="705874">
  <nd ref="490989420"/>
  <nd ref="2586948937"/>
  <nd ref="2586948938"/>
  <nd ref="2586948944"/>
  <nd ref="2449481133"/>
  <nd ref="490989422"/>
  <nd ref="3903227080"/>
  <nd ref="490989429"/>
  <nd ref="2449481134"/>
  <nd ref="2586948950"/>
  <nd ref="490989431"/>
  <nd ref="2586948946"/>
  <nd ref="2449481132"/>
  <nd ref="2586948935"/>
  <nd ref="490989432"/>
  <nd ref="490989420"/>
  <tag k="addr:country" v="KZ"/>
  <tag k="addr:housenumber" v="512"/>
  <tag k="addr:street" v="проспект Райымбека"/>
  <tag k="building" v="apartments"/>
  <tag k="building:levels" v="8"/>
 </way>
 <way id="386980469" visible="true" version="2" changeset="70624311" timestamp="2019-05-26T06:02:52Z" user="Кирилл Русинов" uid="2604331">
  <nd ref="3903220253"/>
  <nd ref="3903220254"/>
  <nd ref="3903220255"/>
  <nd ref="3903220256"/>
  <nd ref="3903227057"/>
  <nd ref="3903227058"/>
  <nd ref="3903227059"/>
  <nd ref="3903227067"/>
  <nd ref="3903227073"/>
  <nd ref="6501452887"/>
  <nd ref="1711625699"/>
  <nd ref="6501452891"/>
  <nd ref="6501452892"/>
  <nd ref="6501452897"/>
  <nd ref="6501452893"/>
  <nd ref="6501452898"/>
  <nd ref="6501452894"/>
  <nd ref="6501452895"/>
  <tag k="highway" v="service"/>
 </way>
 <way id="386980470" visible="true" version="5" changeset="70624311" timestamp="2019-05-26T06:02:52Z" user="Кирилл Русинов" uid="2604331">
  <nd ref="3903220251"/>
  <nd ref="4624267520"/>
  <nd ref="4624267519"/>
  <nd ref="4624267518"/>
  <nd ref="4624267521"/>
  <nd ref="3903227060"/>
  <nd ref="3903227065"/>
  <nd ref="3903227071"/>
  <nd ref="3903227077"/>
  <nd ref="3903227083"/>
  <nd ref="4288325441"/>
  <nd ref="3903227085"/>
  <nd ref="3903227086"/>
  <nd ref="3903227087"/>
  <nd ref="3903227088"/>
  <nd ref="6501452896"/>
  <nd ref="3903227089"/>
  <nd ref="3903227090"/>
  <nd ref="3903227091"/>
  <tag k="highway" v="service"/>
 </way>
 <way id="386980471" visible="true" version="2" changeset="45286517" timestamp="2017-01-19T01:35:18Z" user="Eva Blue" uid="4803528">
  <nd ref="3903227060"/>
  <nd ref="4617431907"/>
  <tag k="highway" v="footway"/>
 </way>
 <way id="386980472" visible="true" version="1" changeset="36090242" timestamp="2015-12-21T16:49:55Z" user="Lyubchenko Denis" uid="705874">
  <nd ref="3903227076"/>
  <nd ref="3903227073"/>
  <tag k="highway" v="footway"/>
 </way>
 <way id="386980476" visible="true" version="3" changeset="45521446" timestamp="2017-01-26T17:42:33Z" user="Lexi Johnson" uid="4803526">
  <nd ref="3903227081"/>
  <nd ref="3903227075"/>
  <tag k="highway" v="footway"/>
  <tag k="tunnel" v="building_passage"/>
 </way>
 <way id="386980478" visible="true" version="1" changeset="36090242" timestamp="2015-12-21T16:49:55Z" user="Lyubchenko Denis" uid="705874">
  <nd ref="3903227079"/>
  <nd ref="3903220256"/>
  <tag k="highway" v="service"/>
 </way>
 <way id="386980479" visible="true" version="3" changeset="45521446" timestamp="2017-01-26T17:42:33Z" user="Lexi Johnson" uid="4803526">
  <nd ref="4617431907"/>
  <nd ref="4617431906"/>
  <tag k="highway" v="footway"/>
  <tag k="tunnel" v="building_passage"/>
 </way>
 <way id="386980481" visible="true" version="1" changeset="36090242" timestamp="2015-12-21T16:49:55Z" user="Lyubchenko Denis" uid="705874">
  <nd ref="3903227063"/>
  <nd ref="3903227059"/>
  <tag k="highway" v="footway"/>
 </way>
 <way id="386980482" visible="true" version="2" changeset="45286517" timestamp="2017-01-19T01:35:18Z" user="Eva Blue" uid="4803528">
  <nd ref="3903227065"/>
  <nd ref="4617431908"/>
  <tag k="highway" v="footway"/>
 </way>
 <way id="386980483" visible="true" version="1" changeset="36090242" timestamp="2015-12-21T16:49:56Z" user="Lyubchenko Denis" uid="705874">
  <nd ref="3903227058"/>
  <nd ref="3903227072"/>
  <tag k="highway" v="service"/>
 </way>
 <way id="386980484" visible="true" version="1" changeset="36090242" timestamp="2015-12-21T16:49:56Z" user="Lyubchenko Denis" uid="705874">
  <nd ref="3903227070"/>
  <nd ref="3903227067"/>
  <tag k="highway" v="footway"/>
 </way>
 <way id="386980486" visible="true" version="1" changeset="36090242" timestamp="2015-12-21T16:49:56Z" user="Lyubchenko Denis" uid="705874">
  <nd ref="3903227084"/>
  <nd ref="3903227057"/>
  <tag k="highway" v="service"/>
 </way>
 <way id="386980487" visible="true" version="3" changeset="45521446" timestamp="2017-01-26T17:42:33Z" user="Lexi Johnson" uid="4803526">
  <nd ref="4617431908"/>
  <nd ref="4617431905"/>
  <tag k="highway" v="footway"/>
  <tag k="tunnel" v="building_passage"/>
 </way>
 <way id="386980490" visible="true" version="2" changeset="45286517" timestamp="2017-01-19T01:35:18Z" user="Eva Blue" uid="4803528">
  <nd ref="4617431906"/>
  <nd ref="3903227064"/>
  <tag k="highway" v="footway"/>
 </way>
 <way id="386980491" visible="true" version="1" changeset="36090242" timestamp="2015-12-21T16:49:56Z" user="Lyubchenko Denis" uid="705874">
  <nd ref="3903227074"/>
  <nd ref="3903220255"/>
  <tag k="highway" v="service"/>
 </way>
 <way id="386980492" visible="true" version="3" changeset="45521446" timestamp="2017-01-26T17:42:33Z" user="Lexi Johnson" uid="4803526">
  <nd ref="3903227075"/>
  <nd ref="3903227074"/>
  <tag k="highway" v="footway"/>
 </way>
 <way id="386980493" visible="true" version="3" changeset="150326389" timestamp="2024-04-22T04:43:45Z" user="evgeniyakz" uid="16572338">
  <nd ref="4288325422"/>
  <nd ref="4288325423"/>
  <tag k="bridge" v="yes"/>
  <tag k="highway" v="steps"/>
  <tag k="incline" v="up"/>
  <tag k="layer" v="1"/>
 </way>
 <way id="386980494" visible="true" version="3" changeset="45521446" timestamp="2017-01-26T17:42:33Z" user="Lexi Johnson" uid="4803526">
  <nd ref="3903227083"/>
  <nd ref="3903227081"/>
  <tag k="highway" v="footway"/>
 </way>
 <way id="386980495" visible="true" version="2" changeset="45286517" timestamp="2017-01-19T01:35:18Z" user="Eva Blue" uid="4803528">
  <nd ref="4617431905"/>
  <nd ref="3903227069"/>
  <tag k="highway" v="footway"/>
 </way>
 <way id="406679498" visible="true" version="3" changeset="122193090" timestamp="2022-06-10T06:20:06Z" user="SEVEN" uid="127989">
  <nd ref="4087258197"/>
  <nd ref="6501452917"/>
  <nd ref="530287121"/>
  <nd ref="4087258196"/>
  <tag k="highway" v="footway"/>
 </way>
 <way id="429668706" visible="true" version="1" changeset="40542800" timestamp="2016-07-07T13:45:17Z" user="Lyubchenko Denis" uid="705874">
  <nd ref="4288325436"/>
  <nd ref="490989409"/>
  <nd ref="490989417"/>
  <nd ref="4288325437"/>
  <nd ref="4288325436"/>
  <tag k="addr:country" v="KZ"/>
  <tag k="addr:housenumber" v="2"/>
  <tag k="addr:street" v="улица Саина"/>
  <tag k="building" v="apartments"/>
  <tag k="building:levels" v="8"/>
 </way>
 <way id="429668707" visible="true" version="3" changeset="65754732" timestamp="2018-12-25T09:13:57Z" user="mavl" uid="564990">
  <nd ref="4288325423"/>
  <nd ref="3903220252"/>
  <tag k="bridge" v="yes"/>
  <tag k="fixme" v="расположение не точное забыл включить запись трека"/>
  <tag k="highway" v="footway"/>
  <tag k="layer" v="1"/>
 </way>
 <way id="429668708" visible="true" version="2" changeset="150326389" timestamp="2024-04-22T04:43:45Z" user="evgeniyakz" uid="16572338">
  <nd ref="3903220252"/>
  <nd ref="4288325424"/>
  <tag k="bridge" v="yes"/>
  <tag k="fixme" v="расположение не точное забыл включить запись трека"/>
  <tag k="highway" v="steps"/>
  <tag k="incline" v="down"/>
  <tag k="layer" v="1"/>
 </way>
 <way id="429668709" visible="true" version="3" changeset="45521446" timestamp="2017-01-26T17:42:36Z" user="Lexi Johnson" uid="4803526">
  <nd ref="4288325438"/>
  <nd ref="4617446349"/>
  <tag k="highway" v="footway"/>
 </way>
 <way id="429668710" visible="true" version="3" changeset="45521446" timestamp="2017-01-26T17:42:36Z" user="Lexi Johnson" uid="4803526">
  <nd ref="4288325441"/>
  <nd ref="4617446347"/>
  <tag k="highway" v="footway"/>
 </way>
 <way id="429668711" visible="true" version="3" changeset="45521446" timestamp="2017-01-26T17:42:36Z" user="Lexi Johnson" uid="4803526">
  <nd ref="4617446347"/>
  <nd ref="4617446349"/>
  <tag k="highway" v="footway"/>
  <tag k="tunnel" v="building_passage"/>
 </way>
 <way id="429668713" visible="true" version="2" changeset="53404402" timestamp="2017-10-31T18:51:04Z" user="Ropino" uid="42123">
  <nd ref="4288325433"/>
  <nd ref="4288325432"/>
  <nd ref="4288325435"/>
  <nd ref="4288325430"/>
  <tag k="highway" v="service"/>
  <tag k="service" v="parking_aisle"/>
 </way>
 <way id="429668714" visible="true" version="3" changeset="139112702" timestamp="2023-07-28T01:48:41Z" user="RwenzoriMountains" uid="16853667">
  <nd ref="3645889765"/>
  <nd ref="4288325426"/>
  <nd ref="4288325428"/>
  <nd ref="4288325431"/>
  <nd ref="4288325429"/>
  <nd ref="4288325434"/>
  <nd ref="3715400615"/>
  <tag k="highway" v="footway"/>
 </way>
 <way id="441708231" visible="true" version="15" changeset="161843797" timestamp="2025-01-28T05:35:18Z" user="Ruslan Fatih" uid="12875574">
  <nd ref="4394180810"/>
  <nd ref="10823905336"/>
  <nd ref="4633549698"/>
  <nd ref="243880843"/>
  <nd ref="11942287900"/>
  <nd ref="4624267513"/>
  <nd ref="4633549697"/>
  <nd ref="299677691"/>
  <nd ref="3719760449"/>
  <nd ref="3719760452"/>
  <nd ref="299677592"/>
  <nd ref="243880887"/>
  <nd ref="4633549429"/>
  <nd ref="2232527872"/>
  <nd ref="243881067"/>
  <tag k="highway" v="primary"/>
  <tag k="lanes" v="3"/>
  <tag k="layer" v="-2"/>
  <tag k="lit" v="yes"/>
  <tag k="maxspeed" v="80"/>
  <tag k="name" v="Саин көшесі"/>
  <tag k="name:en" v="Sain Street"/>
  <tag k="name:kk" v="Саин көшесі"/>
  <tag k="name:ru" v="улица Саина"/>
  <tag k="old_name" v="улица Западная"/>
  <tag k="oneway" v="yes"/>
  <tag k="surface" v="asphalt"/>
 </way>
 <way id="444338377" visible="true" version="7" changeset="150382306" timestamp="2024-04-23T08:34:48Z" user="evgeniyakz" uid="16572338">
  <nd ref="1389358585"/>
  <nd ref="1389358603"/>
  <tag k="destination:ref" v="А2"/>
  <tag k="highway" v="primary_link"/>
  <tag k="int_ref" v="AH5;AH60;E 40"/>
  <tag k="oneway" v="yes"/>
  <tag k="turn" v="slide_left"/>
 </way>
 <way id="444338387" visible="true" version="4" changeset="158525613" timestamp="2024-10-30T05:41:02Z" user="nuruk" uid="20180657">
  <nd ref="2586948975"/>
  <nd ref="1389358625"/>
  <nd ref="12298722706"/>
  <nd ref="292229290"/>
  <tag k="highway" v="primary_link"/>
  <tag k="lanes" v="2"/>
  <tag k="lit" v="yes"/>
  <tag k="oneway" v="yes"/>
  <tag k="surface" v="asphalt"/>
 </way>
 <way id="444338391" visible="true" version="6" changeset="150326459" timestamp="2024-04-22T04:48:16Z" user="evgeniyakz" uid="16572338">
  <nd ref="243881157"/>
  <nd ref="3521328199"/>
  <nd ref="1389358644"/>
  <tag k="destination" v="Ташкент"/>
  <tag k="destination:ref" v="А2"/>
  <tag k="highway" v="primary_link"/>
  <tag k="lanes" v="2"/>
  <tag k="lit" v="yes"/>
  <tag k="oneway" v="yes"/>
  <tag k="surface" v="asphalt"/>
 </way>
 <way id="444338392" visible="true" version="5" changeset="137615314" timestamp="2023-06-21T17:30:24Z" user="evgeniyakz" uid="16572338">
  <nd ref="662744514"/>
  <nd ref="10995107384"/>
  <nd ref="3208176024"/>
  <tag k="admin_level" v="6"/>
  <tag k="boundary" v="administrative"/>
  <tag k="highway" v="primary"/>
  <tag k="lanes" v="6"/>
  <tag k="lit" v="yes"/>
  <tag k="name" v="Райымбек даңғылы"/>
  <tag k="name:ru" v="проспект Райымбека"/>
  <tag k="old_name" v="улица Ташкентская"/>
  <tag k="oneway" v="no"/>
 </way>
 <way id="444338393" visible="true" version="3" changeset="137024155" timestamp="2023-06-06T17:12:37Z" user="evgeniyakz" uid="16572338">
  <nd ref="2586949012"/>
  <nd ref="662744514"/>
  <tag k="admin_level" v="6"/>
  <tag k="boundary" v="administrative"/>
  <tag k="highway" v="primary"/>
  <tag k="lanes" v="6"/>
  <tag k="lit" v="yes"/>
  <tag k="name" v="проспект Райымбека"/>
  <tag k="name:ru" v="проспект Райымбека"/>
  <tag k="old_name" v="улица Ташкентская"/>
  <tag k="oneway" v="no"/>
 </way>
 <way id="466823727" visible="true" version="3" changeset="141187910" timestamp="2023-09-13T03:58:39Z" user="evgeniyakz" uid="16572338">
  <nd ref="4962081266"/>
  <nd ref="5670210026"/>
  <nd ref="3645889756"/>
  <nd ref="5670210027"/>
  <nd ref="5938426301"/>
  <tag k="highway" v="residential"/>
  <tag k="maxspeed" v="40"/>
 </way>
 <way id="466838007" visible="true" version="1" changeset="45261568" timestamp="2017-01-18T05:12:58Z" user="Eva Blue" uid="4803528">
  <nd ref="3208176015"/>
  <nd ref="3208176022"/>
  <tag k="covered" v="yes"/>
  <tag k="highway" v="service"/>
  <tag k="oneway" v="yes"/>
 </way>
 <way id="466838008" visible="true" version="1" changeset="45261568" timestamp="2017-01-18T05:12:58Z" user="Eva Blue" uid="4803528">
  <nd ref="3208176022"/>
  <nd ref="3208176024"/>
  <tag k="highway" v="service"/>
  <tag k="oneway" v="yes"/>
 </way>
 <way id="466862634" visible="true" version="1" changeset="45263879" timestamp="2017-01-18T07:58:24Z" user="Shaun Austin" uid="4803525">
  <nd ref="3719763538"/>
  <nd ref="3719763539"/>
  <tag k="highway" v="service"/>
  <tag k="maxspeed" v="5"/>
  <tag k="oneway" v="yes"/>
  <tag k="surface" v="asphalt"/>
 </way>
 <way id="466862635" visible="true" version="1" changeset="45263879" timestamp="2017-01-18T07:58:24Z" user="Shaun Austin" uid="4803525">
  <nd ref="3719763537"/>
  <nd ref="3719763538"/>
  <tag k="covered" v="yes"/>
  <tag k="highway" v="service"/>
  <tag k="maxspeed" v="5"/>
  <tag k="oneway" v="yes"/>
  <tag k="surface" v="asphalt"/>
 </way>
 <way id="466868057" visible="true" version="1" changeset="45264368" timestamp="2017-01-18T08:23:55Z" user="Eva Blue" uid="4803528">
  <nd ref="4615830040"/>
  <nd ref="3521328205"/>
  <nd ref="3521328203"/>
  <nd ref="3521328204"/>
  <nd ref="3521328208"/>
  <nd ref="3521328210"/>
  <tag k="highway" v="service"/>
  <tag k="oneway" v="yes"/>
 </way>
 <way id="466868058" visible="true" version="1" changeset="45264368" timestamp="2017-01-18T08:23:55Z" user="Eva Blue" uid="4803528">
  <nd ref="4615830038"/>
  <nd ref="3521328217"/>
  <nd ref="3521328219"/>
  <nd ref="3521328218"/>
  <nd ref="3521328214"/>
  <nd ref="3521328213"/>
  <nd ref="3521328211"/>
  <nd ref="4615830039"/>
  <tag k="highway" v="service"/>
  <tag k="oneway" v="yes"/>
 </way>
 <way id="466868059" visible="true" version="1" changeset="45264368" timestamp="2017-01-18T08:23:55Z" user="Eva Blue" uid="4803528">
  <nd ref="4615830039"/>
  <nd ref="4615830040"/>
  <tag k="covered" v="yes"/>
  <tag k="highway" v="service"/>
  <tag k="oneway" v="yes"/>
 </way>
 <way id="477131771" visible="true" version="21" changeset="162648726" timestamp="2025-02-18T07:50:02Z" user="Mikhail Fall1n1" uid="15192063">
  <nd ref="5123872406"/>
  <nd ref="5842698338"/>
  <nd ref="4704737652"/>
  <nd ref="4704737653"/>
  <nd ref="5842698340"/>
  <nd ref="4704737654"/>
  <nd ref="5842698335"/>
  <nd ref="5842698342"/>
  <nd ref="5842698332"/>
  <nd ref="5842698336"/>
  <nd ref="5842698339"/>
  <nd ref="4704737655"/>
  <nd ref="5842698343"/>
  <nd ref="5842698333"/>
  <nd ref="5842698341"/>
  <nd ref="5842698344"/>
  <nd ref="5842698330"/>
  <nd ref="5842698337"/>
  <nd ref="4704737656"/>
  <nd ref="4704737657"/>
  <nd ref="5844097687"/>
  <nd ref="4704737658"/>
  <nd ref="5844097710"/>
  <nd ref="5844097727"/>
  <nd ref="10833094361"/>
  <nd ref="4704737659"/>
  <nd ref="4704737660"/>
  <nd ref="4705204041"/>
  <nd ref="5844097705"/>
  <nd ref="5844097690"/>
  <nd ref="4705204050"/>
  <nd ref="4705204048"/>
  <nd ref="4705204049"/>
  <nd ref="5844097720"/>
  <nd ref="5844097696"/>
  <nd ref="5844097692"/>
  <nd ref="5844097731"/>
  <nd ref="5844097726"/>
  <nd ref="5844097699"/>
  <nd ref="5844097712"/>
  <nd ref="5844097721"/>
  <nd ref="5844097738"/>
  <nd ref="5844097735"/>
  <nd ref="5844097748"/>
  <nd ref="5844097736"/>
  <nd ref="5844097722"/>
  <nd ref="5844097732"/>
  <nd ref="5844097698"/>
  <nd ref="5844097691"/>
  <nd ref="5844097746"/>
  <nd ref="5844097718"/>
  <nd ref="5844097745"/>
  <nd ref="5844097707"/>
  <nd ref="5844097717"/>
  <nd ref="5844097723"/>
  <nd ref="5844097740"/>
  <nd ref="4705204047"/>
  <nd ref="5844097744"/>
  <nd ref="5844097737"/>
  <nd ref="5844097697"/>
  <nd ref="5844097716"/>
  <nd ref="12597849251"/>
  <nd ref="5844097724"/>
  <nd ref="4705204046"/>
  <nd ref="5844097734"/>
  <nd ref="5844097741"/>
  <nd ref="5844097715"/>
  <nd ref="5844097719"/>
  <nd ref="5844097729"/>
  <nd ref="5844097686"/>
  <nd ref="5844097730"/>
  <nd ref="5844097739"/>
  <nd ref="5844097728"/>
  <nd ref="5844097714"/>
  <nd ref="4705204045"/>
  <nd ref="5844097702"/>
  <nd ref="5844097685"/>
  <nd ref="5844097713"/>
  <nd ref="5844097689"/>
  <nd ref="5844097695"/>
  <nd ref="5844097704"/>
  <nd ref="5844097747"/>
  <nd ref="5844097743"/>
  <nd ref="3937751993"/>
  <nd ref="3937751992"/>
  <nd ref="5844097742"/>
  <nd ref="10821141891"/>
  <nd ref="5844097708"/>
  <nd ref="10821141895"/>
  <nd ref="5844097706"/>
  <nd ref="5844097725"/>
  <nd ref="5844097733"/>
  <nd ref="5844097709"/>
  <nd ref="5844097694"/>
  <nd ref="4705204044"/>
  <nd ref="5844097703"/>
  <nd ref="5844097711"/>
  <nd ref="4705204040"/>
  <nd ref="4705204039"/>
  <nd ref="4705204038"/>
  <nd ref="5844097693"/>
  <nd ref="5844097688"/>
  <nd ref="4705204037"/>
  <nd ref="4705204036"/>
  <nd ref="4705204034"/>
  <nd ref="4705204031"/>
  <nd ref="4705204032"/>
  <nd ref="4705204033"/>
  <nd ref="4705291007"/>
  <nd ref="4705204035"/>
  <nd ref="4705291008"/>
  <nd ref="4705291009"/>
  <nd ref="4705291010"/>
  <nd ref="4705291011"/>
  <nd ref="4705291012"/>
  <nd ref="4705291013"/>
  <nd ref="4705291014"/>
  <nd ref="4705291015"/>
  <nd ref="5844097700"/>
  <nd ref="4705291016"/>
  <nd ref="4705291017"/>
  <nd ref="4705291018"/>
  <nd ref="4705291019"/>
  <nd ref="4705291020"/>
  <nd ref="4705291021"/>
  <nd ref="7441525143"/>
  <nd ref="7441525142"/>
  <nd ref="4705291022"/>
  <nd ref="4705291024"/>
  <nd ref="4705291025"/>
  <nd ref="4705291026"/>
  <nd ref="5233246004"/>
  <nd ref="4705291027"/>
  <nd ref="5838742812"/>
  <nd ref="5654221004"/>
  <nd ref="5838742817"/>
  <nd ref="5838742816"/>
  <nd ref="5838742809"/>
  <nd ref="4703961179"/>
  <nd ref="3699547780"/>
  <nd ref="3698616868"/>
  <nd ref="4077163745"/>
  <nd ref="3865921591"/>
  <nd ref="5838742808"/>
  <nd ref="5838742811"/>
  <nd ref="5838742807"/>
  <nd ref="5838742810"/>
  <nd ref="5838742813"/>
  <nd ref="5838742815"/>
  <nd ref="5838742814"/>
  <nd ref="11093674000"/>
  <tag k="cables" v="3"/>
  <tag k="name" v="Западная - Быстровка (Л-218А)"/>
  <tag k="power" v="line"/>
  <tag k="voltage" v="220000"/>
 </way>
 <way id="492787404" visible="true" version="16" changeset="150315942" timestamp="2024-04-21T19:22:23Z" user="evgeniyakz" uid="16572338">
  <nd ref="3208176024"/>
  <nd ref="530287121"/>
  <nd ref="2586949019"/>
  <nd ref="10244854385"/>
  <tag k="admin_level" v="6"/>
  <tag k="alt_ref" v="1"/>
  <tag k="boundary" v="administrative"/>
  <tag k="highway" v="primary"/>
  <tag k="lanes" v="6"/>
  <tag k="lit" v="yes"/>
  <tag k="name" v="Райымбек даңғылы"/>
  <tag k="name:ru" v="проспект Райымбека"/>
  <tag k="old_name" v="улица Ташкентская"/>
  <tag k="old_ref" v="M-39"/>
  <tag k="oneway" v="no"/>
 </way>
 <way id="506484279" visible="true" version="3" changeset="64522376" timestamp="2018-11-15T10:30:39Z" user="MNbrn" uid="6319160">
  <nd ref="4962081266"/>
  <nd ref="6063217967"/>
  <nd ref="6063217968"/>
  <nd ref="6063217970"/>
  <nd ref="6063217969"/>
  <nd ref="4962081264"/>
  <nd ref="4962081263"/>
  <nd ref="5670210037"/>
  <nd ref="5670210038"/>
  <nd ref="5670210036"/>
  <nd ref="4962081262"/>
  <tag k="highway" v="service"/>
 </way>
 <way id="537232320" visible="true" version="2" changeset="145141017" timestamp="2023-12-15T08:40:49Z" user="evgeniyakz" uid="16572338">
  <nd ref="5202817234"/>
  <nd ref="5202817233"/>
  <nd ref="5202817232"/>
  <nd ref="5202817231"/>
  <nd ref="5202817230"/>
  <nd ref="5202817229"/>
  <nd ref="5202817234"/>
  <tag k="amenity" v="parking"/>
  <tag k="name" v="Штрафстоянка"/>
 </way>
 <way id="590916714" visible="true" version="4" changeset="122193090" timestamp="2022-06-10T06:20:06Z" user="SEVEN" uid="127989">
  <nd ref="1389358621"/>
  <nd ref="2586948955"/>
  <nd ref="1389358622"/>
  <nd ref="2586948961"/>
  <nd ref="292229254"/>
  <nd ref="2586948963"/>
  <nd ref="1389358626"/>
  <nd ref="2586948965"/>
  <nd ref="1389358627"/>
  <nd ref="2586948971"/>
  <nd ref="9807865267"/>
  <nd ref="1389358634"/>
  <nd ref="2586948981"/>
  <nd ref="2586948990"/>
  <nd ref="2586948991"/>
  <nd ref="292229281"/>
  <nd ref="2586948995"/>
  <nd ref="1389358637"/>
  <nd ref="2586948992"/>
  <nd ref="292229283"/>
  <nd ref="2586948986"/>
  <nd ref="2586948979"/>
  <nd ref="2586948975"/>
  <tag k="highway" v="primary_link"/>
  <tag k="lanes" v="2"/>
  <tag k="lit" v="yes"/>
  <tag k="oneway" v="yes"/>
  <tag k="surface" v="asphalt"/>
 </way>
 <way id="590916715" visible="true" version="4" changeset="150269156" timestamp="2024-04-20T15:43:06Z" user="evgeniyakz" uid="16572338">
  <nd ref="5641021192"/>
  <nd ref="1389358636"/>
  <nd ref="4418238115"/>
  <nd ref="4418238114"/>
  <nd ref="1389358635"/>
  <nd ref="1389358633"/>
  <nd ref="1389358632"/>
  <nd ref="4418238113"/>
  <nd ref="1389358629"/>
  <tag k="bridge" v="yes"/>
  <tag k="destination:ref" v="А2"/>
  <tag k="highway" v="primary_link"/>
  <tag k="lanes" v="2"/>
  <tag k="layer" v="1"/>
  <tag k="lit" v="yes"/>
  <tag k="oneway" v="yes"/>
  <tag k="surface" v="asphalt"/>
 </way>
 <way id="590916716" visible="true" version="4" changeset="140207641" timestamp="2023-08-22T03:47:58Z" user="RuziziRiver" uid="18561514">
  <nd ref="5641021193"/>
  <nd ref="1389358609"/>
  <tag k="highway" v="primary_link"/>
  <tag k="int_ref" v="AH5;AH60;E 40"/>
  <tag k="oneway" v="yes"/>
 </way>
 <way id="590916717" visible="true" version="6" changeset="150382306" timestamp="2024-04-23T08:34:48Z" user="evgeniyakz" uid="16572338">
  <nd ref="1389358609"/>
  <nd ref="4418238107"/>
  <nd ref="4418238108"/>
  <nd ref="1389358614"/>
  <nd ref="880366426"/>
  <nd ref="5641021194"/>
  <tag k="destination:ref" v="А2"/>
  <tag k="highway" v="primary_link"/>
  <tag k="int_ref" v="AH5;AH60;E 40"/>
  <tag k="oneway" v="yes"/>
  <tag k="turn" v="sharp_left"/>
 </way>
 <way id="590916718" visible="true" version="3" changeset="139502012" timestamp="2023-08-06T05:05:09Z" user="evgeniyakz" uid="16572338">
  <nd ref="5641021194"/>
  <nd ref="2586948951"/>
  <nd ref="2586948953"/>
  <nd ref="1389358624"/>
  <nd ref="2586948967"/>
  <tag k="highway" v="primary_link"/>
  <tag k="int_ref" v="AH5;AH60;E 40"/>
  <tag k="layer" v="-1"/>
  <tag k="oneway" v="yes"/>
  <tag k="tunnel" v="yes"/>
 </way>
 <way id="590916719" visible="true" version="4" changeset="161843797" timestamp="2025-01-28T05:35:18Z" user="Ruslan Fatih" uid="12875574">
  <nd ref="2586948967"/>
  <nd ref="254027112"/>
  <nd ref="1389358652"/>
  <tag k="highway" v="primary"/>
  <tag k="lanes" v="3"/>
  <tag k="layer" v="-2"/>
  <tag k="lit" v="yes"/>
  <tag k="maxspeed" v="80"/>
  <tag k="name" v="Саин көшесі"/>
  <tag k="name:en" v="Sain Street"/>
  <tag k="name:kk" v="Саин көшесі"/>
  <tag k="name:ru" v="улица Саина"/>
  <tag k="old_name" v="улица Западная"/>
  <tag k="oneway" v="yes"/>
  <tag k="surface" v="asphalt"/>
 </way>
 <way id="590916720" visible="true" version="7" changeset="129852088" timestamp="2022-12-08T09:15:58Z" user="aydos1991" uid="17816055">
  <nd ref="4315812477"/>
  <nd ref="4624267523"/>
  <nd ref="243881157"/>
  <nd ref="4624267524"/>
  <nd ref="243881161"/>
  <tag k="highway" v="primary"/>
  <tag k="lanes" v="3"/>
  <tag k="layer" v="-2"/>
  <tag k="lit" v="yes"/>
  <tag k="maxspeed" v="80"/>
  <tag k="name" v="Саин көшесі"/>
  <tag k="name:en" v="Sain Street"/>
  <tag k="name:kk" v="Саин көшесі"/>
  <tag k="name:ru" v="улица Саина"/>
  <tag k="old_name" v="улица Западная"/>
  <tag k="oneway" v="yes"/>
  <tag k="surface" v="asphalt"/>
 </way>
 <way id="590916724" visible="true" version="9" changeset="153482293" timestamp="2024-07-03T02:59:50Z" user="evgeniyakz" uid="16572338">
  <nd ref="2245453589"/>
  <nd ref="4294926261"/>
  <nd ref="4294926267"/>
  <nd ref="1711625730"/>
  <nd ref="4315812477"/>
  <tag k="highway" v="primary"/>
  <tag k="lanes" v="4"/>
  <tag k="layer" v="-2"/>
  <tag k="lit" v="yes"/>
  <tag k="maxspeed" v="80"/>
  <tag k="name" v="Саин көшесі"/>
  <tag k="name:en" v="Sain Street"/>
  <tag k="name:kk" v="Саин көшесі"/>
  <tag k="name:ru" v="улица Саина"/>
  <tag k="old_name" v="улица Западная"/>
  <tag k="oneway" v="yes"/>
  <tag k="start_date" v="1964"/>
  <tag k="surface" v="asphalt"/>
 </way>
 <way id="618334977" visible="true" version="3" changeset="151991110" timestamp="2024-05-29T13:56:03Z" user="qtab" uid="19488713">
  <nd ref="5844568157"/>
  <nd ref="5844568156"/>
  <nd ref="5844568155"/>
  <nd ref="11942287595"/>
  <nd ref="5844568154"/>
  <nd ref="11072239607"/>
  <nd ref="5844568153"/>
  <tag k="highway" v="service"/>
 </way>
 <way id="618334978" visible="true" version="2" changeset="132831963" timestamp="2023-02-21T11:48:48Z" user="LakeTopozero" uid="17110754">
  <nd ref="5844568158"/>
  <nd ref="5844568159"/>
  <nd ref="5844568160"/>
  <nd ref="5844568161"/>
  <nd ref="5844568162"/>
  <nd ref="5844568163"/>
  <nd ref="5844568164"/>
  <nd ref="5844568165"/>
  <nd ref="5844568166"/>
  <nd ref="5844568167"/>
  <nd ref="5844568156"/>
  <tag k="highway" v="residential"/>
 </way>
 <way id="644828352" visible="true" version="1" changeset="64522376" timestamp="2018-11-15T10:30:37Z" user="MNbrn" uid="6319160">
  <nd ref="6063217930"/>
  <nd ref="6063217929"/>
  <nd ref="6063217928"/>
  <nd ref="6063217918"/>
  <nd ref="6063217927"/>
  <nd ref="6063217919"/>
  <nd ref="6063217926"/>
  <nd ref="6063217920"/>
  <nd ref="6063217925"/>
  <nd ref="6063217924"/>
  <nd ref="6063217921"/>
  <nd ref="6063217923"/>
  <nd ref="6063217922"/>
  <nd ref="6063217930"/>
  <tag k="amenity" v="fountain"/>
 </way>
 <way id="644828354" visible="true" version="2" changeset="130204275" timestamp="2022-12-18T07:40:14Z" user="dressed-pleasekin" uid="11175011">
  <nd ref="6063217934"/>
  <nd ref="6063217931"/>
  <nd ref="6063217932"/>
  <nd ref="6063217933"/>
  <nd ref="10270963066"/>
  <nd ref="10270963067"/>
  <nd ref="10270963073"/>
  <nd ref="10270963068"/>
  <nd ref="10270963072"/>
  <nd ref="10270963071"/>
  <nd ref="10270963070"/>
  <nd ref="10270963069"/>
  <nd ref="6063217934"/>
  <tag k="building" v="service"/>
 </way>
 <way id="644828365" visible="true" version="1" changeset="64522376" timestamp="2018-11-15T10:30:37Z" user="MNbrn" uid="6319160">
  <nd ref="6063217967"/>
  <nd ref="6063217966"/>
  <nd ref="6063217965"/>
  <tag k="highway" v="service"/>
  <tag k="surface" v="asphalt"/>
 </way>
 <way id="661602496" visible="true" version="1" changeset="66142731" timestamp="2019-01-08T22:18:17Z" user="Roolet" uid="9202949">
  <nd ref="662744510"/>
  <nd ref="2876099577"/>
  <nd ref="662744513"/>
  <nd ref="6193719911"/>
  <nd ref="2876099581"/>
  <tag k="highway" v="residential"/>
  <tag k="lit" v="yes"/>
  <tag k="name" v="улица Шадрина"/>
 </way>
 <way id="686392967" visible="true" version="1" changeset="69656710" timestamp="2019-04-28T07:44:20Z" user="Кирилл Русинов" uid="2604331">
  <nd ref="6433631800"/>
  <nd ref="6433631814"/>
  <nd ref="6433631801"/>
  <nd ref="6433631802"/>
  <nd ref="6433631803"/>
  <nd ref="6433631804"/>
  <nd ref="6433631805"/>
  <tag k="highway" v="service"/>
 </way>
 <way id="686392968" visible="true" version="1" changeset="69656710" timestamp="2019-04-28T07:44:20Z" user="Кирилл Русинов" uid="2604331">
  <nd ref="6433631804"/>
  <nd ref="6433631807"/>
  <nd ref="6433631811"/>
  <nd ref="6433631808"/>
  <nd ref="6433631809"/>
  <nd ref="6433631810"/>
  <tag k="highway" v="service"/>
 </way>
 <way id="686392969" visible="true" version="1" changeset="69656710" timestamp="2019-04-28T07:44:20Z" user="Кирилл Русинов" uid="2604331">
  <nd ref="6433631811"/>
  <nd ref="6433631812"/>
  <nd ref="6433631813"/>
  <tag k="highway" v="service"/>
 </way>
 <way id="692514171" visible="true" version="2" changeset="118825057" timestamp="2022-03-23T14:47:37Z" user="马陵秋月" uid="9073438">
  <nd ref="6501388446"/>
  <nd ref="9599948703"/>
  <nd ref="6501388447"/>
  <nd ref="6501388448"/>
  <nd ref="6501388449"/>
  <nd ref="6501388450"/>
  <nd ref="6501388451"/>
  <nd ref="6501388452"/>
  <nd ref="6501388454"/>
  <nd ref="6501388453"/>
  <tag k="highway" v="service"/>
 </way>
 <way id="692514172" visible="true" version="1" changeset="70623157" timestamp="2019-05-26T03:44:32Z" user="Кирилл Русинов" uid="2604331">
  <nd ref="6501388454"/>
  <nd ref="6501388455"/>
  <nd ref="6501388456"/>
  <tag k="highway" v="service"/>
 </way>
 <way id="692514173" visible="true" version="2" changeset="118825057" timestamp="2022-03-23T14:47:37Z" user="马陵秋月" uid="9073438">
  <nd ref="6501388457"/>
  <nd ref="4080252436"/>
  <nd ref="6501388458"/>
  <nd ref="6501388459"/>
  <nd ref="6501388460"/>
  <nd ref="6501388461"/>
  <nd ref="6501388462"/>
  <nd ref="6501388463"/>
  <nd ref="6501388464"/>
  <nd ref="6501388465"/>
  <nd ref="9599948704"/>
  <nd ref="6501388466"/>
  <tag k="highway" v="service"/>
 </way>
 <way id="692514174" visible="true" version="1" changeset="70623157" timestamp="2019-05-26T03:44:32Z" user="Кирилл Русинов" uid="2604331">
  <nd ref="6501388467"/>
  <nd ref="6501388468"/>
  <nd ref="6501388469"/>
  <nd ref="6501388470"/>
  <nd ref="6501388471"/>
  <nd ref="6501388472"/>
  <nd ref="6501388473"/>
  <nd ref="6501388474"/>
  <nd ref="6501388475"/>
  <nd ref="6501388476"/>
  <nd ref="6501388479"/>
  <nd ref="6501388477"/>
  <nd ref="6501388478"/>
  <tag k="highway" v="service"/>
 </way>
 <way id="692514175" visible="true" version="1" changeset="70623157" timestamp="2019-05-26T03:44:32Z" user="Кирилл Русинов" uid="2604331">
  <nd ref="6501388479"/>
  <nd ref="6501388480"/>
  <nd ref="6501388481"/>
  <nd ref="6501388482"/>
  <nd ref="6501388483"/>
  <nd ref="6501388484"/>
  <nd ref="6501388450"/>
  <tag k="highway" v="service"/>
 </way>
 <way id="692514181" visible="true" version="1" changeset="70623157" timestamp="2019-05-26T03:44:32Z" user="Кирилл Русинов" uid="2604331">
  <nd ref="6501388595"/>
  <nd ref="6501388599"/>
  <nd ref="6501388596"/>
  <nd ref="6501388598"/>
  <nd ref="6501388600"/>
  <nd ref="6501388597"/>
  <tag k="highway" v="service"/>
 </way>
 <way id="692514182" visible="true" version="1" changeset="70623157" timestamp="2019-05-26T03:44:32Z" user="Кирилл Русинов" uid="2604331">
  <nd ref="6501388599"/>
  <nd ref="6501388600"/>
  <tag k="highway" v="service"/>
 </way>
 <way id="692522011" visible="true" version="1" changeset="70624311" timestamp="2019-05-26T06:02:50Z" user="Кирилл Русинов" uid="2604331">
  <nd ref="6501452885"/>
  <nd ref="6501452886"/>
  <tag k="highway" v="service"/>
 </way>
 <way id="692522012" visible="true" version="1" changeset="70624311" timestamp="2019-05-26T06:02:50Z" user="Кирилл Русинов" uid="2604331">
  <nd ref="6501452887"/>
  <nd ref="6501452888"/>
  <nd ref="6501452890"/>
  <nd ref="6501452889"/>
  <tag k="highway" v="service"/>
 </way>
 <way id="692522013" visible="true" version="1" changeset="70624311" timestamp="2019-05-26T06:02:50Z" user="Кирилл Русинов" uid="2604331">
  <nd ref="6501452896"/>
  <nd ref="6501452897"/>
  <tag k="highway" v="service"/>
 </way>
 <way id="692522014" visible="true" version="1" changeset="70624311" timestamp="2019-05-26T06:02:50Z" user="Кирилл Русинов" uid="2604331">
  <nd ref="6501452898"/>
  <nd ref="6501452908"/>
  <nd ref="6501452907"/>
  <nd ref="6501452899"/>
  <nd ref="6501452900"/>
  <nd ref="6501452901"/>
  <nd ref="6501452902"/>
  <nd ref="6501452903"/>
  <nd ref="6501452904"/>
  <nd ref="6501452905"/>
  <nd ref="6501452906"/>
  <nd ref="6501452907"/>
  <tag k="highway" v="service"/>
 </way>
 <way id="692522015" visible="true" version="1" changeset="70624311" timestamp="2019-05-26T06:02:51Z" user="Кирилл Русинов" uid="2604331">
  <nd ref="6501452908"/>
  <nd ref="6501452909"/>
  <tag k="highway" v="service"/>
 </way>
 <way id="692522016" visible="true" version="4" changeset="137024155" timestamp="2023-06-06T17:12:37Z" user="evgeniyakz" uid="16572338">
  <nd ref="2586949012"/>
  <nd ref="243878885"/>
  <tag k="highway" v="primary"/>
  <tag k="int_name" v="Rayimbek avenue"/>
  <tag k="lanes" v="5"/>
  <tag k="lit" v="yes"/>
  <tag k="name" v="Райымбек даңғылы"/>
  <tag k="name:ru" v="проспект Райымбека"/>
  <tag k="old_name" v="улица Ташкентская"/>
  <tag k="old_ref" v="M-39"/>
  <tag k="oneway" v="yes"/>
  <tag k="surface" v="asphalt"/>
 </way>
 <way id="692522017" visible="true" version="5" changeset="157616222" timestamp="2024-10-08T09:15:41Z" user="Aiya N" uid="21506534">
  <nd ref="2586949012"/>
  <nd ref="4418238120"/>
  <nd ref="662744515"/>
  <nd ref="662744516"/>
  <nd ref="662744517"/>
  <nd ref="10244621038"/>
  <nd ref="5844569187"/>
  <nd ref="296051031"/>
  <tag k="highway" v="residential"/>
  <tag k="lit" v="yes"/>
  <tag k="motor_vehicle" v="no"/>
 </way>
 <way id="721552427" visible="true" version="2" changeset="132991946" timestamp="2023-02-25T03:55:53Z" user="dressed-pleasekin" uid="11175011">
  <nd ref="662744529"/>
  <nd ref="10692304785"/>
  <nd ref="6768837175"/>
  <tag k="highway" v="service"/>
 </way>
 <way id="739721289" visible="true" version="3" changeset="139112702" timestamp="2023-07-28T01:48:41Z" user="RwenzoriMountains" uid="16853667">
  <nd ref="299677594"/>
  <nd ref="6926200866"/>
  <nd ref="11072208844"/>
  <nd ref="6926200867"/>
  <nd ref="6926200868"/>
  <nd ref="6926200869"/>
  <tag k="access" v="yes"/>
  <tag k="highway" v="residential"/>
  <tag k="lanes" v="2"/>
  <tag k="name" v="Шорманова"/>
  <tag k="oneway" v="no"/>
  <tag k="surface" v="asphalt"/>
 </way>
 <way id="762850713" visible="true" version="1" changeset="79514583" timestamp="2020-01-13T11:58:18Z" user="DiscountTaxi" uid="10122872">
  <nd ref="7128314873"/>
  <nd ref="7128314874"/>
  <nd ref="7128314875"/>
  <nd ref="7128314876"/>
  <nd ref="7128314873"/>
  <tag k="addr:housenumber" v="481/2"/>
  <tag k="addr:street" v="проспект Райымбека"/>
  <tag k="building" v="yes"/>
 </way>
 <way id="762850847" visible="true" version="2" changeset="137613352" timestamp="2023-06-21T16:36:35Z" user="Alekseyyy" uid="19645529">
  <nd ref="7128288848"/>
  <nd ref="7128288849"/>
  <nd ref="7128288850"/>
  <nd ref="7128288851"/>
  <nd ref="7128288848"/>
  <tag k="addr:housenumber" v="481/1"/>
  <tag k="addr:street" v="проспект Райымбека"/>
  <tag k="building" v="apartments"/>
  <tag k="name" v="ЖК Акниет"/>
 </way>
 <way id="784130840" visible="true" version="1" changeset="82556390" timestamp="2020-03-24T07:23:51Z" user="DiscountTaxi" uid="10122872">
  <nd ref="7324757103"/>
  <nd ref="7324757104"/>
  <nd ref="7324757105"/>
  <nd ref="7324757106"/>
  <nd ref="7324757103"/>
  <tag k="addr:housenumber" v="1"/>
  <tag k="addr:street" v="улица Шарипова Касыма"/>
  <tag k="building" v="yes"/>
 </way>
 <way id="784130841" visible="true" version="2" changeset="118952978" timestamp="2022-03-26T15:56:33Z" user="Kuritsyn Roman" uid="3318452">
  <nd ref="7324757107"/>
  <nd ref="7324757108"/>
  <nd ref="7324757109"/>
  <nd ref="7324757110"/>
  <nd ref="7324757111"/>
  <nd ref="7324757107"/>
  <tag k="addr:housenumber" v="1А"/>
  <tag k="addr:street" v="улица Шарипова Касыма"/>
  <tag k="building" v="yes"/>
 </way>
 <way id="806472480" visible="true" version="1" changeset="85510049" timestamp="2020-05-20T16:35:37Z" user="DiscountTaxi" uid="10122872">
  <nd ref="7541726579"/>
  <nd ref="7541726580"/>
  <nd ref="7541726581"/>
  <nd ref="7541726582"/>
  <nd ref="7541726579"/>
  <tag k="addr:housenumber" v="50"/>
  <tag k="addr:street" v="улица Сыздыкова"/>
  <tag k="building" v="yes"/>
 </way>
 <way id="806472481" visible="true" version="1" changeset="85510049" timestamp="2020-05-20T16:35:37Z" user="DiscountTaxi" uid="10122872">
  <nd ref="7541726583"/>
  <nd ref="7541726584"/>
  <nd ref="7541754885"/>
  <nd ref="7541754886"/>
  <nd ref="7541726583"/>
  <tag k="addr:housenumber" v="46"/>
  <tag k="addr:street" v="улица Сыздыкова"/>
  <tag k="building" v="yes"/>
 </way>
 <way id="806472484" visible="true" version="1" changeset="85510049" timestamp="2020-05-20T16:35:37Z" user="DiscountTaxi" uid="10122872">
  <nd ref="7541754895"/>
  <nd ref="7541754896"/>
  <nd ref="7541754897"/>
  <nd ref="7541754898"/>
  <nd ref="7541754895"/>
  <tag k="addr:housenumber" v="53"/>
  <tag k="addr:street" v="улица Сыздыкова"/>
  <tag k="building" v="yes"/>
 </way>
 <way id="806472485" visible="true" version="2" changeset="118952978" timestamp="2022-03-26T15:56:48Z" user="Kuritsyn Roman" uid="3318452">
  <nd ref="7541754899"/>
  <nd ref="7541754900"/>
  <nd ref="7541754901"/>
  <nd ref="7541754902"/>
  <nd ref="7541754903"/>
  <nd ref="7541754904"/>
  <nd ref="7541754899"/>
  <tag k="addr:housenumber" v="155А"/>
  <tag k="addr:street" v="проспект Рыскулова"/>
  <tag k="building" v="yes"/>
 </way>
 <way id="806472486" visible="true" version="1" changeset="85510049" timestamp="2020-05-20T16:35:37Z" user="DiscountTaxi" uid="10122872">
  <nd ref="7541754905"/>
  <nd ref="7541754906"/>
  <nd ref="7541754907"/>
  <nd ref="7541754908"/>
  <nd ref="7541754905"/>
  <tag k="building" v="yes"/>
 </way>
 <way id="806473651" visible="true" version="1" changeset="85510330" timestamp="2020-05-20T16:40:49Z" user="DiscountTaxi" uid="10122872">
  <nd ref="7541691777"/>
  <nd ref="7541691778"/>
  <nd ref="7541691779"/>
  <nd ref="7541691780"/>
  <nd ref="7541691777"/>
  <tag k="addr:housenumber" v="2"/>
  <tag k="addr:street" v="улица Переходько"/>
  <tag k="building" v="yes"/>
 </way>
 <way id="806473652" visible="true" version="1" changeset="85510330" timestamp="2020-05-20T16:40:49Z" user="DiscountTaxi" uid="10122872">
  <nd ref="7541691781"/>
  <nd ref="7541691782"/>
  <nd ref="7541691783"/>
  <nd ref="7541691784"/>
  <nd ref="7541691781"/>
  <tag k="addr:housenumber" v="4"/>
  <tag k="addr:street" v="улица Переходько"/>
  <tag k="building" v="yes"/>
 </way>
 <way id="806474341" visible="true" version="2" changeset="118952978" timestamp="2022-03-26T15:56:48Z" user="Kuritsyn Roman" uid="3318452">
  <nd ref="7541769620"/>
  <nd ref="7541769621"/>
  <nd ref="7541769622"/>
  <nd ref="7541769623"/>
  <nd ref="7541769620"/>
  <tag k="addr:housenumber" v="24А"/>
  <tag k="addr:street" v="улица Переходько"/>
  <tag k="building" v="yes"/>
 </way>
 <way id="806474342" visible="true" version="1" changeset="85510522" timestamp="2020-05-20T16:43:54Z" user="DiscountTaxi" uid="10122872">
  <nd ref="7541769624"/>
  <nd ref="7541769625"/>
  <nd ref="7541769626"/>
  <nd ref="7541769627"/>
  <nd ref="7541769624"/>
  <tag k="addr:housenumber" v="26"/>
  <tag k="addr:street" v="улица Переходько"/>
  <tag k="building" v="yes"/>
 </way>
 <way id="806474343" visible="true" version="1" changeset="85510522" timestamp="2020-05-20T16:43:54Z" user="DiscountTaxi" uid="10122872">
  <nd ref="7541769628"/>
  <nd ref="7541769629"/>
  <nd ref="7541769630"/>
  <nd ref="7541769631"/>
  <nd ref="7541769628"/>
  <tag k="addr:housenumber" v="28"/>
  <tag k="addr:street" v="улица Переходько"/>
  <tag k="building" v="yes"/>
 </way>
 <way id="906200727" visible="true" version="2" changeset="130204275" timestamp="2022-12-18T07:40:14Z" user="dressed-pleasekin" uid="11175011">
  <nd ref="6063217939"/>
  <nd ref="8415296489"/>
  <nd ref="8415296490"/>
  <nd ref="6063217936"/>
  <nd ref="6063217939"/>
  <tag k="addr:housenumber" v="10/3а"/>
  <tag k="addr:place" v="Аксай 1-й микрорайон"/>
  <tag k="building" v="yes"/>
 </way>
 <way id="906200728" visible="true" version="1" changeset="99115448" timestamp="2021-02-11T15:00:09Z" user="DiscountTaxi" uid="10122872">
  <nd ref="8415296492"/>
  <nd ref="8415296493"/>
  <nd ref="8415296494"/>
  <nd ref="8415296495"/>
  <nd ref="8415296492"/>
  <tag k="addr:housenumber" v="514а/1"/>
  <tag k="addr:street" v="проспект Райымбека"/>
  <tag k="building" v="yes"/>
 </way>
 <way id="1103862345" visible="true" version="2" changeset="140386771" timestamp="2023-08-25T19:38:33Z" user="dressed-pleasekin" uid="11175011">
  <nd ref="10101257180"/>
  <nd ref="10101257181"/>
  <nd ref="10101257182"/>
  <nd ref="10101257183"/>
  <nd ref="10101257180"/>
  <tag k="building" v="yes"/>
  <tag k="name" v="ПС"/>
  <tag k="power" v="substation"/>
  <tag k="voltage" v="110_10"/>
 </way>
 <way id="1120103387" visible="true" version="2" changeset="151991110" timestamp="2024-05-29T13:56:03Z" user="qtab" uid="19488713">
  <nd ref="10244614904"/>
  <nd ref="10244614905"/>
  <nd ref="10244614906"/>
  <nd ref="10244614907"/>
  <nd ref="10244614908"/>
  <nd ref="10244620709"/>
  <nd ref="10244620710"/>
  <nd ref="10244620711"/>
  <nd ref="10244614904"/>
  <tag k="addr:housenumber" v="486/2"/>
  <tag k="addr:street" v="Проспект Райымбека"/>
  <tag k="building" v="yes"/>
  <tag k="roof:shape" v="flat"/>
 </way>
 <way id="1120103388" visible="true" version="1" changeset="129822125" timestamp="2022-12-07T13:17:14Z" user="dressed-pleasekin" uid="11175011">
  <nd ref="10244620712"/>
  <nd ref="10244620713"/>
  <nd ref="10244620714"/>
  <nd ref="10244620715"/>
  <nd ref="10244620716"/>
  <nd ref="10244620717"/>
  <nd ref="10244620712"/>
  <tag k="building" v="garages"/>
 </way>
 <way id="1120103389" visible="true" version="2" changeset="129824140" timestamp="2022-12-07T14:17:33Z" user="dressed-pleasekin" uid="11175011">
  <nd ref="10244620718"/>
  <nd ref="10244620719"/>
  <nd ref="10244620720"/>
  <nd ref="10244620723"/>
  <nd ref="10244620726"/>
  <nd ref="10244620725"/>
  <nd ref="10244620724"/>
  <nd ref="10244855009"/>
  <nd ref="10244620727"/>
  <nd ref="10244620728"/>
  <nd ref="10244620721"/>
  <nd ref="10244620718"/>
  <tag k="building" v="garages"/>
 </way>
 <way id="1120103390" visible="true" version="1" changeset="129822125" timestamp="2022-12-07T13:17:14Z" user="dressed-pleasekin" uid="11175011">
  <nd ref="10244620729"/>
  <nd ref="10244620730"/>
  <nd ref="10244620731"/>
  <nd ref="10244620732"/>
  <nd ref="10244620729"/>
  <tag k="building" v="garages"/>
 </way>
 <way id="1120103392" visible="true" version="1" changeset="129822125" timestamp="2022-12-07T13:17:14Z" user="dressed-pleasekin" uid="11175011">
  <nd ref="10244620737"/>
  <nd ref="10244620738"/>
  <nd ref="10244620739"/>
  <nd ref="10244620740"/>
  <nd ref="10244620737"/>
  <tag k="building" v="garages"/>
 </way>
 <way id="1120103393" visible="true" version="1" changeset="129822125" timestamp="2022-12-07T13:17:14Z" user="dressed-pleasekin" uid="11175011">
  <nd ref="10244620741"/>
  <nd ref="10244620742"/>
  <nd ref="10244620743"/>
  <nd ref="10244620744"/>
  <nd ref="10244620745"/>
  <nd ref="10244620746"/>
  <nd ref="10244620747"/>
  <nd ref="10244620748"/>
  <nd ref="10244620749"/>
  <nd ref="10244620750"/>
  <nd ref="10244620751"/>
  <nd ref="10244620752"/>
  <nd ref="10244620753"/>
  <nd ref="10244620754"/>
  <nd ref="10244620741"/>
  <tag k="building" v="garages"/>
 </way>
 <way id="1120103394" visible="true" version="1" changeset="129822125" timestamp="2022-12-07T13:17:14Z" user="dressed-pleasekin" uid="11175011">
  <nd ref="10244620755"/>
  <nd ref="10244620756"/>
  <nd ref="10244620757"/>
  <nd ref="10244620758"/>
  <nd ref="10244620759"/>
  <nd ref="10244620760"/>
  <nd ref="10244620761"/>
  <nd ref="10244620762"/>
  <nd ref="10244620755"/>
  <tag k="building" v="garages"/>
 </way>
 <way id="1120103395" visible="true" version="1" changeset="129822125" timestamp="2022-12-07T13:17:14Z" user="dressed-pleasekin" uid="11175011">
  <nd ref="10244620764"/>
  <nd ref="10244620765"/>
  <nd ref="10244620766"/>
  <nd ref="10244620767"/>
  <nd ref="10244620764"/>
  <tag k="building" v="garages"/>
 </way>
 <way id="1120103396" visible="true" version="1" changeset="129822125" timestamp="2022-12-07T13:17:14Z" user="dressed-pleasekin" uid="11175011">
  <nd ref="10244620768"/>
  <nd ref="10244620769"/>
  <nd ref="10244620770"/>
  <nd ref="10244620771"/>
  <nd ref="10244620772"/>
  <nd ref="10244620773"/>
  <nd ref="10244620774"/>
  <nd ref="10244620775"/>
  <nd ref="10244620768"/>
  <tag k="building" v="garages"/>
 </way>
 <way id="1120103398" visible="true" version="1" changeset="129822125" timestamp="2022-12-07T13:17:14Z" user="dressed-pleasekin" uid="11175011">
  <nd ref="10244620778"/>
  <nd ref="10244620779"/>
  <nd ref="10244620780"/>
  <nd ref="10244620781"/>
  <nd ref="10244620778"/>
  <tag k="building" v="garages"/>
 </way>
 <way id="1120103399" visible="true" version="1" changeset="129822125" timestamp="2022-12-07T13:17:14Z" user="dressed-pleasekin" uid="11175011">
  <nd ref="10244620782"/>
  <nd ref="10244620783"/>
  <nd ref="10244620784"/>
  <nd ref="10244620785"/>
  <nd ref="10244620782"/>
  <tag k="building" v="garages"/>
 </way>
 <way id="1120103400" visible="true" version="1" changeset="129822125" timestamp="2022-12-07T13:17:14Z" user="dressed-pleasekin" uid="11175011">
  <nd ref="10244620786"/>
  <nd ref="10244620787"/>
  <nd ref="10244620788"/>
  <nd ref="10244620789"/>
  <nd ref="10244620786"/>
  <tag k="building" v="garages"/>
 </way>
 <way id="1120103401" visible="true" version="1" changeset="129822125" timestamp="2022-12-07T13:17:14Z" user="dressed-pleasekin" uid="11175011">
  <nd ref="10244620790"/>
  <nd ref="10244620791"/>
  <nd ref="10244620792"/>
  <nd ref="10244620793"/>
  <nd ref="10244620790"/>
  <tag k="building" v="garages"/>
 </way>
 <way id="1120103402" visible="true" version="1" changeset="129822125" timestamp="2022-12-07T13:17:14Z" user="dressed-pleasekin" uid="11175011">
  <nd ref="10244620794"/>
  <nd ref="10244620795"/>
  <nd ref="10244620796"/>
  <nd ref="10244620797"/>
  <nd ref="10244620794"/>
  <tag k="building" v="garages"/>
 </way>
 <way id="1120103405" visible="true" version="1" changeset="129822125" timestamp="2022-12-07T13:17:14Z" user="dressed-pleasekin" uid="11175011">
  <nd ref="10244620806"/>
  <nd ref="10244620807"/>
  <nd ref="10244620810"/>
  <nd ref="10244620813"/>
  <nd ref="10244620808"/>
  <nd ref="10244620809"/>
  <nd ref="10244620806"/>
  <tag k="building" v="yes"/>
  <tag k="roof:shape" v="gabled"/>
 </way>
 <way id="1120103408" visible="true" version="1" changeset="129822125" timestamp="2022-12-07T13:17:14Z" user="dressed-pleasekin" uid="11175011">
  <nd ref="10244620828"/>
  <nd ref="10244620829"/>
  <nd ref="10244620830"/>
  <nd ref="10244620831"/>
  <nd ref="10244620832"/>
  <nd ref="10244620833"/>
  <nd ref="10244620834"/>
  <nd ref="10244620835"/>
  <nd ref="10244620836"/>
  <nd ref="10244620837"/>
  <nd ref="10244620838"/>
  <nd ref="10244620839"/>
  <nd ref="10244620840"/>
  <nd ref="10244620841"/>
  <nd ref="10244620842"/>
  <nd ref="10244620843"/>
  <nd ref="10244620844"/>
  <nd ref="10244620845"/>
  <nd ref="10244620828"/>
  <tag k="building" v="yes"/>
 </way>
 <way id="1120103409" visible="true" version="1" changeset="129822125" timestamp="2022-12-07T13:17:14Z" user="dressed-pleasekin" uid="11175011">
  <nd ref="10244620846"/>
  <nd ref="10244620847"/>
  <nd ref="10244620848"/>
  <nd ref="10244620849"/>
  <nd ref="10244620846"/>
  <tag k="building" v="yes"/>
 </way>
 <way id="1120103410" visible="true" version="1" changeset="129822125" timestamp="2022-12-07T13:17:14Z" user="dressed-pleasekin" uid="11175011">
  <nd ref="10244620850"/>
  <nd ref="10244620851"/>
  <nd ref="10244620852"/>
  <nd ref="10244620853"/>
  <nd ref="10244620854"/>
  <nd ref="10244620855"/>
  <nd ref="10244620850"/>
  <tag k="building" v="yes"/>
 </way>
 <way id="1120103411" visible="true" version="1" changeset="129822125" timestamp="2022-12-07T13:17:14Z" user="dressed-pleasekin" uid="11175011">
  <nd ref="10244620856"/>
  <nd ref="10244620857"/>
  <nd ref="10244620858"/>
  <nd ref="10244620859"/>
  <nd ref="10244620860"/>
  <nd ref="10244620862"/>
  <nd ref="10244620865"/>
  <nd ref="10244620864"/>
  <nd ref="10244620863"/>
  <nd ref="10244620861"/>
  <nd ref="10244620856"/>
  <tag k="building" v="yes"/>
 </way>
 <way id="1120103412" visible="true" version="1" changeset="129822125" timestamp="2022-12-07T13:17:14Z" user="dressed-pleasekin" uid="11175011">
  <nd ref="10244620866"/>
  <nd ref="10244620867"/>
  <nd ref="10244620868"/>
  <nd ref="10244620869"/>
  <nd ref="10244620870"/>
  <nd ref="10244620871"/>
  <nd ref="10244620872"/>
  <nd ref="10244620866"/>
  <tag k="building" v="yes"/>
 </way>
 <way id="1120103440" visible="true" version="1" changeset="129822125" timestamp="2022-12-07T13:17:14Z" user="dressed-pleasekin" uid="11175011">
  <nd ref="10244621040"/>
  <nd ref="10244621041"/>
  <nd ref="10244621042"/>
  <nd ref="10244621043"/>
  <nd ref="10244621044"/>
  <nd ref="10244621045"/>
  <nd ref="10244621046"/>
  <nd ref="10244621047"/>
  <nd ref="10244621048"/>
  <nd ref="10244621049"/>
  <nd ref="10244621050"/>
  <nd ref="10244621051"/>
  <nd ref="10244621052"/>
  <nd ref="10244621053"/>
  <nd ref="10244621054"/>
  <nd ref="10244621055"/>
  <nd ref="10244621056"/>
  <nd ref="10244621057"/>
  <nd ref="10244621058"/>
  <nd ref="10244621059"/>
  <nd ref="10244621060"/>
  <nd ref="10244621040"/>
  <tag k="natural" v="water"/>
 </way>
 <way id="1120131047" visible="true" version="1" changeset="129824140" timestamp="2022-12-07T14:17:33Z" user="dressed-pleasekin" uid="11175011">
  <nd ref="10244854339"/>
  <nd ref="10244854340"/>
  <nd ref="10244854341"/>
  <nd ref="10244854342"/>
  <nd ref="10244854339"/>
  <tag k="building" v="yes"/>
 </way>
 <way id="1120131048" visible="true" version="1" changeset="129824140" timestamp="2022-12-07T14:17:33Z" user="dressed-pleasekin" uid="11175011">
  <nd ref="10244854343"/>
  <nd ref="10244854344"/>
  <nd ref="10244854345"/>
  <nd ref="10244854346"/>
  <nd ref="10244854343"/>
  <tag k="building" v="yes"/>
 </way>
 <way id="1120131049" visible="true" version="1" changeset="129824140" timestamp="2022-12-07T14:17:33Z" user="dressed-pleasekin" uid="11175011">
  <nd ref="10244854347"/>
  <nd ref="10244854348"/>
  <nd ref="10244854349"/>
  <nd ref="10244854350"/>
  <nd ref="10244854347"/>
  <tag k="building" v="garages"/>
 </way>
 <way id="1120131050" visible="true" version="1" changeset="129824140" timestamp="2022-12-07T14:17:33Z" user="dressed-pleasekin" uid="11175011">
  <nd ref="10244854351"/>
  <nd ref="10244854352"/>
  <nd ref="10244854353"/>
  <nd ref="10244854354"/>
  <nd ref="10244854351"/>
  <tag k="building" v="yes"/>
 </way>
 <way id="1120131051" visible="true" version="1" changeset="129824140" timestamp="2022-12-07T14:17:33Z" user="dressed-pleasekin" uid="11175011">
  <nd ref="10244854356"/>
  <nd ref="10244854357"/>
  <nd ref="10244854358"/>
  <nd ref="10244854359"/>
  <nd ref="10244854360"/>
  <nd ref="10244854361"/>
  <nd ref="10244854362"/>
  <nd ref="10244854363"/>
  <nd ref="10244854364"/>
  <nd ref="10244854365"/>
  <nd ref="10244854356"/>
  <tag k="landuse" v="grass"/>
 </way>
 <way id="1120131052" visible="true" version="1" changeset="129824140" timestamp="2022-12-07T14:17:33Z" user="dressed-pleasekin" uid="11175011">
  <nd ref="10244854366"/>
  <nd ref="10244854367"/>
  <nd ref="10244854368"/>
  <nd ref="10244854369"/>
  <nd ref="10244854370"/>
  <nd ref="10244854371"/>
  <nd ref="10244854372"/>
  <nd ref="10244854373"/>
  <nd ref="10244854374"/>
  <nd ref="10244854375"/>
  <nd ref="10244854376"/>
  <nd ref="10244854384"/>
  <nd ref="10244854377"/>
  <nd ref="10244854378"/>
  <nd ref="10244854379"/>
  <nd ref="10244854380"/>
  <nd ref="10244854381"/>
  <nd ref="10244854382"/>
  <nd ref="10244854383"/>
  <nd ref="10244854366"/>
  <tag k="landuse" v="grass"/>
 </way>
 <way id="1120131053" visible="true" version="1" changeset="129824140" timestamp="2022-12-07T14:17:33Z" user="dressed-pleasekin" uid="11175011">
  <nd ref="10244854385"/>
  <nd ref="10244854386"/>
  <nd ref="10244854387"/>
  <nd ref="10244854388"/>
  <nd ref="10244855310"/>
  <nd ref="10244854389"/>
  <nd ref="10244854390"/>
  <tag k="highway" v="service"/>
 </way>
 <way id="1120131054" visible="true" version="1" changeset="129824140" timestamp="2022-12-07T14:17:33Z" user="dressed-pleasekin" uid="11175011">
  <nd ref="10244854386"/>
  <nd ref="10244854391"/>
  <tag k="highway" v="service"/>
 </way>
 <way id="1120131055" visible="true" version="2" changeset="139114833" timestamp="2023-07-28T03:58:58Z" user="RwenzoriMountains" uid="16853667">
  <nd ref="10244854392"/>
  <nd ref="10244854390"/>
  <nd ref="10244854393"/>
  <nd ref="10244854394"/>
  <nd ref="10244854395"/>
  <nd ref="10244854396"/>
  <nd ref="10244854397"/>
  <nd ref="10244854398"/>
  <nd ref="10244854399"/>
  <nd ref="11072301975"/>
  <nd ref="10244854400"/>
  <tag k="highway" v="service"/>
 </way>
 <way id="1120131056" visible="true" version="1" changeset="129824140" timestamp="2022-12-07T14:17:33Z" user="dressed-pleasekin" uid="11175011">
  <nd ref="10244854401"/>
  <nd ref="10244854402"/>
  <nd ref="10244854403"/>
  <nd ref="10244854404"/>
  <nd ref="10244854406"/>
  <nd ref="10244854405"/>
  <nd ref="10244854401"/>
  <tag k="building" v="yes"/>
 </way>
 <way id="1120131057" visible="true" version="1" changeset="129824140" timestamp="2022-12-07T14:17:33Z" user="dressed-pleasekin" uid="11175011">
  <nd ref="10244620727"/>
  <nd ref="10244854405"/>
  <nd ref="10244854406"/>
  <nd ref="10244854407"/>
  <nd ref="10244854408"/>
  <nd ref="10244855009"/>
  <nd ref="10244620727"/>
  <tag k="building" v="garages"/>
 </way>
 <way id="1120131058" visible="true" version="1" changeset="129824140" timestamp="2022-12-07T14:17:33Z" user="dressed-pleasekin" uid="11175011">
  <nd ref="10244855014"/>
  <nd ref="10244855015"/>
  <nd ref="10244855016"/>
  <nd ref="10244855017"/>
  <tag k="highway" v="service"/>
 </way>
 <way id="1120131059" visible="true" version="1" changeset="129824140" timestamp="2022-12-07T14:17:33Z" user="dressed-pleasekin" uid="11175011">
  <nd ref="10244855016"/>
  <nd ref="10244855018"/>
  <nd ref="10244855019"/>
  <nd ref="10244855020"/>
  <nd ref="10244855021"/>
  <tag k="highway" v="service"/>
 </way>
 <way id="1120131060" visible="true" version="1" changeset="129824140" timestamp="2022-12-07T14:17:33Z" user="dressed-pleasekin" uid="11175011">
  <nd ref="10244855015"/>
  <nd ref="10244855020"/>
  <tag k="highway" v="service"/>
 </way>
 <way id="1120131064" visible="true" version="1" changeset="129824140" timestamp="2022-12-07T14:17:33Z" user="dressed-pleasekin" uid="11175011">
  <nd ref="10244855045"/>
  <nd ref="10244855046"/>
  <nd ref="10244855047"/>
  <nd ref="10244855048"/>
  <nd ref="10244855049"/>
  <nd ref="10244855050"/>
  <nd ref="10244855051"/>
  <nd ref="10244855052"/>
  <nd ref="10244855053"/>
  <nd ref="10244855054"/>
  <nd ref="10244855055"/>
  <nd ref="10244855056"/>
  <nd ref="10244855057"/>
  <nd ref="10244855058"/>
  <nd ref="10244855059"/>
  <nd ref="10244855060"/>
  <nd ref="10244855061"/>
  <nd ref="10244855062"/>
  <nd ref="10244855045"/>
  <tag k="landuse" v="residential"/>
 </way>
 <way id="1121690992" visible="true" version="1" changeset="130034985" timestamp="2022-12-13T12:31:22Z" user="dressed-pleasekin" uid="11175011">
  <nd ref="10259436778"/>
  <nd ref="10259436779"/>
  <nd ref="10259436780"/>
  <nd ref="10259436781"/>
  <nd ref="10259436778"/>
  <tag k="building" v="yes"/>
 </way>
 <way id="1123071691" visible="true" version="1" changeset="130204275" timestamp="2022-12-18T07:40:14Z" user="dressed-pleasekin" uid="11175011">
  <nd ref="10270963058"/>
  <nd ref="10270963059"/>
  <nd ref="10270963060"/>
  <nd ref="10270963061"/>
  <nd ref="10270963058"/>
  <tag k="building" v="yes"/>
 </way>
 <way id="1123071692" visible="true" version="1" changeset="130204275" timestamp="2022-12-18T07:40:14Z" user="dressed-pleasekin" uid="11175011">
  <nd ref="10270963062"/>
  <nd ref="10270963063"/>
  <nd ref="10270963064"/>
  <nd ref="10270963065"/>
  <nd ref="10270963062"/>
  <tag k="building" v="yes"/>
 </way>
 <way id="1124479967" visible="true" version="1" changeset="130434183" timestamp="2022-12-23T19:23:54Z" user="dressed-pleasekin" uid="11175011">
  <nd ref="10282800255"/>
  <nd ref="10244620874"/>
  <nd ref="10244620873"/>
  <nd ref="10244620875"/>
  <nd ref="10244620876"/>
  <tag k="power" v="line"/>
 </way>
 <way id="1124479968" visible="true" version="1" changeset="130434183" timestamp="2022-12-23T19:23:54Z" user="dressed-pleasekin" uid="11175011">
  <nd ref="10282800257"/>
  <nd ref="10282800258"/>
  <nd ref="10282800259"/>
  <nd ref="10282800260"/>
  <nd ref="10282800261"/>
  <nd ref="10282800262"/>
  <nd ref="10282800263"/>
  <nd ref="10282800264"/>
  <nd ref="10282800265"/>
  <nd ref="10282800266"/>
  <nd ref="10282800267"/>
  <nd ref="10282800268"/>
  <nd ref="10282800269"/>
  <nd ref="10282800270"/>
  <nd ref="10282800271"/>
  <nd ref="10282800272"/>
  <nd ref="10282800273"/>
  <nd ref="10282800274"/>
  <nd ref="10282800275"/>
  <nd ref="10282800276"/>
  <nd ref="10282800277"/>
  <nd ref="10282800257"/>
  <tag k="landuse" v="garages"/>
 </way>
 <way id="1148198160" visible="true" version="2" changeset="139113392" timestamp="2023-07-28T02:33:42Z" user="RwenzoriMountains" uid="16853667">
  <nd ref="5844568156"/>
  <nd ref="5844568168"/>
  <nd ref="5844568169"/>
  <nd ref="5844568170"/>
  <nd ref="5844568171"/>
  <nd ref="5844568172"/>
  <tag k="highway" v="residential"/>
 </way>
 <way id="1148198161" visible="true" version="2" changeset="158525613" timestamp="2024-10-30T05:41:02Z" user="nuruk" uid="20180657">
  <nd ref="5844568172"/>
  <nd ref="5844568173"/>
  <nd ref="5844568174"/>
  <nd ref="5844568175"/>
  <nd ref="5844568176"/>
  <nd ref="5844568152"/>
  <nd ref="12298722710"/>
  <nd ref="4633549437"/>
  <tag k="highway" v="residential"/>
 </way>
 <way id="1149017324" visible="true" version="1" changeset="132948996" timestamp="2023-02-24T01:36:19Z" user="dressed-pleasekin" uid="11175011">
  <nd ref="10689678510"/>
  <nd ref="10689678511"/>
  <nd ref="10689678512"/>
  <nd ref="10689678513"/>
  <nd ref="10689678514"/>
  <nd ref="10689678515"/>
  <nd ref="10689678516"/>
  <nd ref="10689678517"/>
  <nd ref="10689678518"/>
  <nd ref="10689678519"/>
  <nd ref="10689678520"/>
  <nd ref="10689678521"/>
  <nd ref="10689678510"/>
  <tag k="amenity" v="kindergarten"/>
  <tag k="name" v="Ясли-сад №31"/>
  <tag k="ref" v="31"/>
 </way>
 <way id="1149331392" visible="true" version="2" changeset="151991110" timestamp="2024-05-29T13:56:03Z" user="qtab" uid="19488713">
  <nd ref="10692331259"/>
  <nd ref="10692331260"/>
  <nd ref="10692331261"/>
  <nd ref="10692331262"/>
  <nd ref="10692331259"/>
  <tag k="addr:housenumber" v="492а"/>
  <tag k="addr:street" v="Проспект Райымбека"/>
  <tag k="building" v="yes"/>
  <tag k="source" v="microsoft/BuildingFootprints"/>
 </way>
 <way id="1149331393" visible="true" version="2" changeset="151991110" timestamp="2024-05-29T13:56:03Z" user="qtab" uid="19488713">
  <nd ref="10692331263"/>
  <nd ref="10692331264"/>
  <nd ref="10692331265"/>
  <nd ref="10692331266"/>
  <nd ref="11942287197"/>
  <nd ref="10692331263"/>
  <tag k="addr:housenumber" v="492"/>
  <tag k="addr:street" v="Проспект Райымбека"/>
  <tag k="building" v="yes"/>
  <tag k="source" v="microsoft/BuildingFootprints"/>
 </way>
 <way id="1149331910" visible="true" version="1" changeset="132991946" timestamp="2023-02-25T03:55:53Z" user="dressed-pleasekin" uid="11175011">
  <nd ref="10692304759"/>
  <nd ref="10692304760"/>
  <nd ref="10692304761"/>
  <nd ref="10692304762"/>
  <nd ref="10692304759"/>
  <tag k="building" v="yes"/>
  <tag k="source" v="microsoft/BuildingFootprints"/>
 </way>
 <way id="1149331912" visible="true" version="2" changeset="151991110" timestamp="2024-05-29T13:56:03Z" user="qtab" uid="19488713">
  <nd ref="10692304769"/>
  <nd ref="10692304770"/>
  <nd ref="10692304771"/>
  <nd ref="10692304772"/>
  <nd ref="10692304769"/>
  <tag k="addr:housenumber" v="492/1"/>
  <tag k="addr:street" v="Проспект Райымбека"/>
  <tag k="building" v="yes"/>
  <tag k="source" v="microsoft/BuildingFootprints"/>
 </way>
 <way id="1149331913" visible="true" version="2" changeset="151991110" timestamp="2024-05-29T13:56:03Z" user="qtab" uid="19488713">
  <nd ref="10692304773"/>
  <nd ref="10692304774"/>
  <nd ref="10692304775"/>
  <nd ref="10692304776"/>
  <nd ref="10692304773"/>
  <tag k="addr:housenumber" v="486в/3"/>
  <tag k="addr:street" v="Проспект Райымбека"/>
  <tag k="building" v="yes"/>
  <tag k="source" v="microsoft/BuildingFootprints"/>
 </way>
 <way id="1149331914" visible="true" version="2" changeset="151991110" timestamp="2024-05-29T13:56:03Z" user="qtab" uid="19488713">
  <nd ref="10692304777"/>
  <nd ref="10692304778"/>
  <nd ref="10692304779"/>
  <nd ref="10692304780"/>
  <nd ref="10692304777"/>
  <tag k="addr:housenumber" v="486/3"/>
  <tag k="addr:street" v="проспект Райымбека"/>
  <tag k="building" v="yes"/>
  <tag k="source" v="microsoft/BuildingFootprints"/>
 </way>
 <way id="1149331915" visible="true" version="1" changeset="132991946" timestamp="2023-02-25T03:55:53Z" user="dressed-pleasekin" uid="11175011">
  <nd ref="10692304781"/>
  <nd ref="10692304782"/>
  <nd ref="10692304783"/>
  <nd ref="10692304784"/>
  <nd ref="10692304781"/>
  <tag k="building" v="yes"/>
  <tag k="source" v="microsoft/BuildingFootprints"/>
 </way>
 <way id="1149331916" visible="true" version="1" changeset="132991946" timestamp="2023-02-25T03:55:53Z" user="dressed-pleasekin" uid="11175011">
  <nd ref="10692304786"/>
  <nd ref="10692304787"/>
  <nd ref="10692304788"/>
  <nd ref="10692304789"/>
  <nd ref="10692304786"/>
  <tag k="building" v="yes"/>
  <tag k="source" v="microsoft/BuildingFootprints"/>
 </way>
 <way id="1149331927" visible="true" version="2" changeset="151991110" timestamp="2024-05-29T13:56:03Z" user="qtab" uid="19488713">
  <nd ref="10692334130"/>
  <nd ref="10692334131"/>
  <nd ref="10692334132"/>
  <nd ref="10692334133"/>
  <nd ref="10692334130"/>
  <tag k="addr:housenumber" v="490Б"/>
  <tag k="addr:street" v="Проспект Райымбека"/>
  <tag k="building" v="yes"/>
  <tag k="source" v="microsoft/BuildingFootprints"/>
 </way>
 <way id="1149331928" visible="true" version="2" changeset="151991110" timestamp="2024-05-29T13:56:03Z" user="qtab" uid="19488713">
  <nd ref="10692334135"/>
  <nd ref="10692334134"/>
  <nd ref="11942287694"/>
  <nd ref="11942287693"/>
  <nd ref="10692334136"/>
  <nd ref="11942287692"/>
  <nd ref="11942287691"/>
  <nd ref="10692334137"/>
  <nd ref="10692334135"/>
  <tag k="addr:housenumber" v="494"/>
  <tag k="addr:street" v="Проспект Райымбека"/>
  <tag k="building" v="yes"/>
 </way>
 <way id="1149552457" visible="true" version="2" changeset="151991110" timestamp="2024-05-29T13:56:03Z" user="qtab" uid="19488713">
  <nd ref="10694126129"/>
  <nd ref="10694126130"/>
  <nd ref="10694126131"/>
  <nd ref="10694126132"/>
  <nd ref="10694126129"/>
  <tag k="addr:housenumber" v="496в"/>
  <tag k="addr:street" v="Проспект Райымбека"/>
  <tag k="building" v="yes"/>
  <tag k="source" v="microsoft/BuildingFootprints"/>
 </way>
 <way id="1149552458" visible="true" version="2" changeset="139114833" timestamp="2023-07-28T03:58:58Z" user="RwenzoriMountains" uid="16853667">
  <nd ref="10694126133"/>
  <nd ref="10694126134"/>
  <nd ref="10694126135"/>
  <nd ref="10694126136"/>
  <nd ref="11072301945"/>
  <nd ref="10694126133"/>
  <tag k="building" v="yes"/>
  <tag k="source" v="microsoft/BuildingFootprints"/>
 </way>
 <way id="1149552459" visible="true" version="1" changeset="133027565" timestamp="2023-02-26T02:16:33Z" user="dressed-pleasekin" uid="11175011">
  <nd ref="10694126137"/>
  <nd ref="10694126138"/>
  <nd ref="10694126139"/>
  <nd ref="10694126140"/>
  <nd ref="10694126137"/>
  <tag k="building" v="yes"/>
  <tag k="source" v="microsoft/BuildingFootprints"/>
 </way>
 <way id="1149552460" visible="true" version="1" changeset="133027565" timestamp="2023-02-26T02:16:33Z" user="dressed-pleasekin" uid="11175011">
  <nd ref="10694126141"/>
  <nd ref="10694126142"/>
  <nd ref="10694126143"/>
  <nd ref="10694126144"/>
  <nd ref="10694126145"/>
  <nd ref="10694126146"/>
  <nd ref="10694126147"/>
  <nd ref="10694126148"/>
  <nd ref="10694126141"/>
  <tag k="building" v="yes"/>
  <tag k="source" v="microsoft/BuildingFootprints"/>
 </way>
 <way id="1187530600" visible="true" version="2" changeset="139114562" timestamp="2023-07-28T03:41:46Z" user="RwenzoriMountains" uid="16853667">
  <nd ref="11027147362"/>
  <nd ref="11072292506"/>
  <nd ref="11027147361"/>
  <tag k="highway" v="service"/>
 </way>
 <way id="1192600822" visible="true" version="1" changeset="139075323" timestamp="2023-07-27T09:03:19Z" user="RwenzoriMountains" uid="16853667">
  <nd ref="11070809135"/>
  <nd ref="11070809134"/>
  <nd ref="11070809133"/>
  <nd ref="11070809132"/>
  <nd ref="11070809131"/>
  <nd ref="11070809130"/>
  <nd ref="11070809129"/>
  <nd ref="11070809128"/>
  <nd ref="11070809124"/>
  <nd ref="11070809125"/>
  <nd ref="11070809127"/>
  <nd ref="11070809126"/>
  <tag k="highway" v="service"/>
 </way>
 <way id="1192600823" visible="true" version="1" changeset="139075323" timestamp="2023-07-27T09:03:19Z" user="RwenzoriMountains" uid="16853667">
  <nd ref="11070809141"/>
  <nd ref="4288325429"/>
  <tag k="highway" v="service"/>
 </way>
 <way id="1192775432" visible="true" version="1" changeset="139112702" timestamp="2023-07-28T01:48:41Z" user="RwenzoriMountains" uid="16853667">
  <nd ref="11072208859"/>
  <nd ref="11072208858"/>
  <nd ref="11072208855"/>
  <nd ref="11072208857"/>
  <nd ref="11072208852"/>
  <tag k="highway" v="service"/>
 </way>
 <way id="1192778294" visible="true" version="1" changeset="139113392" timestamp="2023-07-28T02:33:42Z" user="RwenzoriMountains" uid="16853667">
  <nd ref="11072239607"/>
  <nd ref="11072239606"/>
  <tag k="highway" v="service"/>
 </way>
 <way id="1192778295" visible="true" version="1" changeset="139113392" timestamp="2023-07-28T02:33:42Z" user="RwenzoriMountains" uid="16853667">
  <nd ref="5844568154"/>
  <nd ref="11072239605"/>
  <nd ref="11072239610"/>
  <nd ref="11072239609"/>
  <nd ref="11072239608"/>
  <tag k="highway" v="service"/>
 </way>
 <way id="1192786997" visible="true" version="1" changeset="139114833" timestamp="2023-07-28T03:58:58Z" user="RwenzoriMountains" uid="16853667">
  <nd ref="11072301965"/>
  <nd ref="11072301957"/>
  <nd ref="11072301956"/>
  <nd ref="11072301955"/>
  <nd ref="11072301954"/>
  <nd ref="11072301953"/>
  <nd ref="11072301952"/>
  <nd ref="11072301951"/>
  <nd ref="11072301950"/>
  <nd ref="11072301949"/>
  <nd ref="11072301948"/>
  <nd ref="11072301947"/>
  <nd ref="11072301946"/>
  <tag k="highway" v="service"/>
 </way>
 <way id="1192786998" visible="true" version="1" changeset="139114833" timestamp="2023-07-28T03:58:58Z" user="RwenzoriMountains" uid="16853667">
  <nd ref="11072301966"/>
  <nd ref="11072301965"/>
  <nd ref="11072301964"/>
  <nd ref="11072301963"/>
  <nd ref="11072301946"/>
  <nd ref="11072301962"/>
  <nd ref="11072301961"/>
  <nd ref="11072301960"/>
  <nd ref="11072301959"/>
  <nd ref="11072301958"/>
  <tag k="highway" v="service"/>
 </way>
 <way id="1192786999" visible="true" version="1" changeset="139114833" timestamp="2023-07-28T03:58:58Z" user="RwenzoriMountains" uid="16853667">
  <nd ref="11072301975"/>
  <nd ref="11072301974"/>
  <nd ref="11072301973"/>
  <nd ref="11072301972"/>
  <nd ref="11072301971"/>
  <nd ref="11072301970"/>
  <nd ref="11072301969"/>
  <nd ref="11072301968"/>
  <nd ref="11072301967"/>
  <nd ref="11072301983"/>
  <tag k="highway" v="service"/>
 </way>
 <way id="1192787000" visible="true" version="1" changeset="139114833" timestamp="2023-07-28T03:58:58Z" user="RwenzoriMountains" uid="16853667">
  <nd ref="10244854400"/>
  <nd ref="11072301977"/>
  <tag k="highway" v="service"/>
 </way>
 <way id="1192787001" visible="true" version="2" changeset="140386771" timestamp="2023-08-25T19:38:33Z" user="dressed-pleasekin" uid="11175011">
  <nd ref="10244854400"/>
  <nd ref="11072301984"/>
  <nd ref="11072301983"/>
  <nd ref="11072301978"/>
  <nd ref="11072301976"/>
  <nd ref="11072301982"/>
  <nd ref="11072301981"/>
  <nd ref="11072301980"/>
  <nd ref="11072301979"/>
  <tag k="highway" v="service"/>
 </way>
 <way id="1202071049" visible="true" version="1" changeset="140386771" timestamp="2023-08-25T19:38:33Z" user="dressed-pleasekin" uid="11175011">
  <nd ref="11144589514"/>
  <nd ref="11144589515"/>
  <nd ref="11144589516"/>
  <nd ref="11144589517"/>
  <nd ref="11144589518"/>
  <nd ref="11144589519"/>
  <nd ref="11144589520"/>
  <nd ref="11144589521"/>
  <nd ref="11144589514"/>
  <tag k="building" v="industrial"/>
 </way>
 <way id="1202071050" visible="true" version="1" changeset="140386771" timestamp="2023-08-25T19:38:33Z" user="dressed-pleasekin" uid="11175011">
  <nd ref="11144589522"/>
  <nd ref="11144589523"/>
  <nd ref="11144589524"/>
  <nd ref="11144589525"/>
  <nd ref="11144589522"/>
  <tag k="building" v="industrial"/>
 </way>
 <way id="1202071052" visible="true" version="2" changeset="151991110" timestamp="2024-05-29T13:56:03Z" user="qtab" uid="19488713">
  <nd ref="11144589530"/>
  <nd ref="11144589531"/>
  <nd ref="11144589532"/>
  <nd ref="11144589533"/>
  <nd ref="11144589530"/>
  <tag k="addr:housenumber" v="486Б/1"/>
  <tag k="addr:street" v="проспект Райымбека"/>
  <tag k="building" v="yes"/>
  <tag k="roof:shape" v="round"/>
 </way>
 <way id="1202071053" visible="true" version="1" changeset="140386771" timestamp="2023-08-25T19:38:33Z" user="dressed-pleasekin" uid="11175011">
  <nd ref="11144589534"/>
  <nd ref="11144589535"/>
  <nd ref="11144589536"/>
  <nd ref="11144589537"/>
  <nd ref="11144589534"/>
  <tag k="building" v="yes"/>
  <tag k="roof:shape" v="round"/>
 </way>
 <way id="1202071054" visible="true" version="2" changeset="151991110" timestamp="2024-05-29T13:56:03Z" user="qtab" uid="19488713">
  <nd ref="11144589538"/>
  <nd ref="11144589539"/>
  <nd ref="11144589540"/>
  <nd ref="11144589541"/>
  <nd ref="11144589538"/>
  <tag k="addr:housenumber" v="486з"/>
  <tag k="addr:street" v="Проспект Райымбека"/>
  <tag k="building" v="yes"/>
 </way>
 <way id="1202071055" visible="true" version="1" changeset="140386771" timestamp="2023-08-25T19:38:33Z" user="dressed-pleasekin" uid="11175011">
  <nd ref="11144589542"/>
  <nd ref="11144589543"/>
  <nd ref="11144589544"/>
  <nd ref="11144589545"/>
  <nd ref="11144589546"/>
  <nd ref="11144589547"/>
  <nd ref="11144589542"/>
  <tag k="building" v="yes"/>
 </way>
 <way id="1202071058" visible="true" version="1" changeset="140386771" timestamp="2023-08-25T19:38:33Z" user="dressed-pleasekin" uid="11175011">
  <nd ref="11144589554"/>
  <nd ref="11144589555"/>
  <nd ref="11144589556"/>
  <nd ref="11144589557"/>
  <nd ref="11144589558"/>
  <nd ref="11144589559"/>
  <nd ref="11144589554"/>
  <tag k="building" v="yes"/>
 </way>
 <way id="1220614822" visible="true" version="1" changeset="143591279" timestamp="2023-11-03T20:56:19Z" user="LexIgnatov" uid="316868">
  <nd ref="2636534109"/>
  <nd ref="2198751552"/>
  <nd ref="10181900879"/>
  <nd ref="3710473804"/>
  <nd ref="2198751342"/>
  <nd ref="2198751490"/>
  <nd ref="2198751615"/>
  <nd ref="5844569226"/>
  <nd ref="2386307373"/>
  <nd ref="299677601"/>
  <nd ref="7324753475"/>
  <nd ref="2198751038"/>
  <nd ref="299677633"/>
  <nd ref="2198752329"/>
  <nd ref="5844569229"/>
  <nd ref="2198750922"/>
  <nd ref="2198752639"/>
  <nd ref="2198750917"/>
  <nd ref="299677582"/>
  <nd ref="2874270919"/>
  <nd ref="2198751156"/>
  <nd ref="2198752611"/>
  <nd ref="2198751365"/>
  <nd ref="299677580"/>
  <nd ref="2198752597"/>
  <nd ref="2198750459"/>
  <nd ref="2198752102"/>
  <nd ref="2198752609"/>
  <nd ref="2198752556"/>
  <nd ref="6926200869"/>
  <nd ref="11072208859"/>
  <nd ref="2198752628"/>
  <tag k="highway" v="secondary"/>
  <tag k="name" v="улица Шарипова Касыма"/>
  <tag k="old_name" v="улица Проходная"/>
  <tag k="start_date" v="1977"/>
 </way>
 <way id="1222748256" visible="true" version="3" changeset="151991110" timestamp="2024-05-29T13:56:03Z" user="qtab" uid="19488713">
  <nd ref="10244854385"/>
  <nd ref="11942287235"/>
  <nd ref="6501452914"/>
  <tag k="admin_level" v="6"/>
  <tag k="alt_ref" v="1"/>
  <tag k="boundary" v="administrative"/>
  <tag k="highway" v="primary"/>
  <tag k="lanes" v="6"/>
  <tag k="lit" v="yes"/>
  <tag k="name" v="Райымбек даңғылы"/>
  <tag k="name:ru" v="проспект Райымбека"/>
  <tag k="old_name" v="улица Ташкентская"/>
  <tag k="old_ref" v="M-39"/>
  <tag k="oneway" v="no"/>
 </way>
 <way id="1231322453" visible="true" version="2" changeset="145141219" timestamp="2023-12-15T08:46:21Z" user="evgeniyakz" uid="16572338">
  <nd ref="11419821501"/>
  <nd ref="11419821502"/>
  <nd ref="11419821503"/>
  <nd ref="11419821504"/>
  <nd ref="11419821501"/>
  <tag k="addr:housenumber" v="512а"/>
  <tag k="addr:street" v="Райымбек даңғылы"/>
  <tag k="amenity" v="parking"/>
  <tag k="name" v="Штрафстоянка"/>
 </way>
 <way id="1240033950" visible="true" version="1" changeset="146302970" timestamp="2024-01-16T00:47:24Z" user="LakeMatano" uid="16936637">
  <nd ref="2245524407"/>
  <nd ref="11520431211"/>
  <nd ref="11520431210"/>
  <nd ref="11520431209"/>
  <nd ref="11520431208"/>
  <nd ref="11520431207"/>
  <nd ref="11520431206"/>
  <tag k="highway" v="service"/>
 </way>
 <way id="1274770860" visible="true" version="1" changeset="150326389" timestamp="2024-04-22T04:43:45Z" user="evgeniyakz" uid="16572338">
  <nd ref="11836522405"/>
  <nd ref="3719763536"/>
  <tag k="highway" v="footway"/>
 </way>
 <way id="1287692709" visible="true" version="1" changeset="151991110" timestamp="2024-05-29T13:56:03Z" user="qtab" uid="19488713">
  <nd ref="11942287235"/>
  <nd ref="11942287234"/>
  <tag k="highway" v="service"/>
 </way>
 <way id="1287692789" visible="true" version="1" changeset="151991110" timestamp="2024-05-29T13:56:03Z" user="qtab" uid="19488713">
  <nd ref="11942287595"/>
  <nd ref="11942287594"/>
  <nd ref="11942287593"/>
  <tag k="highway" v="service"/>
 </way>
 <way id="1287692814" visible="true" version="1" changeset="151991110" timestamp="2024-05-29T13:56:03Z" user="qtab" uid="19488713">
  <nd ref="11942287698"/>
  <nd ref="11942287697"/>
  <nd ref="11942287696"/>
  <nd ref="11942287695"/>
  <nd ref="11942287698"/>
  <tag k="addr:housenumber" v="473а/1"/>
  <tag k="addr:street" v="Улица Ташкентская"/>
  <tag k="building" v="yes"/>
 </way>
 <way id="1287692913" visible="true" version="1" changeset="151991110" timestamp="2024-05-29T13:56:03Z" user="qtab" uid="19488713">
  <nd ref="11942288059"/>
  <nd ref="11942288058"/>
  <nd ref="11942288057"/>
  <nd ref="11942288056"/>
  <nd ref="11942288059"/>
  <tag k="addr:housenumber" v="496г"/>
  <tag k="addr:street" v="Проспект Райымбека"/>
  <tag k="building" v="yes"/>
 </way>
 <way id="1287692914" visible="true" version="1" changeset="151991110" timestamp="2024-05-29T13:56:03Z" user="qtab" uid="19488713">
  <nd ref="11942288063"/>
  <nd ref="11942288062"/>
  <nd ref="11942288061"/>
  <nd ref="11942288060"/>
  <nd ref="11942288063"/>
  <tag k="addr:housenumber" v="494Б"/>
  <tag k="addr:street" v="Проспект Райымбека"/>
  <tag k="building" v="yes"/>
 </way>
 <way id="1287692915" visible="true" version="1" changeset="151991110" timestamp="2024-05-29T13:56:03Z" user="qtab" uid="19488713">
  <nd ref="11942288067"/>
  <nd ref="11942288066"/>
  <nd ref="11942288065"/>
  <nd ref="11942288064"/>
  <nd ref="11942288067"/>
  <tag k="addr:housenumber" v="496"/>
  <tag k="addr:street" v="Проспект Райымбека"/>
  <tag k="building" v="yes"/>
 </way>
 <way id="1287692916" visible="true" version="1" changeset="151991110" timestamp="2024-05-29T13:56:03Z" user="qtab" uid="19488713">
  <nd ref="11942288071"/>
  <nd ref="11942288070"/>
  <nd ref="11942288069"/>
  <nd ref="11942288068"/>
  <nd ref="11942288071"/>
  <tag k="addr:housenumber" v="479/1"/>
  <tag k="addr:street" v="Проспект Райымбека"/>
  <tag k="building" v="yes"/>
 </way>
 <way id="1287692917" visible="true" version="1" changeset="151991110" timestamp="2024-05-29T13:56:03Z" user="qtab" uid="19488713">
  <nd ref="11942288075"/>
  <nd ref="11942288074"/>
  <nd ref="11942288073"/>
  <nd ref="11942288072"/>
  <nd ref="11942288075"/>
  <tag k="addr:housenumber" v="473а"/>
  <tag k="addr:street" v="Улица Ташкентская"/>
  <tag k="building" v="yes"/>
 </way>
 <way id="1287692920" visible="true" version="1" changeset="151991110" timestamp="2024-05-29T13:56:03Z" user="qtab" uid="19488713">
  <nd ref="11942288087"/>
  <nd ref="11942288086"/>
  <nd ref="11942288085"/>
  <nd ref="11942288084"/>
  <nd ref="11942288087"/>
  <tag k="addr:housenumber" v="475"/>
  <tag k="addr:street" v="Проспект Райымбека"/>
  <tag k="building" v="yes"/>
 </way>
 <way id="1287692921" visible="true" version="1" changeset="151991110" timestamp="2024-05-29T13:56:03Z" user="qtab" uid="19488713">
  <nd ref="11942288091"/>
  <nd ref="11942288090"/>
  <nd ref="11942288089"/>
  <nd ref="11942288088"/>
  <nd ref="11942288091"/>
  <tag k="addr:housenumber" v="477"/>
  <tag k="addr:street" v="Проспект Райымбека"/>
  <tag k="building" v="yes"/>
 </way>
 <way id="1287692922" visible="true" version="1" changeset="151991110" timestamp="2024-05-29T13:56:03Z" user="qtab" uid="19488713">
  <nd ref="11942288095"/>
  <nd ref="11942288094"/>
  <nd ref="11942288093"/>
  <nd ref="11942288092"/>
  <nd ref="11942288095"/>
  <tag k="addr:housenumber" v="2а"/>
  <tag k="addr:street" v="Улица Загоскина"/>
  <tag k="building" v="yes"/>
 </way>
 <way id="1287692923" visible="true" version="1" changeset="151991110" timestamp="2024-05-29T13:56:03Z" user="qtab" uid="19488713">
  <nd ref="11942288099"/>
  <nd ref="11942288098"/>
  <nd ref="11942288097"/>
  <nd ref="11942288096"/>
  <nd ref="11942288099"/>
  <tag k="addr:housenumber" v="2"/>
  <tag k="addr:street" v="Улица Загоскина"/>
  <tag k="building" v="yes"/>
 </way>
 <relation id="26621" visible="true" version="3145" changeset="164602021" timestamp="2025-04-06T17:29:10Z" user="Zcor" uid="704753">
  <member type="way" ref="699131798" role=""/>
  <member type="way" ref="1200985778" role=""/>
  <member type="way" ref="1200985779" role=""/>
  <member type="way" ref="429247924" role=""/>
  <member type="way" ref="429247928" role=""/>
  <member type="way" ref="698795459" role=""/>
  <member type="way" ref="698795458" role=""/>
  <member type="way" ref="169248199" role=""/>
  <member type="way" ref="698795463" role=""/>
  <member type="way" ref="753863368" role=""/>
  <member type="way" ref="753863369" role=""/>
  <member type="way" ref="753863367" role=""/>
  <member type="way" ref="753863366" role=""/>
  <member type="way" ref="699828063" role=""/>
  <member type="way" ref="698795464" role=""/>
  <member type="way" ref="698795461" role=""/>
  <member type="way" ref="698795460" role=""/>
  <member type="way" ref="169247955" role=""/>
  <member type="way" ref="169247958" role=""/>
  <member type="way" ref="1200985777" role=""/>
  <member type="way" ref="1200985776" role=""/>
  <member type="way" ref="699131797" role=""/>
  <member type="way" ref="1290037717" role=""/>
  <member type="way" ref="1290037716" role=""/>
  <member type="way" ref="1290037718" role=""/>
  <member type="way" ref="169248201" role=""/>
  <member type="way" ref="736295896" role=""/>
  <member type="way" ref="736295897" role=""/>
  <member type="way" ref="201083943" role=""/>
  <member type="way" ref="392611531" role=""/>
  <member type="way" ref="201083944" role=""/>
  <member type="way" ref="403813305" role=""/>
  <member type="way" ref="403813304" role=""/>
  <member type="way" ref="392611529" role=""/>
  <member type="way" ref="945069393" role=""/>
  <member type="way" ref="945069392" role=""/>
  <member type="way" ref="799153710" role=""/>
  <member type="way" ref="799153709" role=""/>
  <member type="way" ref="374397485" role=""/>
  <member type="way" ref="374397484" role=""/>
  <member type="way" ref="206589319" role=""/>
  <member type="way" ref="206589320" role=""/>
  <member type="way" ref="113421880" role=""/>
  <member type="way" ref="113421874" role=""/>
  <member type="way" ref="190835776" role=""/>
  <member type="way" ref="113421902" role=""/>
  <member type="way" ref="113421887" role=""/>
  <member type="way" ref="113421882" role=""/>
  <member type="way" ref="285883422" role=""/>
  <member type="way" ref="285883421" role=""/>
  <member type="way" ref="239160430" role=""/>
  <member type="way" ref="239160429" role=""/>
  <member type="way" ref="22892779" role=""/>
  <member type="way" ref="184909506" role=""/>
  <member type="way" ref="22892770" role=""/>
  <member type="way" ref="231215830" role=""/>
  <member type="way" ref="231215837" role=""/>
  <member type="way" ref="184909514" role=""/>
  <member type="way" ref="184909509" role=""/>
  <member type="way" ref="184909516" role=""/>
  <member type="way" ref="576161396" role=""/>
  <member type="way" ref="753818383" role=""/>
  <member type="way" ref="753818384" role=""/>
  <member type="way" ref="1003006245" role=""/>
  <member type="way" ref="367756431" role=""/>
  <member type="way" ref="113392639" role=""/>
  <member type="way" ref="769855539" role=""/>
  <member type="way" ref="903732037" role=""/>
  <member type="way" ref="584948751" role=""/>
  <member type="way" ref="576161398" role=""/>
  <member type="way" ref="1360898126" role=""/>
  <member type="way" ref="769855540" role=""/>
  <member type="way" ref="785611684" role=""/>
  <member type="way" ref="785611685" role=""/>
  <member type="way" ref="785611687" role=""/>
  <member type="way" ref="785611686" role=""/>
  <member type="way" ref="1131092510" role=""/>
  <member type="way" ref="1131091602" role=""/>
  <member type="way" ref="367763344" role=""/>
  <member type="way" ref="1131092511" role=""/>
  <member type="way" ref="1130917455" role=""/>
  <member type="way" ref="1130920728" role=""/>
  <member type="way" ref="113385768" role=""/>
  <member type="way" ref="395906418" role=""/>
  <member type="way" ref="1300824726" role=""/>
  <member type="way" ref="1300824725" role=""/>
  <member type="way" ref="889164990" role=""/>
  <member type="way" ref="889164989" role=""/>
  <member type="way" ref="370061631" role=""/>
  <member type="way" ref="440588423" role=""/>
  <member type="way" ref="827264358" role=""/>
  <member type="way" ref="1061288049" role=""/>
  <member type="way" ref="521337276" role=""/>
  <member type="way" ref="827264355" role=""/>
  <member type="way" ref="1131609304" role=""/>
  <member type="way" ref="440588424" role=""/>
  <member type="way" ref="1213919577" role=""/>
  <member type="way" ref="463830309" role=""/>
  <member type="way" ref="463830310" role=""/>
  <member type="way" ref="1061296802" role=""/>
  <member type="way" ref="827264356" role=""/>
  <member type="way" ref="440588425" role=""/>
  <member type="way" ref="521337275" role=""/>
  <member type="way" ref="1061286821" role=""/>
  <member type="way" ref="440588422" role=""/>
  <member type="way" ref="827264357" role=""/>
  <member type="way" ref="642448437" role=""/>
  <member type="way" ref="833845996" role=""/>
  <member type="way" ref="1061023292" role=""/>
  <member type="way" ref="488624957" role=""/>
  <member type="way" ref="191859984" role=""/>
  <member type="way" ref="370061667" role=""/>
  <member type="way" ref="520486499" role=""/>
  <member type="way" ref="520486500" role=""/>
  <member type="way" ref="520486498" role=""/>
  <member type="way" ref="367758010" role=""/>
  <member type="way" ref="370061674" role=""/>
  <member type="way" ref="22953688" role=""/>
  <member type="way" ref="22953441" role=""/>
  <member type="way" ref="109929256" role=""/>
  <member type="way" ref="109929274" role=""/>
  <member type="way" ref="109929218" role=""/>
  <member type="way" ref="827260380" role=""/>
  <member type="way" ref="109929237" role=""/>
  <member type="way" ref="109929223" role=""/>
  <member type="way" ref="417015824" role=""/>
  <member type="way" ref="22953687" role=""/>
  <member type="way" ref="505863055" role=""/>
  <member type="way" ref="505863058" role=""/>
  <member type="way" ref="505864631" role=""/>
  <member type="way" ref="109929220" role=""/>
  <member type="way" ref="505863061" role=""/>
  <member type="way" ref="505863062" role=""/>
  <member type="way" ref="505863057" role=""/>
  <member type="way" ref="505863054" role=""/>
  <member type="way" ref="505863066" role=""/>
  <member type="way" ref="505864632" role=""/>
  <member type="way" ref="505863056" role=""/>
  <member type="way" ref="505863063" role=""/>
  <member type="way" ref="505863064" role=""/>
  <member type="way" ref="505863065" role=""/>
  <member type="way" ref="1062306993" role=""/>
  <member type="way" ref="273457024" role=""/>
  <member type="way" ref="672196309" role=""/>
  <member type="way" ref="672196308" role=""/>
  <member type="way" ref="370061712" role=""/>
  <member type="way" ref="273457026" role=""/>
  <member type="way" ref="1062306992" role=""/>
  <member type="way" ref="1062306991" role=""/>
  <member type="way" ref="1062306994" role=""/>
  <member type="relation" ref="2574932" role="France"/>
  <member type="relation" ref="2574937" role="Belgium"/>
  <member type="relation" ref="3999697" role="Germany - Nordrhein-Westfalen"/>
  <member type="relation" ref="3999698" role="Germany - Hessen"/>
  <member type="relation" ref="3999696" role="Germany - Thüringen"/>
  <member type="relation" ref="2574933" role="Germany - Sachsen"/>
  <member type="relation" ref="2574940" role="Poland"/>
  <member type="relation" ref="2574939" role="Ukraine"/>
  <member type="relation" ref="2574936" role="Russia"/>
  <member type="relation" ref="2574938" role="Uzbekistan"/>
  <member type="relation" ref="6476418" role="Kazakhstan"/>
  <member type="relation" ref="2822796" role="Kazakhstan"/>
  <tag k="description" v="E 40 Calais - Ridder"/>
  <tag k="description:fr" v="E 40 Calais - Ridder"/>
  <tag k="e-road:class" v="A-intermediate"/>
  <tag k="name" v="European route E40"/>
  <tag k="name:cs" v="Evropská silnice E40"/>
  <tag k="name:en" v="European route E40"/>
  <tag k="name:fr" v="Route européenne E 40"/>
  <tag k="name:nl" v="Europese route E40"/>
  <tag k="name:pl" v="Trasa europejska E 40"/>
  <tag k="name:sk" v="Európska cesta E40"/>
  <tag k="name:uk" v="Європейський маршрут E40"/>
  <tag k="network" v="e-road"/>
  <tag k="ref" v="E 40"/>
  <tag k="route" v="road"/>
  <tag k="type" v="superroute"/>
  <tag k="wikidata" v="Q327162"/>
  <tag k="wikipedia" v="en:European route E40"/>
 </relation>
 <relation id="2465058" visible="true" version="143" changeset="162202783" timestamp="2025-02-06T10:51:16Z" user="Yehudah777" uid="18555139">
  <member type="node" ref="26544289" role="admin_centre"/>
  <member type="way" ref="173198795" role="outer"/>
  <member type="way" ref="491142103" role="outer"/>
  <member type="way" ref="1196770439" role="outer"/>
  <member type="way" ref="1205281243" role="outer"/>
  <member type="way" ref="1183978384" role="outer"/>
  <member type="way" ref="311211584" role="outer"/>
  <member type="way" ref="385204719" role="outer"/>
  <member type="way" ref="1243036658" role="outer"/>
  <member type="way" ref="173103044" role="outer"/>
  <member type="way" ref="1133042832" role="outer"/>
  <member type="way" ref="1206066965" role="outer"/>
  <member type="way" ref="1206067843" role="outer"/>
  <member type="way" ref="1189687452" role="outer"/>
  <member type="way" ref="1205251416" role="outer"/>
  <member type="way" ref="385204720" role="outer"/>
  <member type="way" ref="1205251417" role="outer"/>
  <member type="way" ref="654088520" role="outer"/>
  <member type="way" ref="1205243283" role="outer"/>
  <member type="way" ref="637940290" role="outer"/>
  <member type="way" ref="516460804" role="outer"/>
  <member type="way" ref="485080699" role="outer"/>
  <member type="way" ref="183601405" role="outer"/>
  <member type="way" ref="1205243284" role="outer"/>
  <member type="way" ref="655674413" role="outer"/>
  <member type="way" ref="1221770775" role="outer"/>
  <member type="way" ref="1205253795" role="outer"/>
  <member type="way" ref="1205253796" role="outer"/>
  <member type="way" ref="1205253793" role="outer"/>
  <member type="way" ref="1080615986" role="outer"/>
  <member type="way" ref="1205253794" role="outer"/>
  <member type="way" ref="371604280" role="outer"/>
  <member type="way" ref="371631739" role="outer"/>
  <member type="way" ref="371631737" role="outer"/>
  <member type="way" ref="371602995" role="outer"/>
  <member type="way" ref="371602991" role="outer"/>
  <member type="way" ref="371603006" role="outer"/>
  <member type="way" ref="368293326" role="outer"/>
  <member type="way" ref="371603000" role="outer"/>
  <member type="way" ref="538666072" role="outer"/>
  <member type="way" ref="1207228858" role="outer"/>
  <member type="way" ref="1207228854" role="outer"/>
  <member type="way" ref="690057894" role="outer"/>
  <member type="way" ref="211504009" role="outer"/>
  <member type="way" ref="53587889" role="outer"/>
  <member type="way" ref="499438954" role="outer"/>
  <member type="way" ref="1222750938" role="outer"/>
  <member type="way" ref="1222750943" role="outer"/>
  <member type="way" ref="1222750944" role="outer"/>
  <member type="way" ref="920685204" role="outer"/>
  <member type="way" ref="1222750945" role="outer"/>
  <member type="way" ref="1222750946" role="outer"/>
  <member type="way" ref="1207228856" role="outer"/>
  <member type="way" ref="1273359621" role="outer"/>
  <member type="way" ref="1136973566" role="outer"/>
  <member type="way" ref="1273359620" role="outer"/>
  <member type="way" ref="30342996" role="outer"/>
  <member type="way" ref="1273357192" role="outer"/>
  <member type="way" ref="1268453679" role="outer"/>
  <member type="way" ref="30342755" role="outer"/>
  <member type="way" ref="1268471220" role="outer"/>
  <member type="way" ref="1282210502" role="outer"/>
  <member type="way" ref="158848024" role="outer"/>
  <member type="way" ref="1273377689" role="outer"/>
  <member type="way" ref="371602997" role="outer"/>
  <member type="way" ref="1268471221" role="outer"/>
  <member type="way" ref="1269113802" role="outer"/>
  <member type="way" ref="1269113803" role="outer"/>
  <member type="way" ref="371631735" role="outer"/>
  <member type="way" ref="371631736" role="outer"/>
  <member type="way" ref="372443018" role="outer"/>
  <member type="way" ref="371602996" role="outer"/>
  <member type="way" ref="1276763643" role="outer"/>
  <member type="way" ref="371631741" role="outer"/>
  <member type="way" ref="371602999" role="outer"/>
  <member type="way" ref="1238766203" role="outer"/>
  <member type="way" ref="641795966" role="outer"/>
  <member type="way" ref="641795968" role="outer"/>
  <member type="way" ref="252705041" role="outer"/>
  <member type="way" ref="180626481" role="outer"/>
  <member type="way" ref="23647251" role="outer"/>
  <member type="way" ref="24008878" role="outer"/>
  <member type="way" ref="1199151577" role="outer"/>
  <member type="way" ref="1199151578" role="outer"/>
  <member type="way" ref="1199322452" role="outer"/>
  <member type="way" ref="1091718712" role="outer"/>
  <member type="way" ref="1187571002" role="outer"/>
  <member type="way" ref="1199151579" role="outer"/>
  <member type="way" ref="1199151580" role="outer"/>
  <member type="way" ref="371638518" role="outer"/>
  <member type="way" ref="371638517" role="outer"/>
  <member type="way" ref="371638516" role="outer"/>
  <member type="way" ref="232889884" role="outer"/>
  <member type="way" ref="1357180972" role="outer"/>
  <member type="way" ref="1245471781" role="outer"/>
  <member type="way" ref="542055572" role="outer"/>
  <member type="way" ref="1245472623" role="outer"/>
  <member type="way" ref="1087873774" role="outer"/>
  <member type="way" ref="1087873773" role="outer"/>
  <member type="way" ref="1087873772" role="outer"/>
  <member type="way" ref="1086128391" role="outer"/>
  <member type="way" ref="1086128392" role="outer"/>
  <member type="way" ref="1086128390" role="outer"/>
  <member type="way" ref="371638515" role="outer"/>
  <member type="way" ref="1093088481" role="outer"/>
  <member type="way" ref="253846428" role="outer"/>
  <member type="way" ref="1245462468" role="outer"/>
  <member type="way" ref="1093088480" role="outer"/>
  <member type="way" ref="1093088482" role="outer"/>
  <member type="way" ref="1093088483" role="outer"/>
  <member type="way" ref="1132731226" role="outer"/>
  <member type="way" ref="1245465300" role="outer"/>
  <member type="way" ref="1093088484" role="outer"/>
  <member type="way" ref="1093088485" role="outer"/>
  <member type="way" ref="1245465297" role="outer"/>
  <member type="way" ref="1245465298" role="outer"/>
  <member type="way" ref="246184879" role="outer"/>
  <member type="way" ref="246184878" role="outer"/>
  <member type="way" ref="1245456076" role="outer"/>
  <member type="way" ref="1141887711" role="outer"/>
  <member type="way" ref="688382508" role="outer"/>
  <member type="way" ref="341840833" role="outer"/>
  <member type="way" ref="372061261" role="outer"/>
  <member type="way" ref="1245458111" role="outer"/>
  <member type="way" ref="1245458931" role="outer"/>
  <member type="way" ref="1087035316" role="outer"/>
  <member type="way" ref="1245457978" role="outer"/>
  <member type="way" ref="1196770449" role="outer"/>
  <member type="way" ref="1245457976" role="outer"/>
  <member type="way" ref="1245459977" role="outer"/>
  <member type="way" ref="1245474556" role="outer"/>
  <member type="way" ref="1245474555" role="outer"/>
  <member type="way" ref="1245474936" role="outer"/>
  <member type="way" ref="1195057366" role="outer"/>
  <member type="way" ref="1196770447" role="outer"/>
  <member type="way" ref="1245459974" role="outer"/>
  <member type="way" ref="684365623" role="outer"/>
  <member type="way" ref="1245459976" role="outer"/>
  <member type="way" ref="658100886" role="outer"/>
  <member type="way" ref="1207826213" role="outer"/>
  <member type="way" ref="1127696520" role="outer"/>
  <member type="way" ref="491454256" role="outer"/>
  <member type="way" ref="1205287028" role="outer"/>
  <member type="way" ref="303018133" role="outer"/>
  <member type="way" ref="1205287029" role="outer"/>
  <member type="way" ref="26561429" role="outer"/>
  <member type="way" ref="1040780124" role="outer"/>
  <member type="way" ref="526828619" role="outer"/>
  <member type="way" ref="1040782084" role="outer"/>
  <member type="way" ref="371604272" role="outer"/>
  <member type="way" ref="1207822355" role="outer"/>
  <member type="way" ref="1112264618" role="outer"/>
  <member type="way" ref="1196770442" role="outer"/>
  <member type="way" ref="1207822356" role="outer"/>
  <member type="way" ref="1207822357" role="outer"/>
  <member type="way" ref="1323366226" role="outer"/>
  <member type="way" ref="372444292" role="outer"/>
  <member type="way" ref="39016200" role="outer"/>
  <member type="relation" ref="3072807" role="subarea"/>
  <member type="relation" ref="3072808" role="subarea"/>
  <member type="relation" ref="3072216" role="subarea"/>
  <member type="relation" ref="3072130" role="subarea"/>
  <member type="relation" ref="3072217" role="subarea"/>
  <member type="relation" ref="3072001" role="subarea"/>
  <member type="relation" ref="3390291" role="subarea"/>
  <member type="relation" ref="5460063" role="subarea"/>
  <tag k="admin_level" v="4"/>
  <tag k="alt_name:lv" v="Almati"/>
  <tag k="alt_name:nl" v="Alma-Ata"/>
  <tag k="alt_name:pt" v="Almati"/>
  <tag k="alt_name:ro" v="Almaty"/>
  <tag k="alt_name:ru" v="Алма-Ата"/>
  <tag k="boundary" v="administrative"/>
  <tag k="fixme" v="Уточнить границы города"/>
  <tag k="int_name" v="Almaty"/>
  <tag k="ISO3166-2" v="KZ-75"/>
  <tag k="name" v="Алматы"/>
  <tag k="name:af" v="Almati"/>
  <tag k="name:am" v="አልማቲ"/>
  <tag k="name:an" v="Almaty"/>
  <tag k="name:ar" v="ألماتي"/>
  <tag k="name:arz" v="الماتى"/>
  <tag k="name:ast" v="Almaty"/>
  <tag k="name:az" v="Almatı"/>
  <tag k="name:azb" v="آلماتی"/>
  <tag k="name:ba" v="Алматы"/>
  <tag k="name:be" v="Алматы"/>
  <tag k="name:be-tarask" v="Алматы"/>
  <tag k="name:bg" v="Алмати"/>
  <tag k="name:bn" v="আলমাতি"/>
  <tag k="name:bo" v="ཨཱལ་མ་ཊི།"/>
  <tag k="name:br" v="Almaty"/>
  <tag k="name:bs" v="Almati"/>
  <tag k="name:bxr" v="Алимта"/>
  <tag k="name:ca" v="Almati"/>
  <tag k="name:ce" v="Алма-Ата"/>
  <tag k="name:ceb" v="Almaty"/>
  <tag k="name:ckb" v="ئالماتی"/>
  <tag k="name:crh" v="Almatı"/>
  <tag k="name:cs" v="Almaty"/>
  <tag k="name:cv" v="Алматы"/>
  <tag k="name:da" v="Almaty"/>
  <tag k="name:de" v="Almaty"/>
  <tag k="name:el" v="Αλμάτι"/>
  <tag k="name:en" v="Almaty"/>
  <tag k="name:es" v="Almatý"/>
  <tag k="name:et" v="Almatõ"/>
  <tag k="name:eu" v="Almaty"/>
  <tag k="name:fa" v="آلماتی"/>
  <tag k="name:fi" v="Almaty"/>
  <tag k="name:fr" v="Almaty"/>
  <tag k="name:frp" v="Almaty"/>
  <tag k="name:frr" v="Almaty"/>
  <tag k="name:ga" v="Almaty"/>
  <tag k="name:gag" v="Almatı"/>
  <tag k="name:gd" v="Almaty"/>
  <tag k="name:gl" v="Almati"/>
  <tag k="name:he" v="אלמטי"/>
  <tag k="name:hi" v="अलमाती"/>
  <tag k="name:hr" v="Almati"/>
  <tag k="name:hsb" v="Almaty"/>
  <tag k="name:hu" v="Almati"/>
  <tag k="name:hy" v="Ալմաթի"/>
  <tag k="name:ia" v="Almaty"/>
  <tag k="name:id" v="Almaty"/>
  <tag k="name:ie" v="Almaty"/>
  <tag k="name:ilo" v="Almaty"/>
  <tag k="name:io" v="Almaty"/>
  <tag k="name:is" v="Almaty"/>
  <tag k="name:it" v="Almaty"/>
  <tag k="name:ja" v="アルマトイ"/>
  <tag k="name:ka" v="ალმათი"/>
  <tag k="name:kaa" v="Almatı"/>
  <tag k="name:kk" v="Алматы"/>
  <tag k="name:kk-Latn" v="Almaty qalasy"/>
  <tag k="name:ko" v="알마티"/>
  <tag k="name:ky" v="Алмата"/>
  <tag k="name:la" v="Almata"/>
  <tag k="name:lad" v="Almaty"/>
  <tag k="name:lbe" v="Алматы"/>
  <tag k="name:lez" v="Алма-Ата"/>
  <tag k="name:lij" v="Almaty"/>
  <tag k="name:lt" v="Almata"/>
  <tag k="name:lv" v="Almati"/>
  <tag k="name:mhr" v="Алматы"/>
  <tag k="name:mk" v="Алмати"/>
  <tag k="name:ml" v="അൽമാട്ടി"/>
  <tag k="name:mn" v="Алматы"/>
  <tag k="name:mr" v="अल्माटी"/>
  <tag k="name:mrj" v="Алма-Ата"/>
  <tag k="name:ms" v="Almaty"/>
  <tag k="name:nl" v="Almaty"/>
  <tag k="name:nn" v="Almaty"/>
  <tag k="name:no" v="Almaty"/>
  <tag k="name:oc" v="Almaty"/>
  <tag k="name:os" v="Алматы"/>
  <tag k="name:pa" v="ਅਲਮਾਟੀ"/>
  <tag k="name:pam" v="Almaty"/>
  <tag k="name:pap" v="Almaty"/>
  <tag k="name:pl" v="Ałmaty"/>
  <tag k="name:pnb" v="آلماتی"/>
  <tag k="name:prefix:ru" v="город"/>
  <tag k="name:ps" v="الماته"/>
  <tag k="name:pt" v="Almaty"/>
  <tag k="name:ro" v="Almatî"/>
  <tag k="name:ru" v="Алматы"/>
  <tag k="name:sah" v="Алматы"/>
  <tag k="name:sat" v="ᱟᱞᱢᱟᱴᱤ"/>
  <tag k="name:sc" v="Almaty"/>
  <tag k="name:scn" v="Almaty"/>
  <tag k="name:sco" v="Almaty"/>
  <tag k="name:sh" v="Almati"/>
  <tag k="name:sk" v="Alma-Ata"/>
  <tag k="name:sl" v="Almati"/>
  <tag k="name:sq" v="Almaty"/>
  <tag k="name:sr" v="Алмати"/>
  <tag k="name:sv" v="Almaty"/>
  <tag k="name:sw" v="Almaty"/>
  <tag k="name:szl" v="Ałmaty"/>
  <tag k="name:ta" v="அல்மாத்தி"/>
  <tag k="name:tg" v="Алматӣ"/>
  <tag k="name:th" v="อัลมาเตอ"/>
  <tag k="name:tk" v="Almaty"/>
  <tag k="name:tl" v="Almaty"/>
  <tag k="name:tr" v="Almatı"/>
  <tag k="name:tt" v="Алматы"/>
  <tag k="name:tyv" v="Алматы"/>
  <tag k="name:udm" v="Алматы"/>
  <tag k="name:ug" v="ئالمۇتا"/>
  <tag k="name:uk" v="Алмати"/>
  <tag k="name:ur" v="الماتی"/>
  <tag k="name:uz" v="Olmaota"/>
  <tag k="name:vep" v="Almati"/>
  <tag k="name:vi" v="Almaty"/>
  <tag k="name:war" v="Almaty"/>
  <tag k="name:wuu" v="阿拉木图"/>
  <tag k="name:xmf" v="ალმათი"/>
  <tag k="name:yi" v="אלמאטיע"/>
  <tag k="name:yo" v="Almaty"/>
  <tag k="name:yue" v="阿拉木圖"/>
  <tag k="name:zh" v="阿拉木图"/>
  <tag k="old_name" v="Verniys Alma-Ata"/>
  <tag k="old_name2:ru" v="Верный"/>
  <tag k="old_name3:ru" v="Заилийский"/>
  <tag k="old_name:ru" v="Алма-Ата"/>
  <tag k="place" v="city"/>
  <tag k="population" v="1475400"/>
  <tag k="population:date" v="2013-01-01"/>
  <tag k="source:name:oc" v="Lo Congrès"/>
  <tag k="source:name:ru" v="http://www.almaty.kz/page.php?lang=1"/>
  <tag k="source:population" v="http://www.stat.kz/publishing/20131/%D0%9A%D0%B0%D0%B7.%20%D0%B2%20%D1%86%D0%B8%D1%84%D1%80%D0%B0%D1%85_%D1%80%D1%83%D1%81.pdf"/>
  <tag k="timezone" v="Asia/Almaty"/>
  <tag k="type" v="boundary"/>
  <tag k="wikidata" v="Q35493"/>
  <tag k="wikipedia" v="ru:Алма-Ата"/>
 </relation>
 <relation id="2822796" visible="true" version="497" changeset="164804542" timestamp="2025-04-11T08:43:21Z" user="moszkva ter" uid="495146">
  <member type="way" ref="1205701733" role=""/>
  <member type="way" ref="1205701734" role=""/>
  <member type="way" ref="1210673737" role=""/>
  <member type="way" ref="1205701732" role=""/>
  <member type="way" ref="877471994" role=""/>
  <member type="way" ref="889177865" role=""/>
  <member type="way" ref="45181259" role=""/>
  <member type="way" ref="1017047841" role=""/>
  <member type="way" ref="1017047840" role=""/>
  <member type="way" ref="370043270" role=""/>
  <member type="way" ref="370043267" role=""/>
  <member type="way" ref="42559343" role=""/>
  <member type="way" ref="262826536" role=""/>
  <member type="way" ref="983183737" role=""/>
  <member type="way" ref="706995782" role=""/>
  <member type="way" ref="706936490" role=""/>
  <member type="way" ref="262826535" role=""/>
  <member type="way" ref="42444731" role=""/>
  <member type="way" ref="1028559125" role=""/>
  <member type="way" ref="1028559126" role=""/>
  <member type="way" ref="42444766" role=""/>
  <member type="way" ref="1276119706" role=""/>
  <member type="way" ref="1276119710" role=""/>
  <member type="way" ref="1089492600" role=""/>
  <member type="way" ref="481329152" role=""/>
  <member type="way" ref="1022557976" role=""/>
  <member type="way" ref="48699986" role=""/>
  <member type="way" ref="42254885" role="forward"/>
  <member type="way" ref="1355658507" role="forward"/>
  <member type="way" ref="424692112" role=""/>
  <member type="way" ref="1217684977" role=""/>
  <member type="way" ref="424692113" role=""/>
  <member type="way" ref="42541580" role=""/>
  <member type="way" ref="167447459" role=""/>
  <member type="way" ref="1036813363" role=""/>
  <member type="way" ref="1036813364" role=""/>
  <member type="way" ref="167447451" role=""/>
  <member type="way" ref="167447453" role=""/>
  <member type="way" ref="167447454" role=""/>
  <member type="way" ref="1204196171" role=""/>
  <member type="way" ref="22661171" role=""/>
  <member type="way" ref="1376680835" role=""/>
  <member type="way" ref="1376680834" role=""/>
  <member type="way" ref="1355658502" role=""/>
  <member type="way" ref="1355658504" role=""/>
  <member type="way" ref="1355658503" role=""/>
  <member type="way" ref="1355658501" role=""/>
  <member type="way" ref="706941924" role=""/>
  <member type="way" ref="210192032" role=""/>
  <member type="way" ref="1355658505" role=""/>
  <member type="way" ref="881312708" role=""/>
  <member type="way" ref="881312707" role=""/>
  <member type="way" ref="881311201" role=""/>
  <member type="way" ref="881311200" role=""/>
  <member type="way" ref="210192028" role=""/>
  <member type="way" ref="881296027" role=""/>
  <member type="way" ref="881296028" role=""/>
  <member type="way" ref="210192029" role=""/>
  <member type="way" ref="1363299123" role=""/>
  <member type="way" ref="1363299122" role=""/>
  <member type="way" ref="210192026" role=""/>
  <member type="way" ref="22661609" role=""/>
  <member type="way" ref="185785391" role=""/>
  <member type="way" ref="210205335" role=""/>
  <member type="way" ref="210205336" role=""/>
  <member type="way" ref="48704069" role=""/>
  <member type="way" ref="48704076" role=""/>
  <member type="way" ref="42551700" role=""/>
  <member type="way" ref="1355653179" role=""/>
  <member type="way" ref="44427268" role=""/>
  <member type="way" ref="1090459073" role=""/>
  <member type="way" ref="173666126" role=""/>
  <member type="way" ref="191114553" role=""/>
  <member type="way" ref="409292751" role=""/>
  <member type="way" ref="409292749" role=""/>
  <member type="way" ref="42855772" role=""/>
  <member type="way" ref="41817791" role=""/>
  <member type="way" ref="71912135" role="backward"/>
  <member type="way" ref="232619424" role="forward"/>
  <member type="way" ref="73231702" role="forward"/>
  <member type="way" ref="232619419" role="forward"/>
  <member type="way" ref="44731606" role="forward"/>
  <member type="way" ref="73231751" role=""/>
  <member type="way" ref="28756682" role=""/>
  <member type="way" ref="44523741" role=""/>
  <member type="way" ref="44137601" role=""/>
  <member type="way" ref="1376682960" role=""/>
  <member type="way" ref="42444624" role=""/>
  <member type="way" ref="902643644" role=""/>
  <member type="way" ref="902643645" role=""/>
  <member type="way" ref="22753909" role=""/>
  <member type="way" ref="519403504" role=""/>
  <member type="way" ref="22753880" role=""/>
  <member type="way" ref="518595551" role=""/>
  <member type="way" ref="518595552" role=""/>
  <member type="way" ref="486148311" role=""/>
  <member type="way" ref="486148312" role=""/>
  <member type="way" ref="756499932" role=""/>
  <member type="way" ref="22753350" role=""/>
  <member type="way" ref="22753346" role=""/>
  <member type="way" ref="45016792" role=""/>
  <member type="way" ref="486284596" role=""/>
  <member type="way" ref="486284597" role=""/>
  <member type="way" ref="45016793" role=""/>
  <member type="way" ref="22753343" role=""/>
  <member type="way" ref="45016982" role=""/>
  <member type="way" ref="45016984" role=""/>
  <member type="way" ref="45017045" role=""/>
  <member type="way" ref="45017043" role=""/>
  <member type="way" ref="510189180" role=""/>
  <member type="way" ref="510189173" role=""/>
  <member type="way" ref="510189177" role=""/>
  <member type="way" ref="510189182" role=""/>
  <member type="way" ref="510189168" role=""/>
  <member type="way" ref="510189170" role=""/>
  <member type="way" ref="173697303" role="forward"/>
  <member type="way" ref="121814472" role="forward"/>
  <member type="way" ref="121814469" role="forward"/>
  <member type="way" ref="385419779" role="forward"/>
  <member type="way" ref="385419778" role="forward"/>
  <member type="way" ref="121814473" role="forward"/>
  <member type="way" ref="195002402" role="forward"/>
  <member type="way" ref="195002403" role="forward"/>
  <member type="way" ref="210384560" role="forward"/>
  <member type="way" ref="210384545" role="forward"/>
  <member type="way" ref="210384564" role="forward"/>
  <member type="way" ref="432832067" role="forward"/>
  <member type="way" ref="432832066" role="forward"/>
  <member type="way" ref="210384548" role="forward"/>
  <member type="way" ref="252915989" role="forward"/>
  <member type="way" ref="210384571" role="forward"/>
  <member type="way" ref="210384573" role="forward"/>
  <member type="way" ref="121814470" role="forward"/>
  <member type="way" ref="385419777" role="forward"/>
  <member type="way" ref="385419776" role="forward"/>
  <member type="way" ref="121814468" role="forward"/>
  <member type="way" ref="42553155" role="forward"/>
  <member type="way" ref="173697302" role="forward"/>
  <member type="way" ref="210410703" role=""/>
  <member type="way" ref="666651872" role=""/>
  <member type="way" ref="500337390" role="forward"/>
  <member type="way" ref="1241966014" role="forward"/>
  <member type="way" ref="1241966013" role="forward"/>
  <member type="way" ref="500337385" role="forward"/>
  <member type="way" ref="500337389" role="forward"/>
  <member type="way" ref="500337387" role="forward"/>
  <member type="way" ref="500337388" role="forward"/>
  <member type="way" ref="693583747" role="forward"/>
  <member type="way" ref="1095521905" role="forward"/>
  <member type="way" ref="1095521908" role="forward"/>
  <member type="way" ref="1095521907" role="forward"/>
  <member type="way" ref="1095521906" role="forward"/>
  <member type="way" ref="360725442" role="forward"/>
  <member type="way" ref="500644460" role="forward"/>
  <member type="way" ref="500644463" role="forward"/>
  <member type="way" ref="360729438" role="forward"/>
  <member type="way" ref="500375638" role="forward"/>
  <member type="way" ref="500375635" role="forward"/>
  <member type="way" ref="500375636" role="forward"/>
  <member type="way" ref="500375637" role="forward"/>
  <member type="way" ref="500375634" role="forward"/>
  <member type="way" ref="173767296" role="forward"/>
  <member type="way" ref="233519383" role="forward"/>
  <member type="way" ref="393483248" role="forward"/>
  <member type="way" ref="387504309" role="forward"/>
  <member type="way" ref="435273553" role="forward"/>
  <member type="way" ref="387504308" role="forward"/>
  <member type="way" ref="197048142" role="forward"/>
  <member type="way" ref="197048144" role="forward"/>
  <member type="way" ref="197278776" role="forward"/>
  <member type="way" ref="197051854" role="forward"/>
  <member type="way" ref="231679712" role="forward"/>
  <member type="way" ref="231679737" role="forward"/>
  <member type="way" ref="197051831" role="forward"/>
  <member type="way" ref="122666708" role="forward"/>
  <member type="way" ref="597252408" role="forward"/>
  <member type="way" ref="597252402" role="forward"/>
  <member type="way" ref="597252397" role="forward"/>
  <member type="way" ref="122666710" role="forward"/>
  <member type="way" ref="122666715" role="forward"/>
  <member type="way" ref="45767061" role="forward"/>
  <member type="way" ref="385772298" role="forward"/>
  <member type="way" ref="385772296" role="forward"/>
  <member type="way" ref="1241304227" role="forward"/>
  <member type="way" ref="42555094" role="forward"/>
  <member type="way" ref="355291899" role="forward"/>
  <member type="way" ref="163918089" role="forward"/>
  <member type="way" ref="42555084" role="forward"/>
  <member type="way" ref="376252081" role="forward"/>
  <member type="way" ref="376252082" role="forward"/>
  <member type="way" ref="376257853" role="forward"/>
  <member type="way" ref="1375059124" role="forward"/>
  <member type="way" ref="1375059123" role="forward"/>
  <member type="way" ref="376252080" role="forward"/>
  <member type="way" ref="536081667" role="forward"/>
  <member type="way" ref="536894353" role="forward"/>
  <member type="way" ref="1081825893" role="forward"/>
  <member type="way" ref="1082563300" role="forward"/>
  <member type="way" ref="1081825895" role="forward"/>
  <member type="way" ref="42555064" role="forward"/>
  <member type="way" ref="42555039" role="forward"/>
  <member type="way" ref="539899689" role="forward"/>
  <member type="way" ref="539899687" role="forward"/>
  <member type="way" ref="349817320" role="forward"/>
  <member type="way" ref="26473729" role="forward"/>
  <member type="way" ref="26473730" role="forward"/>
  <member type="way" ref="211082886" role=""/>
  <member type="way" ref="49091901" role=""/>
  <member type="way" ref="49091902" role=""/>
  <member type="way" ref="293057493" role=""/>
  <member type="way" ref="1066215239" role=""/>
  <member type="way" ref="1066215240" role=""/>
  <member type="way" ref="656282109" role=""/>
  <member type="way" ref="260084379" role="forward"/>
  <member type="way" ref="1374187820" role="forward"/>
  <member type="way" ref="22565056" role=""/>
  <member type="way" ref="539901014" role="forward"/>
  <member type="way" ref="539901012" role="forward"/>
  <member type="way" ref="42553005" role="forward"/>
  <member type="way" ref="122660404" role="forward"/>
  <member type="way" ref="698239593" role="forward"/>
  <member type="way" ref="124041675" role="forward"/>
  <member type="way" ref="539897096" role="forward"/>
  <member type="way" ref="539897097" role="forward"/>
  <member type="way" ref="122660406" role="forward"/>
  <member type="way" ref="1081825896" role="forward"/>
  <member type="way" ref="1081825894" role="forward"/>
  <member type="way" ref="539896967" role="forward"/>
  <member type="way" ref="539896966" role="forward"/>
  <member type="way" ref="539896969" role="forward"/>
  <member type="way" ref="539896968" role="forward"/>
  <member type="way" ref="122660405" role="forward"/>
  <member type="way" ref="1375059122" role="forward"/>
  <member type="way" ref="376252083" role="forward"/>
  <member type="way" ref="363896047" role="forward"/>
  <member type="way" ref="376252084" role="forward"/>
  <member type="way" ref="117908040" role="forward"/>
  <member type="way" ref="163918090" role="forward"/>
  <member type="way" ref="349794665" role="forward"/>
  <member type="way" ref="122666716" role="forward"/>
  <member type="way" ref="385772299" role="forward"/>
  <member type="way" ref="385772297" role="forward"/>
  <member type="way" ref="42554868" role="forward"/>
  <member type="way" ref="42553754" role="forward"/>
  <member type="way" ref="42553752" role="forward"/>
  <member type="way" ref="597252391" role="forward"/>
  <member type="way" ref="45766855" role="forward"/>
  <member type="way" ref="197051850" role="forward"/>
  <member type="way" ref="231679717" role="forward"/>
  <member type="way" ref="231679736" role="forward"/>
  <member type="way" ref="197048157" role="forward"/>
  <member type="way" ref="197278771" role="forward"/>
  <member type="way" ref="197278789" role="forward"/>
  <member type="way" ref="42553641" role="forward"/>
  <member type="way" ref="435273554" role="forward"/>
  <member type="way" ref="348451942" role="forward"/>
  <member type="way" ref="42553462" role="forward"/>
  <member type="way" ref="233519398" role="forward"/>
  <member type="way" ref="233519360" role="forward"/>
  <member type="way" ref="393483249" role="forward"/>
  <member type="way" ref="210410704" role="forward"/>
  <member type="way" ref="210410695" role="forward"/>
  <member type="way" ref="393575824" role="forward"/>
  <member type="way" ref="393575825" role="forward"/>
  <member type="way" ref="500329281" role="forward"/>
  <member type="way" ref="500644462" role="forward"/>
  <member type="way" ref="500644464" role="forward"/>
  <member type="way" ref="360728619" role="forward"/>
  <member type="way" ref="360725413" role="forward"/>
  <member type="way" ref="1095521900" role="forward"/>
  <member type="way" ref="1095521903" role="forward"/>
  <member type="way" ref="1095521904" role="forward"/>
  <member type="way" ref="1095521899" role="forward"/>
  <member type="way" ref="385737574" role=""/>
  <member type="way" ref="500337386" role="forward"/>
  <member type="way" ref="210410690" role="forward"/>
  <member type="way" ref="210410701" role="forward"/>
  <member type="way" ref="190443298" role="forward"/>
  <member type="way" ref="1108415072" role="forward"/>
  <member type="way" ref="1108415073" role="forward"/>
  <member type="way" ref="190443289" role="forward"/>
  <member type="way" ref="210384565" role=""/>
  <member type="way" ref="210384559" role="forward"/>
  <member type="way" ref="210384561" role="forward"/>
  <member type="way" ref="210384562" role=""/>
  <member type="way" ref="210384567" role="forward"/>
  <member type="way" ref="385410909" role=""/>
  <member type="way" ref="385410910" role=""/>
  <member type="way" ref="210384570" role=""/>
  <member type="way" ref="381768906" role=""/>
  <member type="way" ref="381768911" role=""/>
  <member type="way" ref="1114863297" role=""/>
  <member type="way" ref="232619386" role="forward"/>
  <member type="way" ref="432832069" role="forward"/>
  <member type="way" ref="708081553" role="forward"/>
  <member type="way" ref="432832070" role="forward"/>
  <member type="way" ref="246168349" role=""/>
  <member type="way" ref="432832071" role=""/>
  <member type="way" ref="1114863294" role=""/>
  <member type="way" ref="42552909" role="forward"/>
  <member type="way" ref="232619377" role="forward"/>
  <member type="way" ref="42552890" role="forward"/>
  <member type="way" ref="246168348" role=""/>
  <member type="way" ref="1235168559" role=""/>
  <member type="way" ref="42552843" role=""/>
  <member type="way" ref="42552842" role=""/>
  <member type="way" ref="1376126119" role=""/>
  <member type="way" ref="1376126120" role=""/>
  <member type="way" ref="210367587" role="forward"/>
  <member type="way" ref="232619396" role="forward"/>
  <member type="way" ref="210367589" role="forward"/>
  <member type="way" ref="210367593" role="forward"/>
  <member type="way" ref="232619374" role="forward"/>
  <member type="way" ref="210367582" role="forward"/>
  <member type="way" ref="1080286596" role=""/>
  <member type="way" ref="1080286597" role=""/>
  <member type="way" ref="210367615" role=""/>
  <member type="way" ref="1376126123" role=""/>
  <member type="way" ref="42552823" role=""/>
  <member type="way" ref="42553221" role=""/>
  <member type="way" ref="779245203" role=""/>
  <member type="way" ref="779245202" role=""/>
  <member type="way" ref="42552809" role=""/>
  <member type="way" ref="42552806" role=""/>
  <member type="way" ref="42552761" role=""/>
  <member type="way" ref="42552760" role=""/>
  <member type="way" ref="389726390" role=""/>
  <member type="way" ref="89268043" role=""/>
  <member type="way" ref="1067265151" role=""/>
  <member type="way" ref="89268049" role=""/>
  <member type="way" ref="42553258" role=""/>
  <member type="way" ref="1092207768" role=""/>
  <member type="way" ref="1092207769" role=""/>
  <member type="way" ref="42552512" role=""/>
  <member type="way" ref="89268052" role=""/>
  <member type="way" ref="766160373" role=""/>
  <member type="way" ref="766160372" role=""/>
  <member type="way" ref="42552461" role=""/>
  <member type="way" ref="766157904" role=""/>
  <member type="way" ref="766157903" role=""/>
  <member type="way" ref="1097440537" role=""/>
  <member type="way" ref="42552446" role=""/>
  <member type="way" ref="1148771043" role=""/>
  <member type="way" ref="1148771042" role=""/>
  <member type="way" ref="1148771046" role=""/>
  <member type="way" ref="42552420" role=""/>
  <member type="way" ref="210345971" role=""/>
  <member type="way" ref="42552398" role=""/>
  <member type="way" ref="1376476158" role="forward"/>
  <member type="way" ref="232619375" role="forward"/>
  <member type="way" ref="232619382" role="forward"/>
  <member type="way" ref="1157371682" role=""/>
  <member type="way" ref="1157371680" role=""/>
  <member type="way" ref="42559221" role=""/>
  <member type="way" ref="1157371683" role=""/>
  <member type="way" ref="538627416" role="forward"/>
  <member type="way" ref="1243036653" role="forward"/>
  <member type="way" ref="1243036650" role="forward"/>
  <member type="way" ref="1243036652" role="forward"/>
  <member type="way" ref="42652687" role="forward"/>
  <member type="way" ref="353201970" role="forward"/>
  <member type="way" ref="353201972" role="forward"/>
  <member type="way" ref="233390094" role="forward"/>
  <member type="way" ref="233390095" role="forward"/>
  <member type="way" ref="222091939" role="forward"/>
  <member type="way" ref="440509810" role="forward"/>
  <member type="way" ref="440509809" role="forward"/>
  <member type="way" ref="222005941" role="forward"/>
  <member type="way" ref="257307319" role="forward"/>
  <member type="way" ref="1136669514" role="forward"/>
  <member type="way" ref="1136669515" role="forward"/>
  <member type="way" ref="237913659" role="forward"/>
  <member type="way" ref="367419993" role="forward"/>
  <member type="way" ref="230249297" role="forward"/>
  <member type="way" ref="230249305" role="forward"/>
  <member type="way" ref="372060638" role="forward"/>
  <member type="way" ref="209907554" role="forward"/>
  <member type="way" ref="659669314" role="forward"/>
  <member type="way" ref="394954729" role="forward"/>
  <member type="way" ref="431386944" role="forward"/>
  <member type="way" ref="124982795" role="forward"/>
  <member type="way" ref="1183322130" role="forward"/>
  <member type="way" ref="538627149" role="forward"/>
  <member type="way" ref="385204718" role="forward"/>
  <member type="way" ref="1207264340" role="forward"/>
  <member type="way" ref="1207264341" role="forward"/>
  <member type="way" ref="538627409" role="forward"/>
  <member type="way" ref="1192754867" role="forward"/>
  <member type="way" ref="365722736" role="forward"/>
  <member type="way" ref="1192754864" role="forward"/>
  <member type="way" ref="385204719" role="forward"/>
  <member type="way" ref="311211584" role="forward"/>
  <member type="way" ref="1184004398" role="forward"/>
  <member type="way" ref="301511266" role="forward"/>
  <member type="way" ref="125591264" role="forward"/>
  <member type="way" ref="1087397080" role="forward"/>
  <member type="way" ref="230093586" role="forward"/>
  <member type="way" ref="27009404" role="forward"/>
  <member type="way" ref="444338377" role="forward"/>
  <member type="way" ref="23456588" role="forward"/>
  <member type="way" ref="590916716" role="forward"/>
  <member type="way" ref="590916717" role="forward"/>
  <member type="way" ref="590916718" role="forward"/>
  <member type="way" ref="590916719" role="forward"/>
  <member type="way" ref="124982794" role="forward"/>
  <member type="way" ref="185869342" role="forward"/>
  <member type="way" ref="618941616" role="forward"/>
  <member type="way" ref="618941617" role="forward"/>
  <member type="way" ref="911144518" role="forward"/>
  <member type="way" ref="1225631132" role="forward"/>
  <member type="way" ref="911144109" role="forward"/>
  <member type="way" ref="911144110" role="forward"/>
  <member type="way" ref="335064421" role="forward"/>
  <member type="way" ref="911142928" role="forward"/>
  <member type="way" ref="911142929" role="forward"/>
  <member type="way" ref="1085491091" role="forward"/>
  <member type="way" ref="1085491090" role="forward"/>
  <member type="way" ref="335064418" role="forward"/>
  <member type="way" ref="335064422" role="forward"/>
  <member type="way" ref="27461543" role="forward"/>
  <member type="way" ref="49854532" role="forward"/>
  <member type="way" ref="539905162" role="forward"/>
  <member type="way" ref="324837521" role="forward"/>
  <member type="way" ref="431352733" role="forward"/>
  <member type="way" ref="1225633231" role="forward"/>
  <member type="way" ref="475615480" role="forward"/>
  <member type="way" ref="256777852" role="forward"/>
  <member type="way" ref="475615485" role="forward"/>
  <member type="way" ref="235093974" role="forward"/>
  <member type="way" ref="431367454" role="forward"/>
  <member type="way" ref="215413678" role="forward"/>
  <member type="way" ref="539903805" role=""/>
  <member type="way" ref="215413698" role="forward"/>
  <member type="way" ref="27461544" role="forward"/>
  <member type="way" ref="255949030" role="forward"/>
  <member type="way" ref="255949029" role="forward"/>
  <member type="way" ref="257566719" role="forward"/>
  <member type="way" ref="429934937" role="forward"/>
  <member type="way" ref="475615484" role="forward"/>
  <member type="way" ref="257566717" role="forward"/>
  <member type="way" ref="256777849" role=""/>
  <member type="way" ref="257692761" role="forward"/>
  <member type="way" ref="431360222" role="forward"/>
  <member type="way" ref="1225633232" role="forward"/>
  <member type="way" ref="431352734" role="forward"/>
  <member type="way" ref="257692759" role="forward"/>
  <member type="way" ref="1085960582" role="forward"/>
  <member type="way" ref="26901999" role="forward"/>
  <member type="way" ref="260093826" role="forward"/>
  <member type="way" ref="335064417" role="forward"/>
  <member type="way" ref="1085491092" role="forward"/>
  <member type="way" ref="1085491093" role="forward"/>
  <member type="way" ref="335064420" role="forward"/>
  <member type="way" ref="1085598340" role="forward"/>
  <member type="way" ref="532912453" role="forward"/>
  <member type="way" ref="911144108" role="forward"/>
  <member type="way" ref="911144517" role="forward"/>
  <member type="way" ref="618941615" role="route"/>
  <member type="way" ref="467823817" role=""/>
  <member type="way" ref="405890627" role="route"/>
  <member type="way" ref="467823832" role="route"/>
  <member type="way" ref="441708231" role="forward"/>
  <member type="way" ref="23456586" role="forward"/>
  <member type="way" ref="22735404" role="forward"/>
  <member type="way" ref="314773016" role="forward"/>
  <member type="way" ref="314773011" role="forward"/>
  <member type="way" ref="314773012" role="forward"/>
  <member type="way" ref="314773018" role="forward"/>
  <member type="way" ref="1087397078" role="forward"/>
  <member type="way" ref="281770156" role="forward"/>
  <member type="way" ref="281770154" role="forward"/>
  <member type="way" ref="281770149" role="forward"/>
  <member type="way" ref="1183981714" role="forward"/>
  <member type="way" ref="307906328" role="forward"/>
  <member type="way" ref="385204722" role="forward"/>
  <member type="way" ref="538627418" role="forward"/>
  <member type="way" ref="538627419" role="forward"/>
  <member type="way" ref="1192754865" role="forward"/>
  <member type="way" ref="365722735" role="forward"/>
  <member type="way" ref="1192754866" role="forward"/>
  <member type="way" ref="538627413" role="forward"/>
  <member type="way" ref="888267359" role="forward"/>
  <member type="way" ref="538627402" role="forward"/>
  <member type="way" ref="1183322131" role="forward"/>
  <member type="way" ref="1365376020" role="forward"/>
  <member type="way" ref="538627150" role="forward"/>
  <member type="way" ref="42652683" role="forward"/>
  <member type="way" ref="240501971" role="forward"/>
  <member type="way" ref="1312107540" role="forward"/>
  <member type="way" ref="372060640" role="forward"/>
  <member type="way" ref="209907553" role="forward"/>
  <member type="way" ref="230249294" role="forward"/>
  <member type="way" ref="230249301" role="forward"/>
  <member type="way" ref="367419992" role="forward"/>
  <member type="way" ref="1136669513" role="forward"/>
  <member type="way" ref="1136669512" role="forward"/>
  <member type="way" ref="257307320" role="forward"/>
  <member type="way" ref="257307318" role="forward"/>
  <member type="way" ref="1241282987" role="forward"/>
  <member type="way" ref="445530270" role="forward"/>
  <member type="way" ref="445530271" role="forward"/>
  <member type="way" ref="444625555" role="forward"/>
  <member type="way" ref="444625556" role="forward"/>
  <member type="way" ref="222091940" role="forward"/>
  <member type="way" ref="222028968" role="forward"/>
  <member type="way" ref="233390093" role="forward"/>
  <member type="way" ref="233390096" role="forward"/>
  <member type="way" ref="89555200" role="forward"/>
  <member type="way" ref="353201971" role="forward"/>
  <member type="way" ref="1217686713" role="forward"/>
  <member type="way" ref="1217686714" role="forward"/>
  <member type="way" ref="1217686715" role="forward"/>
  <member type="way" ref="647760099" role="forward"/>
  <member type="way" ref="353201965" role="forward"/>
  <member type="way" ref="1116310973" role=""/>
  <member type="way" ref="1116306283" role=""/>
  <member type="way" ref="1116310984" role=""/>
  <member type="way" ref="431406195" role=""/>
  <member type="way" ref="1116306288" role=""/>
  <member type="way" ref="89555201" role=""/>
  <member type="way" ref="669458632" role=""/>
  <member type="way" ref="1283578710" role=""/>
  <member type="way" ref="367420991" role=""/>
  <member type="way" ref="692701613" role=""/>
  <member type="way" ref="367421294" role=""/>
  <member type="way" ref="89555202" role=""/>
  <member type="way" ref="1231039128" role=""/>
  <member type="way" ref="1091662254" role=""/>
  <member type="way" ref="669457173" role="forward"/>
  <member type="way" ref="692698814" role="forward"/>
  <member type="way" ref="1369922948" role="forward"/>
  <member type="way" ref="435446182" role=""/>
  <member type="way" ref="488844154" role=""/>
  <member type="way" ref="692720476" role=""/>
  <member type="way" ref="544311256" role=""/>
  <member type="way" ref="544311255" role=""/>
  <member type="way" ref="544311254" role=""/>
  <member type="way" ref="544311253" role=""/>
  <member type="way" ref="692720922" role=""/>
  <member type="way" ref="394065533" role=""/>
  <member type="way" ref="692720919" role=""/>
  <member type="way" ref="394065538" role=""/>
  <member type="way" ref="684903843" role=""/>
  <member type="way" ref="489006141" role=""/>
  <member type="way" ref="493689656" role=""/>
  <member type="way" ref="493689654" role=""/>
  <member type="way" ref="489006144" role=""/>
  <member type="way" ref="489089179" role=""/>
  <member type="way" ref="489089183" role=""/>
  <member type="way" ref="233385530" role=""/>
  <member type="way" ref="394525219" role=""/>
  <member type="way" ref="394525218" role=""/>
  <member type="way" ref="233385532" role=""/>
  <member type="way" ref="233385528" role=""/>
  <member type="way" ref="250742673" role=""/>
  <member type="way" ref="250742674" role=""/>
  <member type="way" ref="189791822" role=""/>
  <member type="way" ref="233390462" role=""/>
  <member type="way" ref="298774114" role=""/>
  <member type="way" ref="298774115" role=""/>
  <member type="way" ref="233700940" role=""/>
  <member type="way" ref="489008079" role=""/>
  <member type="way" ref="233385526" role=""/>
  <member type="way" ref="242811628" role=""/>
  <member type="way" ref="242811629" role=""/>
  <member type="way" ref="233700939" role=""/>
  <member type="way" ref="233700938" role=""/>
  <member type="way" ref="233385536" role=""/>
  <member type="way" ref="250780820" role=""/>
  <member type="way" ref="250780819" role=""/>
  <member type="way" ref="250780818" role=""/>
  <member type="way" ref="353192602" role=""/>
  <member type="way" ref="391745296" role=""/>
  <member type="way" ref="324691991" role=""/>
  <member type="way" ref="250780822" role=""/>
  <member type="way" ref="242813541" role=""/>
  <member type="way" ref="250776093" role=""/>
  <member type="way" ref="250780825" role=""/>
  <member type="way" ref="250780823" role=""/>
  <member type="way" ref="352368180" role=""/>
  <member type="way" ref="352368179" role="forward"/>
  <member type="way" ref="352368188" role=""/>
  <member type="way" ref="352368183" role=""/>
  <member type="way" ref="352368178" role=""/>
  <member type="way" ref="376198935" role=""/>
  <member type="way" ref="376198936" role=""/>
  <member type="way" ref="376198938" role=""/>
  <member type="way" ref="376198937" role=""/>
  <member type="way" ref="467458091" role=""/>
  <member type="way" ref="467458092" role=""/>
  <member type="way" ref="352368738" role=""/>
  <member type="way" ref="352368736" role=""/>
  <member type="way" ref="352378103" role=""/>
  <member type="way" ref="352368733" role=""/>
  <member type="way" ref="352368744" role=""/>
  <member type="way" ref="352378105" role=""/>
  <member type="way" ref="376025334" role=""/>
  <member type="way" ref="376025333" role=""/>
  <member type="way" ref="352368740" role=""/>
  <member type="way" ref="352368749" role=""/>
  <member type="way" ref="352379535" role="forward"/>
  <member type="way" ref="352379547" role="forward"/>
  <member type="way" ref="376196253" role=""/>
  <member type="way" ref="497818340" role=""/>
  <member type="way" ref="435272562" role="forward"/>
  <member type="way" ref="435272561" role="forward"/>
  <member type="way" ref="250847292" role="forward"/>
  <member type="way" ref="428789563" role="forward"/>
  <member type="way" ref="428789562" role="forward"/>
  <member type="way" ref="358614902" role="forward"/>
  <member type="way" ref="358597311" role="forward"/>
  <member type="way" ref="358597310" role="forward"/>
  <member type="way" ref="358614904" role="forward"/>
  <member type="way" ref="242819263" role="forward"/>
  <member type="way" ref="42790744" role="forward"/>
  <member type="way" ref="428789560" role="forward"/>
  <member type="way" ref="428789557" role="forward"/>
  <member type="way" ref="1372273860" role="forward"/>
  <member type="way" ref="1372273859" role="forward"/>
  <member type="way" ref="428789558" role="forward"/>
  <member type="way" ref="428789559" role="forward"/>
  <member type="way" ref="250847291" role="forward"/>
  <member type="way" ref="358614903" role="forward"/>
  <member type="way" ref="358597308" role="forward"/>
  <member type="way" ref="358597309" role="forward"/>
  <member type="way" ref="358614905" role="forward"/>
  <member type="way" ref="250847293" role="forward"/>
  <member type="way" ref="428789561" role="forward"/>
  <member type="way" ref="428789567" role="forward"/>
  <member type="way" ref="435272563" role="forward"/>
  <member type="way" ref="435272560" role="forward"/>
  <member type="way" ref="58402044" role="forward"/>
  <member type="way" ref="497818338" role=""/>
  <member type="way" ref="1243036655" role="forward"/>
  <member type="way" ref="1243036651" role="forward"/>
  <member type="way" ref="1243036654" role="forward"/>
  <member type="way" ref="365722737" role="forward"/>
  <member type="way" ref="89555199" role=""/>
  <member type="way" ref="669457705" role=""/>
  <member type="way" ref="1150162763" role=""/>
  <member type="way" ref="1177997981" role=""/>
  <member type="way" ref="1116306279" role=""/>
  <member type="way" ref="367420851" role=""/>
  <member type="way" ref="1159858005" role=""/>
  <member type="way" ref="367420852" role=""/>
  <member type="way" ref="488844240" role=""/>
  <member type="way" ref="488844241" role=""/>
  <member type="way" ref="1159858004" role=""/>
  <member type="way" ref="1116306274" role=""/>
  <member type="way" ref="1159984650" role=""/>
  <member type="way" ref="319466286" role=""/>
  <member type="way" ref="319466285" role=""/>
  <member type="way" ref="1159984651" role=""/>
  <member type="way" ref="367420849" role=""/>
  <member type="way" ref="113610832" role="forward"/>
  <member type="way" ref="232619347" role="forward"/>
  <member type="way" ref="139269482" role="forward"/>
  <member type="way" ref="113610822" role="forward"/>
  <member type="way" ref="113610831" role="forward"/>
  <member type="way" ref="113610837" role="forward"/>
  <member type="way" ref="137780871" role="forward"/>
  <member type="way" ref="137780873" role="forward"/>
  <member type="way" ref="113610827" role="forward"/>
  <member type="way" ref="417812314" role="forward"/>
  <member type="way" ref="417812309" role="forward"/>
  <member type="way" ref="113610823" role="forward"/>
  <member type="way" ref="1313106194" role="forward"/>
  <member type="way" ref="599766224" role="forward"/>
  <member type="way" ref="417812301" role="forward"/>
  <member type="way" ref="138583977" role="forward"/>
  <member type="way" ref="413115543" role="forward"/>
  <member type="way" ref="413115540" role="forward"/>
  <member type="way" ref="113610833" role="forward"/>
  <member type="way" ref="113610829" role="forward"/>
  <member type="way" ref="413106668" role="forward"/>
  <member type="way" ref="413106673" role="forward"/>
  <member type="way" ref="318052100" role="forward"/>
  <member type="way" ref="318052098" role="forward"/>
  <member type="way" ref="149786654" role="forward"/>
  <member type="way" ref="113610821" role="forward"/>
  <member type="way" ref="413106650" role="forward"/>
  <member type="way" ref="413106651" role="forward"/>
  <member type="way" ref="1313107820" role="forward"/>
  <member type="way" ref="413106643" role=""/>
  <member type="way" ref="413106641" role="forward"/>
  <member type="way" ref="413115547" role="forward"/>
  <member type="way" ref="413115546" role="forward"/>
  <member type="way" ref="413115551" role="forward"/>
  <member type="way" ref="413115550" role="forward"/>
  <member type="way" ref="413115554" role="forward"/>
  <member type="way" ref="413115555" role="forward"/>
  <member type="way" ref="413115558" role="forward"/>
  <member type="way" ref="413115571" role="forward"/>
  <member type="way" ref="413106638" role="forward"/>
  <member type="way" ref="460870559" role="forward"/>
  <member type="way" ref="413106629" role="forward"/>
  <member type="way" ref="413106632" role="forward"/>
  <member type="way" ref="413115576" role="forward"/>
  <member type="way" ref="413115590" role="forward"/>
  <member type="way" ref="415764359" role="forward"/>
  <member type="way" ref="415764355" role="forward"/>
  <member type="way" ref="415764366" role="forward"/>
  <member type="way" ref="549308211" role="forward"/>
  <member type="way" ref="460740729" role="forward"/>
  <member type="way" ref="460740723" role="forward"/>
  <member type="way" ref="22794296" role="forward"/>
  <member type="way" ref="330199566" role="forward"/>
  <member type="way" ref="660431369" role=""/>
  <member type="way" ref="889177860" role=""/>
  <member type="way" ref="889177866" role=""/>
  <member type="way" ref="889177862" role=""/>
  <member type="way" ref="1320749581" role=""/>
  <member type="way" ref="1320749580" role=""/>
  <member type="way" ref="660431396" role=""/>
  <member type="way" ref="1360638554" role=""/>
  <member type="way" ref="1360633445" role=""/>
  <member type="way" ref="1361717906" role=""/>
  <member type="way" ref="1360633452" role=""/>
  <member type="way" ref="119009506" role="forward"/>
  <member type="way" ref="232619422" role=""/>
  <member type="way" ref="119009493" role="forward"/>
  <member type="way" ref="137330060" role="forward"/>
  <member type="way" ref="119009501" role="forward"/>
  <member type="way" ref="232619421" role=""/>
  <member type="way" ref="232619423" role="forward"/>
  <member type="way" ref="137330059" role="forward"/>
  <member type="way" ref="20337421" role=""/>
  <member type="way" ref="1360638555" role=""/>
  <member type="way" ref="1360633453" role=""/>
  <member type="way" ref="892247422" role=""/>
  <member type="way" ref="892247421" role=""/>
  <member type="way" ref="892247424" role=""/>
  <member type="way" ref="892247425" role=""/>
  <member type="way" ref="1013335545" role=""/>
  <member type="way" ref="1199462123" role=""/>
  <member type="way" ref="1013335543" role=""/>
  <member type="way" ref="1013335544" role=""/>
  <member type="way" ref="205197565" role=""/>
  <member type="way" ref="205197555" role=""/>
  <member type="way" ref="242824088" role=""/>
  <member type="way" ref="692927644" role=""/>
  <member type="way" ref="352863907" role="forward"/>
  <member type="way" ref="352863906" role="forward"/>
  <member type="way" ref="352863903" role="forward"/>
  <member type="way" ref="355291901" role="forward"/>
  <member type="way" ref="352863900" role="forward"/>
  <member type="way" ref="352863892" role="forward"/>
  <member type="way" ref="352863905" role="forward"/>
  <member type="way" ref="352863891" role="forward"/>
  <member type="way" ref="497630954" role="forward"/>
  <member type="way" ref="497630956" role="forward"/>
  <member type="way" ref="352863904" role="forward"/>
  <member type="way" ref="497630962" role="forward"/>
  <member type="way" ref="497630960" role="forward"/>
  <member type="way" ref="497623601" role="forward"/>
  <member type="way" ref="497623606" role="forward"/>
  <member type="way" ref="352863902" role="forward"/>
  <member type="way" ref="497623604" role="forward"/>
  <member type="way" ref="497818339" role=""/>
  <member type="way" ref="497623594" role="forward"/>
  <member type="way" ref="497623593" role="backward"/>
  <member type="way" ref="298989225" role="forward"/>
  <member type="way" ref="298989226" role="forward"/>
  <member type="way" ref="298989224" role="forward"/>
  <member type="way" ref="497599572" role="forward"/>
  <member type="way" ref="497599591" role="forward"/>
  <member type="way" ref="139829423" role="forward"/>
  <member type="way" ref="301620757" role="forward"/>
  <member type="way" ref="482974174" role="forward"/>
  <member type="way" ref="482974169" role="forward"/>
  <member type="way" ref="482974171" role="forward"/>
  <member type="way" ref="497599617" role="forward"/>
  <member type="way" ref="1220167811" role="forward"/>
  <member type="way" ref="497599614" role="forward"/>
  <member type="way" ref="1220167812" role="forward"/>
  <member type="way" ref="482974172" role="forward"/>
  <member type="way" ref="482974168" role="forward"/>
  <member type="way" ref="482974173" role="forward"/>
  <member type="way" ref="482974166" role="forward"/>
  <member type="way" ref="139828765" role="forward"/>
  <member type="way" ref="139829399" role="forward"/>
  <member type="way" ref="139828846" role="forward"/>
  <member type="way" ref="80261966" role="forward"/>
  <member type="way" ref="298989223" role="forward"/>
  <member type="way" ref="138744219" role="forward"/>
  <member type="way" ref="42790746" role="forward"/>
  <member type="way" ref="137306594" role=""/>
  <member type="way" ref="137313921" role="forward"/>
  <member type="way" ref="42790656" role="forward"/>
  <member type="way" ref="497623602" role=""/>
  <member type="way" ref="137313938" role=""/>
  <member type="way" ref="497623605" role="forward"/>
  <member type="way" ref="497623603" role="forward"/>
  <member type="way" ref="137313937" role="forward"/>
  <member type="way" ref="497630963" role="forward"/>
  <member type="way" ref="497630961" role="forward"/>
  <member type="way" ref="233711935" role="forward"/>
  <member type="way" ref="497630955" role="forward"/>
  <member type="way" ref="497630957" role="forward"/>
  <member type="way" ref="119009500" role="forward"/>
  <member type="way" ref="138950228" role="forward"/>
  <member type="way" ref="1016074599" role="forward"/>
  <member type="way" ref="352863901" role="forward"/>
  <member type="way" ref="242824462" role="forward"/>
  <member type="way" ref="1117565364" role="forward"/>
  <member type="way" ref="242824087" role="forward"/>
  <member type="way" ref="298781448" role="forward"/>
  <member type="way" ref="352379544" role="forward"/>
  <member type="way" ref="352368193" role="forward"/>
  <member type="way" ref="352368195" role="forward"/>
  <member type="way" ref="352368145" role=""/>
  <member type="way" ref="250770928" role=""/>
  <member type="way" ref="250780824" role=""/>
  <member type="way" ref="250780826" role=""/>
  <member type="way" ref="199901515" role=""/>
  <member type="way" ref="1369972058" role=""/>
  <member type="way" ref="1369972057" role=""/>
  <member type="way" ref="242813539" role=""/>
  <member type="way" ref="211753881" role=""/>
  <member type="way" ref="324691982" role=""/>
  <member type="way" ref="250778192" role=""/>
  <member type="way" ref="31099730" role=""/>
  <member type="way" ref="233385537" role=""/>
  <member type="way" ref="324691986" role=""/>
  <member type="way" ref="207314383" role=""/>
  <member type="way" ref="250742676" role=""/>
  <member type="way" ref="250742672" role=""/>
  <member type="way" ref="250744199" role=""/>
  <member type="way" ref="250744200" role=""/>
  <member type="way" ref="489008080" role=""/>
  <member type="way" ref="250784909" role=""/>
  <member type="way" ref="250807392" role=""/>
  <member type="way" ref="298774113" role=""/>
  <member type="way" ref="298774112" role=""/>
  <member type="way" ref="250807391" role=""/>
  <member type="way" ref="250575884" role=""/>
  <member type="way" ref="250742675" role=""/>
  <member type="way" ref="250742677" role=""/>
  <member type="way" ref="250575881" role=""/>
  <member type="way" ref="250575882" role=""/>
  <member type="way" ref="394525220" role=""/>
  <member type="way" ref="489089182" role=""/>
  <member type="way" ref="489089181" role=""/>
  <member type="way" ref="489006143" role=""/>
  <member type="way" ref="493689655" role=""/>
  <member type="way" ref="493689657" role=""/>
  <member type="way" ref="489006142" role=""/>
  <member type="way" ref="207283662" role=""/>
  <member type="way" ref="684903950" role=""/>
  <member type="way" ref="692720920" role=""/>
  <member type="way" ref="692720475" role=""/>
  <member type="way" ref="692720921" role=""/>
  <member type="way" ref="544311252" role=""/>
  <member type="way" ref="544311251" role=""/>
  <member type="way" ref="544311258" role=""/>
  <member type="way" ref="544311257" role=""/>
  <member type="way" ref="692720477" role=""/>
  <member type="way" ref="488844152" role=""/>
  <member type="way" ref="1369922947" role=""/>
  <member type="way" ref="303006705" role=""/>
  <member type="way" ref="687735666" role=""/>
  <member type="way" ref="497603377" role=""/>
  <member type="way" ref="42790743" role=""/>
  <member type="way" ref="22565043" role=""/>
  <member type="way" ref="22565004" role=""/>
  <member type="way" ref="293057495" role=""/>
  <member type="way" ref="293057491" role=""/>
  <member type="way" ref="293057494" role=""/>
  <member type="way" ref="293057492" role=""/>
  <member type="way" ref="385410911" role=""/>
  <member type="way" ref="22753342" role=""/>
  <member type="way" ref="45017168" role=""/>
  <member type="way" ref="45017169" role=""/>
  <member type="way" ref="22753335" role=""/>
  <member type="way" ref="45017347" role=""/>
  <member type="way" ref="45017348" role=""/>
  <member type="way" ref="22753328" role=""/>
  <member type="way" ref="269268439" role=""/>
  <member type="way" ref="269268442" role=""/>
  <member type="way" ref="22753326" role=""/>
  <member type="way" ref="45017351" role=""/>
  <member type="way" ref="45017352" role=""/>
  <member type="way" ref="45017349" role=""/>
  <member type="way" ref="232619411" role=""/>
  <member type="way" ref="232619383" role=""/>
  <member type="way" ref="1176272695" role=""/>
  <member type="way" ref="45018388" role=""/>
  <member type="way" ref="45018391" role=""/>
  <member type="way" ref="45018393" role=""/>
  <member type="way" ref="45018395" role=""/>
  <member type="way" ref="45018398" role=""/>
  <member type="way" ref="45018399" role=""/>
  <member type="way" ref="45018400" role=""/>
  <member type="way" ref="45018402" role=""/>
  <member type="way" ref="45019934" role=""/>
  <member type="way" ref="45019933" role=""/>
  <member type="way" ref="45018491" role=""/>
  <member type="way" ref="687285094" role=""/>
  <member type="way" ref="687285095" role=""/>
  <member type="way" ref="48229070" role=""/>
  <member type="way" ref="355291898" role=""/>
  <member type="way" ref="1031028117" role=""/>
  <member type="way" ref="22794288" role="forward"/>
  <member type="way" ref="460740741" role="forward"/>
  <member type="way" ref="549308210" role="forward"/>
  <member type="way" ref="415764365" role="forward"/>
  <member type="way" ref="415764363" role="forward"/>
  <member type="way" ref="415764362" role="forward"/>
  <member type="way" ref="415764361" role="forward"/>
  <member type="way" ref="413115579" role="forward"/>
  <member type="way" ref="413115585" role="forward"/>
  <member type="way" ref="413106628" role="forward"/>
  <member type="way" ref="413106633" role=""/>
  <member type="way" ref="460870560" role=""/>
  <member type="way" ref="413106639" role=""/>
  <member type="way" ref="413115564" role=""/>
  <member type="way" ref="413115560" role=""/>
  <member type="way" ref="413115557" role=""/>
  <member type="way" ref="413115556" role=""/>
  <member type="way" ref="413115553" role=""/>
  <member type="way" ref="413115552" role=""/>
  <member type="way" ref="413115549" role=""/>
  <member type="way" ref="413115548" role=""/>
  <member type="way" ref="413106640" role=""/>
  <member type="way" ref="413106642" role=""/>
  <member type="way" ref="413106648" role=""/>
  <member type="way" ref="413106649" role=""/>
  <member type="way" ref="149786658" role="forward"/>
  <member type="way" ref="413106661" role="forward"/>
  <member type="way" ref="318052099" role="forward"/>
  <member type="way" ref="413115545" role="forward"/>
  <member type="way" ref="413106671" role="forward"/>
  <member type="way" ref="413106666" role="forward"/>
  <member type="way" ref="79633327" role="forward"/>
  <member type="way" ref="20340550" role="forward"/>
  <member type="way" ref="413115541" role="forward"/>
  <member type="way" ref="413115542" role="forward"/>
  <member type="way" ref="417812292" role="forward"/>
  <member type="way" ref="599766221" role="forward"/>
  <member type="way" ref="417812285" role="forward"/>
  <member type="way" ref="20340184" role="forward"/>
  <member type="way" ref="113610835" role="forward"/>
  <member type="way" ref="137780872" role="forward"/>
  <member type="way" ref="137780874" role="forward"/>
  <member type="way" ref="20340561" role="forward"/>
  <member type="way" ref="20337084" role="forward"/>
  <member type="way" ref="42790655" role="forward"/>
  <member type="way" ref="111827693" role="forward"/>
  <member type="way" ref="139269481" role="forward"/>
  <member type="way" ref="1061951269" role="forward"/>
  <member type="way" ref="31103266" role="forward"/>
  <member type="way" ref="107899469" role="backward"/>
  <member type="way" ref="107899479" role="backward"/>
  <member type="way" ref="232619420" role="backward"/>
  <member type="way" ref="1353379748" role=""/>
  <member type="way" ref="107899491" role=""/>
  <member type="way" ref="1353379749" role=""/>
  <member type="way" ref="1358701093" role=""/>
  <member type="way" ref="107899484" role=""/>
  <member type="way" ref="107899486" role=""/>
  <member type="way" ref="889423784" role=""/>
  <member type="way" ref="889177855" role=""/>
  <member type="way" ref="298852647" role=""/>
  <member type="way" ref="1199415005" role=""/>
  <member type="way" ref="42552258" role=""/>
  <member type="way" ref="210205942" role=""/>
  <member type="way" ref="210205938" role=""/>
  <member type="way" ref="210205941" role=""/>
  <member type="way" ref="210205939" role=""/>
  <member type="way" ref="42551720" role=""/>
  <member type="way" ref="210210760" role=""/>
  <member type="way" ref="210210761" role=""/>
  <member type="way" ref="42559256" role=""/>
  <member type="way" ref="42551774" role=""/>
  <member type="way" ref="42552314" role=""/>
  <member type="way" ref="89404932" role=""/>
  <member type="way" ref="513844400" role=""/>
  <member type="way" ref="42551828" role=""/>
  <member type="way" ref="1355653178" role=""/>
  <member type="way" ref="1355653174" role=""/>
  <member type="way" ref="1355653176" role=""/>
  <member type="way" ref="1355653175" role=""/>
  <member type="way" ref="1376118093" role=""/>
  <tag k="name" v="European route E 40"/>
  <tag k="name:fr" v="Route européenne E 40"/>
  <tag k="name:pl" v="Trasa europejska E 40"/>
  <tag k="name:ru" v="Европейский маршрут E 40"/>
  <tag k="network" v="e-road"/>
  <tag k="ref" v="E 40"/>
  <tag k="route" v="road"/>
  <tag k="section" v="Kazakhstan East"/>
  <tag k="type" v="route"/>
  <tag k="wikidata" v="Q327162"/>
  <tag k="wikipedia" v="en:European route E40"/>
 </relation>
 <relation id="2829492" visible="true" version="85" changeset="160259495" timestamp="2024-12-13T19:35:58Z" user="LexIgnatov" uid="316868">
  <member type="way" ref="211082887" role=""/>
  <member type="way" ref="211082881" role=""/>
  <member type="way" ref="211082884" role=""/>
  <member type="way" ref="428278110" role=""/>
  <member type="way" ref="211082876" role=""/>
  <member type="way" ref="228767498" role=""/>
  <member type="way" ref="1191906078" role=""/>
  <member type="way" ref="1342506346" role=""/>
  <member type="way" ref="1342506342" role=""/>
  <member type="way" ref="1342506341" role=""/>
  <member type="way" ref="1342506330" role=""/>
  <member type="way" ref="1342506331" role=""/>
  <member type="way" ref="1342506332" role=""/>
  <member type="way" ref="228767506" role=""/>
  <member type="way" ref="1342506328" role=""/>
  <member type="way" ref="1342506329" role=""/>
  <member type="way" ref="1342506339" role=""/>
  <member type="way" ref="1342506327" role=""/>
  <member type="way" ref="1342506336" role=""/>
  <member type="way" ref="1342506320" role=""/>
  <member type="way" ref="1342506319" role=""/>
  <member type="way" ref="1342506317" role=""/>
  <member type="way" ref="1342506318" role=""/>
  <member type="way" ref="211082883" role=""/>
  <member type="way" ref="23507012" role=""/>
  <member type="way" ref="231120413" role=""/>
  <member type="way" ref="74486880" role=""/>
  <member type="way" ref="428279202" role=""/>
  <member type="way" ref="207791497" role=""/>
  <member type="way" ref="211082871" role=""/>
  <member type="way" ref="211082880" role=""/>
  <member type="way" ref="250444895" role=""/>
  <member type="way" ref="1195205033" role=""/>
  <member type="way" ref="241971696" role=""/>
  <member type="way" ref="241971698" role=""/>
  <member type="way" ref="590916729" role=""/>
  <member type="way" ref="590916728" role=""/>
  <member type="way" ref="241971694" role=""/>
  <member type="way" ref="437501550" role=""/>
  <member type="way" ref="437501551" role=""/>
  <member type="way" ref="226407091" role=""/>
  <member type="way" ref="590916724" role=""/>
  <member type="way" ref="590916720" role=""/>
  <member type="way" ref="23444591" role=""/>
  <member type="way" ref="185869340" role=""/>
  <member type="way" ref="26642632" role=""/>
  <member type="way" ref="590916722" role=""/>
  <member type="way" ref="384959673" role=""/>
  <member type="way" ref="384959672" role=""/>
  <member type="way" ref="437501548" role=""/>
  <member type="way" ref="437501549" role="route"/>
  <member type="way" ref="241971693" role=""/>
  <member type="way" ref="241971697" role="route"/>
  <member type="way" ref="590916733" role=""/>
  <member type="way" ref="590916730" role=""/>
  <member type="way" ref="241971695" role=""/>
  <member type="way" ref="226407100" role=""/>
  <member type="way" ref="1195205032" role=""/>
  <member type="way" ref="250444894" role="route"/>
  <member type="way" ref="207656311" role=""/>
  <member type="way" ref="228943287" role=""/>
  <member type="way" ref="185869342" role=""/>
  <member type="way" ref="618941616" role=""/>
  <member type="way" ref="618941617" role=""/>
  <member type="way" ref="911144518" role=""/>
  <member type="way" ref="1225631132" role=""/>
  <member type="way" ref="911144109" role=""/>
  <member type="way" ref="911144110" role=""/>
  <member type="way" ref="335064421" role=""/>
  <member type="way" ref="911142928" role=""/>
  <member type="way" ref="911142929" role=""/>
  <member type="way" ref="1085491091" role=""/>
  <member type="way" ref="1085491090" role=""/>
  <member type="way" ref="335064418" role=""/>
  <member type="way" ref="335064422" role=""/>
  <member type="way" ref="27461543" role=""/>
  <member type="way" ref="49854532" role=""/>
  <member type="way" ref="539905162" role=""/>
  <member type="way" ref="324837521" role=""/>
  <member type="way" ref="431352733" role=""/>
  <member type="way" ref="1225633231" role=""/>
  <member type="way" ref="124976536" role=""/>
  <member type="way" ref="475615480" role=""/>
  <member type="way" ref="256777852" role=""/>
  <member type="way" ref="475615485" role=""/>
  <member type="way" ref="235093974" role=""/>
  <member type="way" ref="431367454" role=""/>
  <member type="way" ref="27461544" role=""/>
  <member type="way" ref="255949030" role=""/>
  <member type="way" ref="255949029" role=""/>
  <member type="way" ref="257566719" role=""/>
  <member type="way" ref="429934937" role=""/>
  <member type="way" ref="475615484" role=""/>
  <member type="way" ref="257566717" role=""/>
  <member type="way" ref="256777849" role=""/>
  <member type="way" ref="257692761" role=""/>
  <member type="way" ref="431360222" role=""/>
  <member type="way" ref="1225633232" role=""/>
  <member type="way" ref="431352734" role=""/>
  <member type="way" ref="215413698" role=""/>
  <member type="way" ref="539903805" role=""/>
  <member type="way" ref="293057492" role=""/>
  <member type="way" ref="293057494" role=""/>
  <member type="way" ref="293057491" role=""/>
  <member type="way" ref="293057495" role=""/>
  <member type="way" ref="22565004" role=""/>
  <member type="way" ref="22565043" role=""/>
  <member type="way" ref="783576923" role=""/>
  <member type="way" ref="208907457" role="route"/>
  <member type="way" ref="49091901" role=""/>
  <member type="way" ref="293057493" role=""/>
  <member type="way" ref="124048260" role=""/>
  <member type="way" ref="208907454" role="route"/>
  <member type="way" ref="208907473" role="route"/>
  <member type="way" ref="215413678" role=""/>
  <member type="way" ref="245018752" role=""/>
  <member type="way" ref="26901999" role=""/>
  <member type="way" ref="1085960582" role=""/>
  <member type="way" ref="257692759" role=""/>
  <tag k="name" v="Таугуль 3 - Первомайка"/>
  <tag k="ref" v="104"/>
  <tag k="route" v="bus"/>
  <tag k="type" v="route"/>
 </relation>
 <relation id="3072216" visible="true" version="86" changeset="162206169" timestamp="2025-02-06T12:16:18Z" user="Aleksandar Matejevic" uid="8724788">
  <member type="way" ref="1323366226" role="outer"/>
  <member type="way" ref="173198795" role="outer"/>
  <member type="way" ref="491142103" role="outer"/>
  <member type="way" ref="1196770439" role="outer"/>
  <member type="way" ref="1205281243" role="outer"/>
  <member type="way" ref="1183981714" role="outer"/>
  <member type="way" ref="281770149" role="outer"/>
  <member type="way" ref="281770154" role="outer"/>
  <member type="way" ref="281770156" role="outer"/>
  <member type="way" ref="1087397078" role="outer"/>
  <member type="way" ref="314773018" role="outer"/>
  <member type="way" ref="314773012" role="outer"/>
  <member type="way" ref="314773011" role="outer"/>
  <member type="way" ref="314773016" role="outer"/>
  <member type="way" ref="22735404" role="outer"/>
  <member type="way" ref="323385157" role="outer"/>
  <member type="way" ref="314773017" role="outer"/>
  <member type="way" ref="314773014" role="outer"/>
  <member type="way" ref="252652328" role="outer"/>
  <member type="way" ref="252652326" role="outer"/>
  <member type="way" ref="692522016" role="outer"/>
  <member type="way" ref="444338393" role="outer"/>
  <member type="way" ref="444338392" role="outer"/>
  <member type="way" ref="492787404" role="outer"/>
  <member type="way" ref="1222748256" role="outer"/>
  <member type="way" ref="1222748255" role="outer"/>
  <member type="way" ref="229184574" role="outer"/>
  <member type="way" ref="1222748254" role="outer"/>
  <member type="way" ref="1222748253" role="outer"/>
  <member type="way" ref="492787403" role="outer"/>
  <member type="way" ref="1222748252" role="outer"/>
  <member type="way" ref="1180047961" role="outer"/>
  <member type="way" ref="330579505" role="outer"/>
  <member type="way" ref="330579512" role="outer"/>
  <member type="way" ref="330579508" role="outer"/>
  <member type="way" ref="1087396925" role="outer"/>
  <member type="way" ref="1087396926" role="outer"/>
  <member type="way" ref="1183448511" role="outer"/>
  <member type="way" ref="1156155047" role="outer"/>
  <member type="way" ref="1183438075" role="outer"/>
  <member type="way" ref="245019677" role="outer"/>
  <member type="way" ref="1341313958" role="outer"/>
  <member type="way" ref="1341313959" role="outer"/>
  <member type="way" ref="1183447151" role="outer"/>
  <member type="way" ref="122701546" role="outer"/>
  <member type="way" ref="26776126" role="outer"/>
  <member type="way" ref="257692793" role="outer"/>
  <member type="way" ref="928110936" role="outer"/>
  <member type="way" ref="928111484" role="outer"/>
  <member type="way" ref="1222741604" role="outer"/>
  <member type="way" ref="928112631" role="outer"/>
  <member type="way" ref="928113292" role="outer"/>
  <member type="way" ref="928115609" role="outer"/>
  <member type="way" ref="257692788" role="outer"/>
  <member type="way" ref="1222741605" role="outer"/>
  <member type="way" ref="1222741607" role="outer"/>
  <member type="way" ref="1222741609" role="outer"/>
  <member type="way" ref="1222741611" role="outer"/>
  <member type="way" ref="1222741612" role="outer"/>
  <member type="way" ref="23493314" role="outer"/>
  <member type="way" ref="23493316" role="outer"/>
  <member type="way" ref="49854536" role="outer"/>
  <member type="way" ref="211082874" role="outer"/>
  <member type="way" ref="257692759" role="outer"/>
  <member type="way" ref="431352734" role="outer"/>
  <member type="way" ref="1225633232" role="outer"/>
  <member type="way" ref="431360222" role="outer"/>
  <member type="way" ref="257692761" role="outer"/>
  <member type="way" ref="256777849" role="outer"/>
  <member type="way" ref="257566717" role="outer"/>
  <member type="way" ref="475615484" role="outer"/>
  <member type="way" ref="429934937" role="outer"/>
  <member type="way" ref="257566719" role="outer"/>
  <member type="way" ref="255949029" role="outer"/>
  <member type="way" ref="255949030" role="outer"/>
  <member type="way" ref="27461544" role="outer"/>
  <member type="way" ref="215413698" role="outer"/>
  <member type="way" ref="539903805" role="outer"/>
  <member type="way" ref="293057492" role="outer"/>
  <member type="way" ref="293057494" role="outer"/>
  <member type="way" ref="293057491" role="outer"/>
  <member type="way" ref="293057495" role="outer"/>
  <member type="way" ref="22565004" role="outer"/>
  <member type="way" ref="252705039" role="outer"/>
  <member type="way" ref="252705041" role="outer"/>
  <member type="way" ref="180626481" role="outer"/>
  <member type="way" ref="23647251" role="outer"/>
  <member type="way" ref="24008878" role="outer"/>
  <member type="way" ref="1199151577" role="outer"/>
  <member type="way" ref="1199151578" role="outer"/>
  <member type="way" ref="1199322452" role="outer"/>
  <member type="way" ref="1091718712" role="outer"/>
  <member type="way" ref="1187571002" role="outer"/>
  <member type="way" ref="1199151579" role="outer"/>
  <member type="way" ref="1199151580" role="outer"/>
  <member type="way" ref="371638518" role="outer"/>
  <member type="way" ref="371638517" role="outer"/>
  <member type="way" ref="371638516" role="outer"/>
  <member type="way" ref="232889884" role="outer"/>
  <member type="way" ref="232889891" role="outer"/>
  <member type="way" ref="1357180973" role="outer"/>
  <member type="way" ref="235414555" role="outer"/>
  <member type="way" ref="235414551" role="outer"/>
  <member type="way" ref="1357180976" role="outer"/>
  <member type="way" ref="253846428" role="outer"/>
  <member type="way" ref="1245462468" role="outer"/>
  <member type="way" ref="1093088480" role="outer"/>
  <member type="way" ref="1093088482" role="outer"/>
  <member type="way" ref="1093088483" role="outer"/>
  <member type="way" ref="1132731226" role="outer"/>
  <member type="way" ref="1245465300" role="outer"/>
  <member type="way" ref="1093088484" role="outer"/>
  <member type="way" ref="1093088485" role="outer"/>
  <member type="way" ref="1245465297" role="outer"/>
  <member type="way" ref="1245465298" role="outer"/>
  <member type="way" ref="246184879" role="outer"/>
  <member type="way" ref="246184878" role="outer"/>
  <member type="way" ref="1245456076" role="outer"/>
  <member type="way" ref="1141887711" role="outer"/>
  <member type="way" ref="688382508" role="outer"/>
  <member type="way" ref="341840833" role="outer"/>
  <member type="way" ref="372061261" role="outer"/>
  <member type="way" ref="1245458111" role="outer"/>
  <member type="way" ref="1245458931" role="outer"/>
  <member type="way" ref="1087035316" role="outer"/>
  <member type="way" ref="1245457978" role="outer"/>
  <member type="way" ref="1196770449" role="outer"/>
  <member type="way" ref="1245457976" role="outer"/>
  <member type="way" ref="1245459977" role="outer"/>
  <member type="way" ref="1245474556" role="outer"/>
  <member type="way" ref="1245474555" role="outer"/>
  <member type="way" ref="1245474936" role="outer"/>
  <member type="way" ref="1195057366" role="outer"/>
  <member type="way" ref="1196770447" role="outer"/>
  <member type="way" ref="1245459974" role="outer"/>
  <member type="way" ref="684365623" role="outer"/>
  <member type="way" ref="1245459976" role="outer"/>
  <member type="way" ref="658100886" role="outer"/>
  <member type="way" ref="1207826213" role="outer"/>
  <member type="way" ref="1127696520" role="outer"/>
  <member type="way" ref="491454256" role="outer"/>
  <member type="way" ref="1205287028" role="outer"/>
  <member type="way" ref="303018133" role="outer"/>
  <member type="way" ref="1205287029" role="outer"/>
  <member type="way" ref="26561429" role="outer"/>
  <member type="way" ref="1040780124" role="outer"/>
  <member type="way" ref="526828619" role="outer"/>
  <member type="way" ref="1040782084" role="outer"/>
  <member type="way" ref="371604272" role="outer"/>
  <member type="way" ref="1207822355" role="outer"/>
  <member type="way" ref="1112264618" role="outer"/>
  <member type="way" ref="1196770442" role="outer"/>
  <member type="way" ref="1207822356" role="outer"/>
  <member type="way" ref="1207822357" role="outer"/>
  <tag k="addr:country" v="KZ"/>
  <tag k="addr:region" v="Алматы"/>
  <tag k="admin_level" v="6"/>
  <tag k="boundary" v="administrative"/>
  <tag k="int_name" v="Alataw awdanı"/>
  <tag k="name" v="Алатау ауданы"/>
  <tag k="name:en" v="Alatau District"/>
  <tag k="name:ru" v="Алатауский район"/>
  <tag k="type" v="boundary"/>
  <tag k="wikidata" v="Q16533408"/>
  <tag k="wikipedia" v="kk:Алатау ауданы"/>
 </relation>
 <relation id="3072808" visible="true" version="74" changeset="159811372" timestamp="2024-12-01T15:57:36Z" user="LexIgnatov" uid="316868">
  <member type="way" ref="209452226" role="outer"/>
  <member type="way" ref="209452204" role="outer"/>
  <member type="way" ref="229188625" role="outer"/>
  <member type="way" ref="207742035" role="outer"/>
  <member type="way" ref="229188634" role="outer"/>
  <member type="way" ref="229188630" role="outer"/>
  <member type="way" ref="27297522" role="outer"/>
  <member type="way" ref="237878523" role="outer"/>
  <member type="way" ref="236097278" role="outer"/>
  <member type="way" ref="237878524" role="outer"/>
  <member type="way" ref="252652324" role="outer"/>
  <member type="way" ref="23648812" role="outer"/>
  <member type="way" ref="23980725" role="outer"/>
  <member type="way" ref="23980726" role="outer"/>
  <member type="way" ref="540148472" role="outer"/>
  <member type="way" ref="23993994" role="outer"/>
  <member type="way" ref="229188629" role="outer"/>
  <member type="way" ref="27321418" role="outer"/>
  <member type="way" ref="1183444212" role="outer"/>
  <member type="way" ref="1087396927" role="outer"/>
  <member type="way" ref="330579507" role="outer"/>
  <member type="way" ref="40943532" role="outer"/>
  <member type="way" ref="1085596900" role="outer"/>
  <member type="way" ref="40943530" role="outer"/>
  <member type="way" ref="1222748252" role="outer"/>
  <member type="way" ref="492787403" role="outer"/>
  <member type="way" ref="1222748253" role="outer"/>
  <member type="way" ref="1222748254" role="outer"/>
  <member type="way" ref="229184574" role="outer"/>
  <member type="way" ref="1222748255" role="outer"/>
  <member type="way" ref="1222748256" role="outer"/>
  <member type="way" ref="492787404" role="outer"/>
  <member type="way" ref="444338392" role="outer"/>
  <member type="way" ref="444338393" role="outer"/>
  <member type="way" ref="252652327" role="outer"/>
  <member type="way" ref="252652325" role="outer"/>
  <member type="way" ref="323385156" role="outer"/>
  <member type="way" ref="22734621" role="outer"/>
  <member type="way" ref="230093586" role="outer"/>
  <member type="way" ref="1183978385" role="outer"/>
  <member type="way" ref="444338375" role="outer"/>
  <member type="way" ref="1090887851" role="outer"/>
  <member type="way" ref="277702496" role="outer"/>
  <member type="way" ref="1090887852" role="outer"/>
  <member type="way" ref="438037838" role="outer"/>
  <member type="way" ref="438037839" role="outer"/>
  <member type="way" ref="277702506" role="outer"/>
  <member type="way" ref="1202694269" role="outer"/>
  <member type="way" ref="183601411" role="outer"/>
  <member type="way" ref="877866688" role="outer"/>
  <member type="way" ref="372151045" role="outer"/>
  <member type="way" ref="31098237" role="outer"/>
  <member type="way" ref="1144613976" role="outer"/>
  <member type="way" ref="1221529256" role="outer"/>
  <member type="way" ref="1144613127" role="outer"/>
  <member type="way" ref="31098238" role="outer"/>
  <member type="way" ref="1198659526" role="outer"/>
  <member type="way" ref="310862090" role="outer"/>
  <member type="way" ref="1198659319" role="outer"/>
  <member type="way" ref="217495444" role="outer"/>
  <member type="way" ref="1198657539" role="outer"/>
  <member type="way" ref="1292361494" role="outer"/>
  <member type="way" ref="249930873" role="outer"/>
  <member type="way" ref="1198655125" role="outer"/>
  <member type="way" ref="213918561" role="outer"/>
  <member type="way" ref="241773169" role="outer"/>
  <member type="way" ref="1198974226" role="outer"/>
  <member type="way" ref="241773172" role="outer"/>
  <member type="way" ref="659634775" role="outer"/>
  <member type="way" ref="1198654116" role="outer"/>
  <member type="way" ref="432735314" role="outer"/>
  <member type="way" ref="27011732" role="outer"/>
  <tag k="addr:country" v="KZ"/>
  <tag k="addr:region" v="Алматы"/>
  <tag k="admin_level" v="6"/>
  <tag k="boundary" v="administrative"/>
  <tag k="name" v="Ауэзовский район"/>
  <tag k="name:en" v="Auezov District"/>
  <tag k="name:ru" v="Ауэзовский район"/>
  <tag k="type" v="boundary"/>
  <tag k="wikidata" v="Q16534658"/>
  <tag k="wikipedia" v="ru:Ауэзовский район"/>
 </relation>
 <relation id="3972446" visible="true" version="263" changeset="164803996" timestamp="2025-04-11T08:29:22Z" user="moszkva ter" uid="495146">
  <member type="way" ref="264730915" role=""/>
  <member type="way" ref="42558329" role=""/>
  <member type="way" ref="320983846" role=""/>
  <member type="way" ref="617545635" role=""/>
  <member type="way" ref="617545634" role=""/>
  <member type="way" ref="617545633" role=""/>
  <member type="way" ref="617545632" role=""/>
  <member type="way" ref="42558331" role=""/>
  <member type="way" ref="617545631" role=""/>
  <member type="way" ref="42558359" role=""/>
  <member type="way" ref="357034734" role=""/>
  <member type="way" ref="615698293" role=""/>
  <member type="way" ref="615698269" role=""/>
  <member type="way" ref="615698270" role=""/>
  <member type="way" ref="615698268" role=""/>
  <member type="way" ref="615698291" role=""/>
  <member type="way" ref="615698271" role=""/>
  <member type="way" ref="615698292" role=""/>
  <member type="way" ref="638131549" role=""/>
  <member type="way" ref="638131532" role=""/>
  <member type="way" ref="638131521" role=""/>
  <member type="way" ref="357034733" role=""/>
  <member type="way" ref="402592942" role=""/>
  <member type="way" ref="402592949" role=""/>
  <member type="way" ref="357034732" role=""/>
  <member type="way" ref="402592947" role=""/>
  <member type="way" ref="402592941" role=""/>
  <member type="way" ref="402592945" role=""/>
  <member type="way" ref="402592944" role=""/>
  <member type="way" ref="357034728" role=""/>
  <member type="way" ref="357034725" role=""/>
  <member type="way" ref="357034724" role=""/>
  <member type="way" ref="357034723" role=""/>
  <member type="way" ref="357034722" role=""/>
  <member type="way" ref="315570146" role=""/>
  <member type="way" ref="315570145" role=""/>
  <member type="way" ref="503492414" role=""/>
  <member type="way" ref="503492419" role=""/>
  <member type="way" ref="503492418" role=""/>
  <member type="way" ref="42558376" role=""/>
  <member type="way" ref="1230100982" role=""/>
  <member type="way" ref="1230100981" role=""/>
  <member type="way" ref="1230100985" role=""/>
  <member type="way" ref="1230100976" role=""/>
  <member type="way" ref="700660885" role=""/>
  <member type="way" ref="39530016" role=""/>
  <member type="way" ref="39530009" role=""/>
  <member type="way" ref="264730919" role=""/>
  <member type="way" ref="210175538" role=""/>
  <member type="way" ref="169858476" role=""/>
  <member type="way" ref="210175801" role=""/>
  <member type="way" ref="336638075" role=""/>
  <member type="way" ref="514458989" role="forward"/>
  <member type="way" ref="819013025" role="forward"/>
  <member type="way" ref="764358217" role="forward"/>
  <member type="way" ref="514458990" role="forward"/>
  <member type="way" ref="514458988" role=""/>
  <member type="way" ref="249940918" role=""/>
  <member type="way" ref="249940919" role=""/>
  <member type="way" ref="249942533" role=""/>
  <member type="way" ref="249940917" role=""/>
  <member type="way" ref="249940920" role=""/>
  <member type="way" ref="62773436" role=""/>
  <member type="way" ref="71024443" role=""/>
  <member type="way" ref="42558263" role=""/>
  <member type="way" ref="520966609" role=""/>
  <member type="way" ref="520966610" role=""/>
  <member type="way" ref="705987894" role=""/>
  <member type="way" ref="262321202" role=""/>
  <member type="way" ref="264730920" role=""/>
  <member type="way" ref="238109045" role=""/>
  <member type="way" ref="764358898" role="forward"/>
  <member type="way" ref="819013024" role="forward"/>
  <member type="way" ref="57959515" role="forward"/>
  <member type="way" ref="57959518" role="forward"/>
  <member type="way" ref="372301066" role=""/>
  <member type="way" ref="1275925066" role=""/>
  <member type="way" ref="852033479" role=""/>
  <member type="way" ref="336638073" role=""/>
  <member type="way" ref="42557781" role=""/>
  <member type="way" ref="58199729" role=""/>
  <member type="way" ref="210176406" role=""/>
  <member type="way" ref="57955153" role=""/>
  <member type="way" ref="57955157" role=""/>
  <member type="way" ref="58199732" role=""/>
  <member type="way" ref="58199726" role=""/>
  <member type="way" ref="37202652" role=""/>
  <member type="way" ref="37202651" role=""/>
  <member type="way" ref="25968566" role=""/>
  <member type="way" ref="23490737" role=""/>
  <member type="way" ref="170089884" role=""/>
  <member type="way" ref="391337298" role=""/>
  <member type="way" ref="89266501" role=""/>
  <member type="way" ref="42557268" role=""/>
  <member type="way" ref="42557316" role=""/>
  <member type="way" ref="42557317" role=""/>
  <member type="way" ref="23490736" role=""/>
  <member type="way" ref="910307625" role=""/>
  <member type="way" ref="910307624" role=""/>
  <member type="way" ref="42555477" role=""/>
  <member type="way" ref="42477411" role=""/>
  <member type="way" ref="169854638" role=""/>
  <member type="way" ref="131926374" role=""/>
  <member type="way" ref="1275911426" role=""/>
  <member type="way" ref="169854636" role=""/>
  <member type="way" ref="169854640" role=""/>
  <member type="way" ref="131926367" role=""/>
  <member type="way" ref="692562005" role=""/>
  <member type="way" ref="89266490" role=""/>
  <member type="way" ref="89266550" role=""/>
  <member type="way" ref="89266557" role=""/>
  <member type="way" ref="366258094" role=""/>
  <member type="way" ref="89266496" role=""/>
  <member type="way" ref="524695292" role=""/>
  <member type="way" ref="524695286" role=""/>
  <member type="way" ref="372057549" role=""/>
  <member type="way" ref="508381205" role=""/>
  <member type="way" ref="42555221" role=""/>
  <member type="way" ref="42555218" role=""/>
  <member type="way" ref="42555199" role=""/>
  <member type="way" ref="600297437" role=""/>
  <member type="way" ref="1201408564" role=""/>
  <member type="way" ref="1201408565" role=""/>
  <member type="way" ref="42555197" role=""/>
  <member type="way" ref="694642908" role=""/>
  <member type="way" ref="694642907" role=""/>
  <member type="way" ref="48439836" role=""/>
  <member type="way" ref="48439843" role=""/>
  <member type="way" ref="879118363" role=""/>
  <member type="way" ref="48439845" role=""/>
  <member type="way" ref="48439842" role=""/>
  <member type="way" ref="48439846" role=""/>
  <member type="way" ref="42674158" role=""/>
  <member type="way" ref="42859281" role=""/>
  <member type="way" ref="44367551" role=""/>
  <member type="way" ref="44279109" role=""/>
  <member type="way" ref="722099586" role=""/>
  <member type="way" ref="38617891" role=""/>
  <member type="way" ref="48385592" role=""/>
  <member type="way" ref="44080296" role=""/>
  <member type="way" ref="223300787" role=""/>
  <member type="way" ref="44080313" role=""/>
  <member type="way" ref="44080312" role=""/>
  <member type="way" ref="44080311" role=""/>
  <member type="way" ref="44080307" role=""/>
  <member type="way" ref="48385579" role=""/>
  <member type="way" ref="44080303" role=""/>
  <member type="way" ref="44080300" role=""/>
  <member type="way" ref="223300792" role=""/>
  <member type="way" ref="48385575" role=""/>
  <member type="way" ref="1275982186" role=""/>
  <member type="way" ref="48385577" role=""/>
  <member type="way" ref="44080305" role=""/>
  <member type="way" ref="44080304" role=""/>
  <member type="way" ref="44080309" role=""/>
  <member type="way" ref="44080310" role=""/>
  <member type="way" ref="48385590" role=""/>
  <member type="way" ref="44077747" role=""/>
  <member type="way" ref="44077765" role=""/>
  <member type="way" ref="44367548" role=""/>
  <member type="way" ref="44279110" role=""/>
  <member type="way" ref="42808484" role=""/>
  <member type="way" ref="42808450" role=""/>
  <member type="way" ref="42808492" role=""/>
  <member type="way" ref="40067889" role=""/>
  <member type="way" ref="58720648" role=""/>
  <member type="way" ref="42808456" role=""/>
  <member type="way" ref="42808485" role=""/>
  <member type="way" ref="40883042" role=""/>
  <member type="way" ref="1275982187" role=""/>
  <member type="way" ref="42555146" role=""/>
  <member type="way" ref="42674172" role=""/>
  <member type="way" ref="44098804" role=""/>
  <member type="way" ref="345312573" role=""/>
  <member type="way" ref="261841137" role=""/>
  <member type="way" ref="261841139" role=""/>
  <member type="way" ref="345312572" role=""/>
  <member type="way" ref="345312562" role=""/>
  <member type="way" ref="345312563" role=""/>
  <member type="way" ref="42394151" role=""/>
  <member type="way" ref="345312570" role=""/>
  <member type="way" ref="345312568" role=""/>
  <member type="way" ref="345312569" role=""/>
  <member type="way" ref="345312567" role=""/>
  <member type="way" ref="345312565" role=""/>
  <member type="way" ref="261841142" role=""/>
  <member type="way" ref="261841141" role=""/>
  <member type="way" ref="345312571" role=""/>
  <member type="way" ref="42394245" role=""/>
  <member type="way" ref="262820549" role=""/>
  <member type="way" ref="38618763" role=""/>
  <member type="way" ref="22649395" role=""/>
  <member type="way" ref="22649394" role=""/>
  <member type="way" ref="22649681" role=""/>
  <member type="way" ref="1032585798" role=""/>
  <member type="way" ref="1032585796" role=""/>
  <member type="way" ref="1032585797" role=""/>
  <member type="way" ref="1032585799" role=""/>
  <member type="way" ref="1032585800" role=""/>
  <member type="way" ref="1032585801" role=""/>
  <member type="way" ref="262820550" role=""/>
  <member type="way" ref="42444791" role=""/>
  <member type="way" ref="22649689" role=""/>
  <member type="way" ref="22661310" role=""/>
  <member type="way" ref="262820551" role=""/>
  <member type="way" ref="351623756" role=""/>
  <member type="way" ref="511772933" role=""/>
  <member type="way" ref="511772934" role=""/>
  <member type="way" ref="48699953" role=""/>
  <member type="way" ref="262820538" role=""/>
  <member type="way" ref="262820552" role=""/>
  <member type="way" ref="42254884" role=""/>
  <member type="way" ref="210384565" role=""/>
  <member type="way" ref="210384559" role=""/>
  <member type="way" ref="210384562" role=""/>
  <member type="way" ref="210384567" role=""/>
  <member type="way" ref="385410909" role=""/>
  <member type="way" ref="385410910" role=""/>
  <member type="way" ref="385410911" role=""/>
  <member type="way" ref="424692112" role=""/>
  <member type="way" ref="1217684977" role=""/>
  <member type="way" ref="424692113" role=""/>
  <member type="way" ref="42541580" role=""/>
  <member type="way" ref="167447459" role=""/>
  <member type="way" ref="1036813363" role=""/>
  <member type="way" ref="1036813364" role=""/>
  <member type="way" ref="167447451" role=""/>
  <member type="way" ref="167447453" role=""/>
  <member type="way" ref="167447454" role=""/>
  <member type="way" ref="1204196171" role=""/>
  <member type="way" ref="22661171" role=""/>
  <member type="way" ref="1376680835" role=""/>
  <member type="way" ref="1376680834" role=""/>
  <member type="way" ref="1355658502" role=""/>
  <member type="way" ref="1355658504" role=""/>
  <member type="way" ref="1355658503" role=""/>
  <member type="way" ref="1355658501" role=""/>
  <member type="way" ref="706941924" role=""/>
  <member type="way" ref="210192032" role=""/>
  <member type="way" ref="1355658505" role=""/>
  <member type="way" ref="881312708" role=""/>
  <member type="way" ref="881312707" role=""/>
  <member type="way" ref="881311201" role=""/>
  <member type="way" ref="881311200" role=""/>
  <member type="way" ref="210192028" role=""/>
  <member type="way" ref="881296027" role=""/>
  <member type="way" ref="881296028" role=""/>
  <member type="way" ref="210192029" role=""/>
  <member type="way" ref="1363299123" role=""/>
  <member type="way" ref="1363299122" role=""/>
  <member type="way" ref="210192026" role=""/>
  <member type="way" ref="22661609" role=""/>
  <member type="way" ref="185785391" role=""/>
  <member type="way" ref="210205335" role=""/>
  <member type="way" ref="210205336" role=""/>
  <member type="way" ref="48704069" role=""/>
  <member type="way" ref="48704076" role=""/>
  <member type="way" ref="42551700" role=""/>
  <member type="way" ref="1355653179" role=""/>
  <member type="way" ref="42559221" role=""/>
  <member type="way" ref="1157371680" role=""/>
  <member type="way" ref="1157371682" role=""/>
  <member type="way" ref="89268049" role=""/>
  <member type="way" ref="42553258" role=""/>
  <member type="way" ref="1092207768" role=""/>
  <member type="way" ref="1092207769" role=""/>
  <member type="way" ref="42552512" role=""/>
  <member type="way" ref="89268052" role=""/>
  <member type="way" ref="766160373" role=""/>
  <member type="way" ref="766160372" role=""/>
  <member type="way" ref="42552461" role=""/>
  <member type="way" ref="766157904" role=""/>
  <member type="way" ref="766157903" role=""/>
  <member type="way" ref="1097440537" role=""/>
  <member type="way" ref="232619382" role=""/>
  <member type="way" ref="1376476158" role=""/>
  <member type="way" ref="232619375" role=""/>
  <member type="way" ref="42552446" role=""/>
  <member type="way" ref="1148771043" role=""/>
  <member type="way" ref="1148771042" role=""/>
  <member type="way" ref="1148771046" role=""/>
  <member type="way" ref="42552420" role=""/>
  <member type="way" ref="210345971" role=""/>
  <member type="way" ref="42552398" role=""/>
  <member type="way" ref="1157371683" role=""/>
  <member type="way" ref="1376126120" role=""/>
  <member type="way" ref="1376126119" role=""/>
  <member type="way" ref="42552842" role=""/>
  <member type="way" ref="42552843" role=""/>
  <member type="way" ref="1235168559" role=""/>
  <member type="way" ref="246168348" role=""/>
  <member type="way" ref="708081553" role="forward"/>
  <member type="way" ref="432832070" role="forward"/>
  <member type="way" ref="246168349" role=""/>
  <member type="way" ref="432832071" role=""/>
  <member type="way" ref="1114863294" role=""/>
  <member type="way" ref="42552909" role=""/>
  <member type="way" ref="232619377" role=""/>
  <member type="way" ref="42552890" role=""/>
  <member type="way" ref="232619386" role=""/>
  <member type="way" ref="210384570" role=""/>
  <member type="way" ref="381768906" role=""/>
  <member type="way" ref="381768911" role=""/>
  <member type="way" ref="1114863297" role=""/>
  <member type="way" ref="210384561" role=""/>
  <member type="way" ref="1243036655" role=""/>
  <member type="way" ref="1243036651" role=""/>
  <member type="way" ref="1243036654" role=""/>
  <member type="way" ref="365722737" role=""/>
  <member type="way" ref="293057492" role=""/>
  <member type="way" ref="293057494" role=""/>
  <member type="way" ref="293057491" role=""/>
  <member type="way" ref="293057495" role=""/>
  <member type="way" ref="22565004" role=""/>
  <member type="way" ref="22565043" role=""/>
  <member type="way" ref="293057493" role=""/>
  <member type="way" ref="49091902" role=""/>
  <member type="way" ref="49091901" role=""/>
  <member type="way" ref="211082886" role=""/>
  <member type="way" ref="26473730" role=""/>
  <member type="way" ref="26473729" role=""/>
  <member type="way" ref="349817320" role=""/>
  <member type="way" ref="539899687" role=""/>
  <member type="way" ref="539899689" role=""/>
  <member type="way" ref="42555039" role=""/>
  <member type="way" ref="42555064" role=""/>
  <member type="way" ref="1081825895" role=""/>
  <member type="way" ref="1082563300" role=""/>
  <member type="way" ref="1081825893" role=""/>
  <member type="way" ref="536894353" role=""/>
  <member type="way" ref="536081667" role=""/>
  <member type="way" ref="376252080" role=""/>
  <member type="way" ref="1375059123" role=""/>
  <member type="way" ref="1375059124" role=""/>
  <member type="way" ref="376257853" role=""/>
  <member type="way" ref="376252082" role=""/>
  <member type="way" ref="376252081" role=""/>
  <member type="way" ref="42555084" role=""/>
  <member type="way" ref="163918089" role=""/>
  <member type="way" ref="355291899" role=""/>
  <member type="way" ref="42555094" role=""/>
  <member type="way" ref="1241304227" role=""/>
  <member type="way" ref="385772296" role="forward"/>
  <member type="way" ref="385772298" role="forward"/>
  <member type="way" ref="45767061" role="forward"/>
  <member type="way" ref="122666715" role="forward"/>
  <member type="way" ref="122666710" role="forward"/>
  <member type="way" ref="597252397" role="forward"/>
  <member type="way" ref="597252402" role="forward"/>
  <member type="way" ref="597252408" role="forward"/>
  <member type="way" ref="122666708" role="forward"/>
  <member type="way" ref="197051831" role="forward"/>
  <member type="way" ref="231679737" role="forward"/>
  <member type="way" ref="231679712" role="forward"/>
  <member type="way" ref="197051854" role="forward"/>
  <member type="way" ref="197278776" role="forward"/>
  <member type="way" ref="197048144" role="forward"/>
  <member type="way" ref="197048142" role="forward"/>
  <member type="way" ref="387504308" role="forward"/>
  <member type="way" ref="435273553" role="forward"/>
  <member type="way" ref="387504309" role="forward"/>
  <member type="way" ref="393483248" role="forward"/>
  <member type="way" ref="233519383" role="forward"/>
  <member type="way" ref="538627416" role=""/>
  <member type="way" ref="1243036653" role=""/>
  <member type="way" ref="1243036650" role=""/>
  <member type="way" ref="1243036652" role=""/>
  <member type="way" ref="210410703" role=""/>
  <member type="way" ref="173697302" role="forward"/>
  <member type="way" ref="42553155" role="forward"/>
  <member type="way" ref="121814468" role="forward"/>
  <member type="way" ref="385419776" role="forward"/>
  <member type="way" ref="385419777" role="forward"/>
  <member type="way" ref="121814470" role="forward"/>
  <member type="way" ref="210384573" role="forward"/>
  <member type="way" ref="210384571" role=""/>
  <member type="way" ref="252915989" role=""/>
  <member type="way" ref="210384548" role=""/>
  <member type="way" ref="432832066" role=""/>
  <member type="way" ref="432832067" role=""/>
  <member type="way" ref="210384564" role=""/>
  <member type="way" ref="210384545" role=""/>
  <member type="way" ref="210384560" role=""/>
  <member type="way" ref="195002403" role="forward"/>
  <member type="way" ref="195002402" role="forward"/>
  <member type="way" ref="121814473" role="forward"/>
  <member type="way" ref="385419778" role="forward"/>
  <member type="way" ref="385419779" role="forward"/>
  <member type="way" ref="121814469" role="forward"/>
  <member type="way" ref="121814472" role="forward"/>
  <member type="way" ref="173697303" role="forward"/>
  <member type="way" ref="260084379" role=""/>
  <member type="way" ref="1374187820" role=""/>
  <member type="way" ref="432832069" role="forward"/>
  <member type="way" ref="173767296" role="forward"/>
  <member type="way" ref="173767296" role="forward"/>
  <member type="way" ref="500375634" role="forward"/>
  <member type="way" ref="500375637" role="forward"/>
  <member type="way" ref="500375636" role="forward"/>
  <member type="way" ref="500375635" role="forward"/>
  <member type="way" ref="500375638" role="forward"/>
  <member type="way" ref="360729438" role="forward"/>
  <member type="way" ref="500644463" role="forward"/>
  <member type="way" ref="500644460" role="forward"/>
  <member type="way" ref="360725442" role="forward"/>
  <member type="way" ref="1095521906" role="forward"/>
  <member type="way" ref="1095521907" role="forward"/>
  <member type="way" ref="1095521908" role="forward"/>
  <member type="way" ref="1095521905" role="forward"/>
  <member type="way" ref="693583747" role="forward"/>
  <member type="way" ref="500337388" role="forward"/>
  <member type="way" ref="500337387" role="forward"/>
  <member type="way" ref="500337389" role="forward"/>
  <member type="way" ref="500337385" role="forward"/>
  <member type="way" ref="1241966013" role="forward"/>
  <member type="way" ref="1241966014" role="forward"/>
  <member type="way" ref="500337390" role="forward"/>
  <member type="way" ref="666651872" role=""/>
  <member type="way" ref="190443289" role="forward"/>
  <member type="way" ref="1108415073" role="forward"/>
  <member type="way" ref="1108415072" role="forward"/>
  <member type="way" ref="190443298" role="forward"/>
  <member type="way" ref="210410701" role="forward"/>
  <member type="way" ref="210410690" role="forward"/>
  <member type="way" ref="500337386" role="forward"/>
  <member type="way" ref="385737574" role=""/>
  <member type="way" ref="1095521899" role="forward"/>
  <member type="way" ref="1095521904" role="forward"/>
  <member type="way" ref="1095521903" role="forward"/>
  <member type="way" ref="1095521900" role="forward"/>
  <member type="way" ref="360725413" role="forward"/>
  <member type="way" ref="360728619" role="forward"/>
  <member type="way" ref="500644464" role="forward"/>
  <member type="way" ref="500644462" role="forward"/>
  <member type="way" ref="500329281" role="forward"/>
  <member type="way" ref="393575825" role="forward"/>
  <member type="way" ref="393575824" role="forward"/>
  <member type="way" ref="210410695" role="forward"/>
  <member type="way" ref="210410704" role="forward"/>
  <member type="way" ref="393483249" role="forward"/>
  <member type="way" ref="233519360" role="forward"/>
  <member type="way" ref="233519398" role="forward"/>
  <member type="way" ref="42553462" role="forward"/>
  <member type="way" ref="348451942" role="forward"/>
  <member type="way" ref="435273554" role="forward"/>
  <member type="way" ref="42553641" role="forward"/>
  <member type="way" ref="197278789" role="forward"/>
  <member type="way" ref="197278771" role="forward"/>
  <member type="way" ref="197048157" role="forward"/>
  <member type="way" ref="231679736" role="forward"/>
  <member type="way" ref="231679717" role="forward"/>
  <member type="way" ref="197051850" role="forward"/>
  <member type="way" ref="45766855" role="forward"/>
  <member type="way" ref="597252391" role="forward"/>
  <member type="way" ref="42553752" role="forward"/>
  <member type="way" ref="42553754" role="forward"/>
  <member type="way" ref="42554868" role="forward"/>
  <member type="way" ref="385772297" role="forward"/>
  <member type="way" ref="385772299" role="forward"/>
  <member type="way" ref="122666716" role="forward"/>
  <member type="way" ref="349794665" role=""/>
  <member type="way" ref="163918090" role=""/>
  <member type="way" ref="117908040" role=""/>
  <member type="way" ref="376252084" role=""/>
  <member type="way" ref="363896047" role=""/>
  <member type="way" ref="376252083" role=""/>
  <member type="way" ref="1375059122" role=""/>
  <member type="way" ref="122660405" role=""/>
  <member type="way" ref="539896968" role=""/>
  <member type="way" ref="539896969" role=""/>
  <member type="way" ref="539896966" role=""/>
  <member type="way" ref="539896967" role=""/>
  <member type="way" ref="1081825894" role=""/>
  <member type="way" ref="1081825896" role=""/>
  <member type="way" ref="122660406" role=""/>
  <member type="way" ref="539897097" role=""/>
  <member type="way" ref="539897096" role=""/>
  <member type="way" ref="124041675" role=""/>
  <member type="way" ref="698239593" role=""/>
  <member type="way" ref="122660404" role=""/>
  <member type="way" ref="42553005" role=""/>
  <member type="way" ref="539901012" role=""/>
  <member type="way" ref="539901014" role=""/>
  <member type="way" ref="22565056" role=""/>
  <member type="way" ref="22565056" role=""/>
  <member type="way" ref="1220199894" role=""/>
  <member type="way" ref="1220199894" role=""/>
  <member type="way" ref="1216960203" role=""/>
  <member type="way" ref="1216960202" role=""/>
  <member type="way" ref="1216960205" role=""/>
  <member type="way" ref="666664214" role=""/>
  <member type="way" ref="666664213" role=""/>
  <member type="way" ref="666664219" role=""/>
  <member type="way" ref="666664218" role=""/>
  <member type="way" ref="366071313" role=""/>
  <member type="way" ref="1219029924" role=""/>
  <member type="way" ref="1219029923" role=""/>
  <member type="way" ref="540188915" role=""/>
  <member type="way" ref="540188886" role=""/>
  <member type="way" ref="666664210" role=""/>
  <member type="way" ref="694497822" role=""/>
  <member type="way" ref="261806248" role=""/>
  <member type="way" ref="261806249" role=""/>
  <member type="way" ref="541470219" role=""/>
  <member type="way" ref="1084070395" role=""/>
  <member type="way" ref="27007998" role=""/>
  <member type="way" ref="230099144" role=""/>
  <member type="way" ref="1233850824" role=""/>
  <member type="way" ref="230099145" role=""/>
  <member type="way" ref="657482069" role=""/>
  <member type="way" ref="1233850825" role=""/>
  <member type="way" ref="238907608" role=""/>
  <member type="way" ref="238907607" role=""/>
  <member type="way" ref="386804926" role=""/>
  <member type="way" ref="386804928" role=""/>
  <member type="way" ref="746570636" role=""/>
  <member type="way" ref="655650895" role=""/>
  <member type="way" ref="1314353150" role=""/>
  <member type="way" ref="1241560543" role=""/>
  <member type="way" ref="1241560545" role=""/>
  <member type="way" ref="1314353137" role=""/>
  <member type="way" ref="1314353138" role=""/>
  <member type="way" ref="1314353121" role=""/>
  <member type="way" ref="173616158" role=""/>
  <member type="way" ref="1326074432" role=""/>
  <member type="way" ref="1326074449" role=""/>
  <member type="way" ref="1326074448" role=""/>
  <member type="way" ref="1326078098" role=""/>
  <member type="way" ref="1326078097" role=""/>
  <member type="way" ref="301511266" role=""/>
  <member type="way" ref="301511266" role=""/>
  <member type="way" ref="125591264" role=""/>
  <member type="way" ref="1087397080" role=""/>
  <member type="way" ref="230093586" role=""/>
  <member type="way" ref="27009404" role=""/>
  <member type="way" ref="444338377" role=""/>
  <member type="way" ref="23456588" role=""/>
  <member type="way" ref="590916716" role=""/>
  <member type="way" ref="590916717" role=""/>
  <member type="way" ref="590916718" role=""/>
  <member type="way" ref="590916719" role=""/>
  <member type="way" ref="124982794" role=""/>
  <member type="way" ref="185869342" role=""/>
  <member type="way" ref="618941616" role=""/>
  <member type="way" ref="618941617" role=""/>
  <member type="way" ref="911144518" role=""/>
  <member type="way" ref="1225631132" role=""/>
  <member type="way" ref="911144109" role=""/>
  <member type="way" ref="911144110" role=""/>
  <member type="way" ref="335064421" role=""/>
  <member type="way" ref="911142928" role=""/>
  <member type="way" ref="911142929" role=""/>
  <member type="way" ref="1085491091" role=""/>
  <member type="way" ref="1085491090" role=""/>
  <member type="way" ref="335064418" role=""/>
  <member type="way" ref="335064422" role=""/>
  <member type="way" ref="27461543" role=""/>
  <member type="way" ref="49854532" role=""/>
  <member type="way" ref="539905162" role=""/>
  <member type="way" ref="324837521" role=""/>
  <member type="way" ref="431352733" role=""/>
  <member type="way" ref="1225633231" role=""/>
  <member type="way" ref="475615480" role=""/>
  <member type="way" ref="256777852" role=""/>
  <member type="way" ref="475615485" role=""/>
  <member type="way" ref="235093974" role=""/>
  <member type="way" ref="431367454" role=""/>
  <member type="way" ref="215413678" role=""/>
  <member type="way" ref="539903805" role=""/>
  <member type="way" ref="215413698" role=""/>
  <member type="way" ref="27461544" role=""/>
  <member type="way" ref="255949030" role=""/>
  <member type="way" ref="255949029" role=""/>
  <member type="way" ref="257566719" role=""/>
  <member type="way" ref="429934937" role=""/>
  <member type="way" ref="475615484" role=""/>
  <member type="way" ref="257566717" role=""/>
  <member type="way" ref="256777849" role=""/>
  <member type="way" ref="257692761" role=""/>
  <member type="way" ref="431360222" role=""/>
  <member type="way" ref="1225633232" role=""/>
  <member type="way" ref="431352734" role=""/>
  <member type="way" ref="257692759" role=""/>
  <member type="way" ref="1085960582" role=""/>
  <member type="way" ref="26901999" role=""/>
  <member type="way" ref="260093826" role=""/>
  <member type="way" ref="335064417" role=""/>
  <member type="way" ref="1085491092" role=""/>
  <member type="way" ref="1085491093" role=""/>
  <member type="way" ref="335064420" role=""/>
  <member type="way" ref="1085598340" role=""/>
  <member type="way" ref="532912453" role=""/>
  <member type="way" ref="911144108" role="route"/>
  <member type="way" ref="911144517" role="route"/>
  <member type="way" ref="618941615" role="route"/>
  <member type="way" ref="467823817" role=""/>
  <member type="way" ref="405890627" role="route"/>
  <member type="way" ref="467823832" role="route"/>
  <member type="way" ref="441708231" role=""/>
  <member type="way" ref="23456586" role=""/>
  <member type="way" ref="22735404" role=""/>
  <member type="way" ref="314773016" role="route"/>
  <member type="way" ref="314773011" role=""/>
  <member type="way" ref="314773012" role=""/>
  <member type="way" ref="314773018" role=""/>
  <member type="way" ref="1087397078" role=""/>
  <member type="way" ref="281770156" role=""/>
  <member type="way" ref="281770154" role=""/>
  <member type="way" ref="281770149" role=""/>
  <member type="way" ref="1183981714" role=""/>
  <member type="way" ref="307906328" role=""/>
  <member type="way" ref="385204722" role=""/>
  <member type="way" ref="538627418" role=""/>
  <member type="way" ref="538627419" role=""/>
  <member type="way" ref="1192754865" role=""/>
  <member type="way" ref="365722735" role=""/>
  <member type="way" ref="1192754866" role=""/>
  <member type="way" ref="538627413" role=""/>
  <member type="way" ref="888267359" role=""/>
  <member type="way" ref="538627402" role=""/>
  <member type="way" ref="1183322131" role=""/>
  <member type="way" ref="1365376020" role=""/>
  <member type="way" ref="538627150" role=""/>
  <member type="way" ref="42652683" role=""/>
  <member type="way" ref="240501971" role=""/>
  <member type="way" ref="1312107540" role=""/>
  <member type="way" ref="173609921" role=""/>
  <member type="way" ref="173609918" role=""/>
  <member type="way" ref="124724297" role=""/>
  <member type="way" ref="124592855" role=""/>
  <member type="way" ref="38610888" role=""/>
  <member type="way" ref="372060638" role=""/>
  <member type="way" ref="209907554" role=""/>
  <member type="way" ref="659669314" role=""/>
  <member type="way" ref="394954729" role=""/>
  <member type="way" ref="431386944" role=""/>
  <member type="way" ref="124982795" role=""/>
  <member type="way" ref="1183322130" role=""/>
  <member type="way" ref="538627149" role=""/>
  <member type="way" ref="385204718" role=""/>
  <member type="way" ref="1207264340" role=""/>
  <member type="way" ref="1207264341" role=""/>
  <member type="way" ref="538627409" role=""/>
  <member type="way" ref="1192754867" role=""/>
  <member type="way" ref="365722736" role=""/>
  <member type="way" ref="1192754864" role=""/>
  <member type="way" ref="385204719" role=""/>
  <member type="way" ref="311211584" role=""/>
  <member type="way" ref="1184004398" role=""/>
  <member type="way" ref="48701804" role=""/>
  <member type="way" ref="389726390" role="road"/>
  <member type="way" ref="42552760" role=""/>
  <member type="way" ref="42552761" role=""/>
  <member type="way" ref="42552806" role=""/>
  <member type="way" ref="42552809" role=""/>
  <member type="way" ref="779245202" role=""/>
  <member type="way" ref="779245203" role=""/>
  <member type="way" ref="42553221" role=""/>
  <member type="way" ref="42552823" role=""/>
  <member type="way" ref="1376126123" role=""/>
  <member type="way" ref="210367615" role=""/>
  <member type="way" ref="1080286597" role=""/>
  <member type="way" ref="1080286596" role=""/>
  <member type="way" ref="210367593" role=""/>
  <member type="way" ref="232619374" role=""/>
  <member type="way" ref="210367582" role=""/>
  <member type="way" ref="210367587" role=""/>
  <member type="way" ref="232619396" role=""/>
  <member type="way" ref="210367589" role=""/>
  <member type="way" ref="1229858533" role="route"/>
  <member type="way" ref="167069887" role=""/>
  <member type="way" ref="666664211" role=""/>
  <member type="way" ref="666664211" role=""/>
  <member type="way" ref="666664211" role=""/>
  <member type="way" ref="1326074431" role=""/>
  <member type="way" ref="1326091371" role=""/>
  <member type="way" ref="1342387742" role=""/>
  <member type="way" ref="1342387741" role=""/>
  <member type="way" ref="1326091372" role=""/>
  <member type="way" ref="324720725" role=""/>
  <member type="way" ref="1199415005" role=""/>
  <member type="way" ref="42552258" role=""/>
  <member type="way" ref="210205942" role=""/>
  <member type="way" ref="210205938" role=""/>
  <member type="way" ref="210205941" role=""/>
  <member type="way" ref="210205939" role=""/>
  <member type="way" ref="42551720" role=""/>
  <member type="way" ref="210210760" role=""/>
  <member type="way" ref="210210761" role=""/>
  <member type="way" ref="42559256" role=""/>
  <member type="way" ref="42551774" role=""/>
  <member type="way" ref="42552314" role=""/>
  <member type="way" ref="89404932" role=""/>
  <member type="way" ref="513844400" role=""/>
  <member type="way" ref="42551828" role=""/>
  <member type="way" ref="1355653178" role=""/>
  <member type="way" ref="1355653174" role=""/>
  <member type="way" ref="1355653176" role=""/>
  <member type="way" ref="1355653175" role=""/>
  <member type="way" ref="1376118093" role=""/>
  <tag k="description" v="Omsk – Cherlak – Pnirtyshskoe – Pavlodar – Semipalatinsk – Georgievka – Taskesken – Ucharal – Almaty – Kaskelen – Burubaital"/>
  <tag k="int_ref" v="AH60"/>
  <tag k="name" v="Asian Highway AH60"/>
  <tag k="name:en" v="Asian Highway AH60"/>
  <tag k="name:ru" v="Азиатский маршрут AH60"/>
  <tag k="network" v="AsianHighway"/>
  <tag k="ref" v="AH60"/>
  <tag k="route" v="road"/>
  <tag k="type" v="route"/>
  <tag k="wikidata" v="Q12973951"/>
 </relation>
 <relation id="6610301" visible="true" version="3" changeset="48592444" timestamp="2017-05-11T13:29:13Z" user="_ANick_" uid="1686959">
  <member type="way" ref="466838008" role="from"/>
  <member type="node" ref="3208176024" role="via"/>
  <member type="way" ref="492787404" role="to"/>
  <tag k="restriction" v="only_right_turn"/>
  <tag k="type" v="restriction"/>
 </relation>
 <relation id="6610303" visible="true" version="1" changeset="42433632" timestamp="2016-09-25T22:43:04Z" user="_ANick_" uid="1686959">
  <member type="way" ref="252652327" role="from"/>
  <member type="node" ref="2586949012" role="via"/>
  <member type="way" ref="444338393" role="to"/>
  <tag k="restriction" v="only_straight_on"/>
  <tag k="type" v="restriction"/>
 </relation>
 <relation id="6610304" visible="true" version="2" changeset="48592444" timestamp="2017-05-11T13:29:13Z" user="_ANick_" uid="1686959">
  <member type="node" ref="3208176024" role="via"/>
  <member type="way" ref="444338392" role="to"/>
  <member type="way" ref="492787404" role="from"/>
  <tag k="restriction" v="only_straight_on"/>
  <tag k="type" v="restriction"/>
 </relation>
 <relation id="6610306" visible="true" version="1" changeset="42433632" timestamp="2016-09-25T22:43:04Z" user="_ANick_" uid="1686959">
  <member type="way" ref="444338393" role="from"/>
  <member type="node" ref="662744514" role="via"/>
  <member type="way" ref="444338392" role="to"/>
  <tag k="restriction" v="only_straight_on"/>
  <tag k="type" v="restriction"/>
 </relation>
 <relation id="10121849" visible="true" version="43" changeset="164426286" timestamp="2025-04-02T15:10:45Z" user="nuruk" uid="20180657">
  <member type="way" ref="394525220" role=""/>
  <member type="way" ref="489089182" role=""/>
  <member type="way" ref="489089181" role=""/>
  <member type="way" ref="489006143" role=""/>
  <member type="way" ref="493689655" role=""/>
  <member type="way" ref="493689657" role=""/>
  <member type="way" ref="489006142" role=""/>
  <member type="way" ref="207283662" role=""/>
  <member type="way" ref="684903950" role=""/>
  <member type="way" ref="692720920" role=""/>
  <member type="way" ref="692720475" role=""/>
  <member type="way" ref="692720921" role=""/>
  <member type="way" ref="544311252" role=""/>
  <member type="way" ref="544311251" role=""/>
  <member type="way" ref="544311258" role=""/>
  <member type="way" ref="544311257" role=""/>
  <member type="way" ref="692720477" role=""/>
  <member type="way" ref="488844152" role=""/>
  <member type="way" ref="1369922947" role=""/>
  <member type="way" ref="303006705" role=""/>
  <member type="way" ref="687735666" role=""/>
  <member type="way" ref="669457173" role=""/>
  <member type="way" ref="1091662254" role=""/>
  <member type="way" ref="1231039128" role=""/>
  <member type="way" ref="89555202" role=""/>
  <member type="way" ref="367421294" role=""/>
  <member type="way" ref="692701613" role=""/>
  <member type="way" ref="367420991" role=""/>
  <member type="way" ref="1283578710" role=""/>
  <member type="way" ref="669458632" role=""/>
  <member type="way" ref="89555201" role=""/>
  <member type="way" ref="1116306288" role=""/>
  <member type="way" ref="431406195" role=""/>
  <member type="way" ref="1116310984" role=""/>
  <member type="way" ref="1116306283" role=""/>
  <member type="way" ref="1116310973" role=""/>
  <member type="way" ref="367420851" role=""/>
  <member type="way" ref="1159858005" role=""/>
  <member type="way" ref="367420852" role=""/>
  <member type="way" ref="488844240" role=""/>
  <member type="way" ref="1159858004" role=""/>
  <member type="way" ref="488844241" role=""/>
  <member type="way" ref="1116306279" role=""/>
  <member type="way" ref="1177997981" role=""/>
  <member type="way" ref="1150162763" role=""/>
  <member type="way" ref="1116306274" role=""/>
  <member type="way" ref="1116306280" role=""/>
  <member type="way" ref="1311172140" role=""/>
  <member type="way" ref="1311172139" role=""/>
  <member type="way" ref="1321462587" role=""/>
  <member type="way" ref="1162509740" role=""/>
  <member type="way" ref="367420850" role=""/>
  <member type="way" ref="1159984650" role=""/>
  <member type="way" ref="319466286" role=""/>
  <member type="way" ref="319466285" role=""/>
  <member type="way" ref="1159984651" role=""/>
  <member type="way" ref="367420849" role=""/>
  <member type="way" ref="122633151" role=""/>
  <member type="way" ref="42652687" role=""/>
  <member type="way" ref="353201970" role=""/>
  <member type="way" ref="353201972" role=""/>
  <member type="way" ref="233390094" role=""/>
  <member type="way" ref="233390095" role=""/>
  <member type="way" ref="222091939" role=""/>
  <member type="way" ref="440509810" role=""/>
  <member type="way" ref="440509809" role=""/>
  <member type="way" ref="222005941" role=""/>
  <member type="way" ref="257307319" role=""/>
  <member type="way" ref="1136669514" role=""/>
  <member type="way" ref="1136669515" role=""/>
  <member type="way" ref="237913659" role=""/>
  <member type="way" ref="367419993" role=""/>
  <member type="way" ref="230249297" role=""/>
  <member type="way" ref="230249305" role=""/>
  <member type="way" ref="372060638" role=""/>
  <member type="way" ref="209907554" role=""/>
  <member type="way" ref="659669314" role=""/>
  <member type="way" ref="394954729" role=""/>
  <member type="way" ref="431386944" role=""/>
  <member type="way" ref="124982795" role=""/>
  <member type="way" ref="1183322130" role=""/>
  <member type="way" ref="538627149" role=""/>
  <member type="way" ref="385204718" role=""/>
  <member type="way" ref="1207264340" role=""/>
  <member type="way" ref="1207264341" role=""/>
  <member type="way" ref="538627409" role=""/>
  <member type="way" ref="1192754867" role=""/>
  <member type="way" ref="538627416" role=""/>
  <member type="way" ref="1243036653" role=""/>
  <member type="way" ref="1243036650" role=""/>
  <member type="way" ref="1243036652" role=""/>
  <member type="way" ref="365722736" role=""/>
  <member type="way" ref="1192754864" role=""/>
  <member type="way" ref="385204719" role=""/>
  <member type="way" ref="311211584" role=""/>
  <member type="way" ref="1184004398" role=""/>
  <member type="way" ref="301511266" role=""/>
  <member type="way" ref="125591264" role=""/>
  <member type="way" ref="1087397080" role=""/>
  <member type="way" ref="230093586" role=""/>
  <member type="way" ref="27009404" role=""/>
  <member type="way" ref="444338377" role=""/>
  <member type="way" ref="23456588" role=""/>
  <member type="way" ref="590916716" role=""/>
  <member type="way" ref="590916717" role=""/>
  <member type="way" ref="590916718" role=""/>
  <member type="way" ref="590916719" role=""/>
  <member type="way" ref="124982794" role=""/>
  <member type="way" ref="185869342" role=""/>
  <member type="way" ref="618941616" role=""/>
  <member type="way" ref="618941617" role=""/>
  <member type="way" ref="911144518" role=""/>
  <member type="way" ref="1225631132" role=""/>
  <member type="way" ref="911144109" role=""/>
  <member type="way" ref="911144110" role=""/>
  <member type="way" ref="335064421" role=""/>
  <member type="way" ref="911142928" role=""/>
  <member type="way" ref="911142929" role=""/>
  <member type="way" ref="1085491091" role=""/>
  <member type="way" ref="1085491090" role=""/>
  <member type="way" ref="335064418" role=""/>
  <member type="way" ref="335064422" role=""/>
  <member type="way" ref="27461543" role=""/>
  <member type="way" ref="49854532" role=""/>
  <member type="way" ref="539905162" role=""/>
  <member type="way" ref="324837521" role=""/>
  <member type="way" ref="431352733" role=""/>
  <member type="way" ref="1225633231" role=""/>
  <member type="way" ref="475615480" role=""/>
  <member type="way" ref="256777852" role=""/>
  <member type="way" ref="475615485" role=""/>
  <member type="way" ref="235093974" role=""/>
  <member type="way" ref="431367454" role=""/>
  <member type="way" ref="215413678" role=""/>
  <member type="way" ref="539903805" role=""/>
  <member type="way" ref="293057492" role=""/>
  <member type="way" ref="293057494" role=""/>
  <member type="way" ref="293057491" role=""/>
  <member type="way" ref="293057495" role=""/>
  <member type="way" ref="22565004" role=""/>
  <member type="way" ref="22565043" role=""/>
  <member type="way" ref="1066215239" role=""/>
  <member type="way" ref="1066215240" role=""/>
  <member type="way" ref="656282109" role=""/>
  <member type="way" ref="260084379" role=""/>
  <member type="way" ref="1374187820" role=""/>
  <tag k="network" v="obor"/>
  <tag k="type" v="road"/>
 </relation>
 <relation id="14406225" visible="true" version="41" changeset="163340129" timestamp="2025-03-07T19:08:17Z" user="LexIgnatov" uid="316868">
  <member type="node" ref="5210685421" role=""/>
  <member type="node" ref="4609463916" role=""/>
  <member type="way" ref="367419992" role="street"/>
  <member type="way" ref="1136669513" role="street"/>
  <member type="way" ref="1136669512" role="street"/>
  <member type="way" ref="230249301" role="street"/>
  <member type="way" ref="1136669514" role="street"/>
  <member type="way" ref="1136669515" role="street"/>
  <member type="way" ref="237913659" role="street"/>
  <member type="way" ref="367419993" role="street"/>
  <member type="way" ref="230249305" role="street"/>
  <member type="way" ref="209907553" role="street"/>
  <member type="way" ref="372060640" role="street"/>
  <member type="way" ref="1312107540" role="street"/>
  <member type="way" ref="240501971" role="street"/>
  <member type="way" ref="209907554" role="street"/>
  <member type="way" ref="659669314" role="street"/>
  <member type="way" ref="431386944" role="street"/>
  <member type="way" ref="124982795" role="street"/>
  <member type="way" ref="1183322130" role="street"/>
  <member type="way" ref="1183322131" role="street"/>
  <member type="way" ref="1365376020" role="street"/>
  <member type="way" ref="538627150" role="street"/>
  <member type="way" ref="538627402" role="street"/>
  <member type="way" ref="385204718" role="street"/>
  <member type="way" ref="538627409" role="street"/>
  <member type="way" ref="1192754867" role="street"/>
  <member type="way" ref="1192754866" role="street"/>
  <member type="way" ref="538627413" role="street"/>
  <member type="way" ref="1207264340" role="street"/>
  <member type="way" ref="1207264341" role="street"/>
  <member type="way" ref="538627419" role=""/>
  <member type="way" ref="385204719" role="street"/>
  <member type="way" ref="311211584" role="street"/>
  <member type="way" ref="1184004398" role="street"/>
  <member type="way" ref="301511266" role="street"/>
  <member type="way" ref="125591264" role="street"/>
  <member type="way" ref="1087397080" role="street"/>
  <member type="way" ref="230093586" role="street"/>
  <member type="way" ref="281770149" role="street"/>
  <member type="way" ref="1183981714" role="street"/>
  <member type="way" ref="307906328" role="street"/>
  <member type="way" ref="313264487" role="road"/>
  <member type="way" ref="313264488" role="road"/>
  <member type="way" ref="281770156" role="street"/>
  <member type="way" ref="1087397078" role="street"/>
  <member type="way" ref="314773018" role="street"/>
  <member type="way" ref="1124634323" role="road"/>
  <member type="way" ref="225899231" role="road"/>
  <member type="way" ref="1124634322" role="road"/>
  <member type="way" ref="22735404" role="street"/>
  <member type="way" ref="323385157" role="road"/>
  <member type="way" ref="314773017" role="road"/>
  <member type="way" ref="314773014" role="road"/>
  <member type="way" ref="252652328" role="road"/>
  <member type="way" ref="252652326" role="street"/>
  <member type="way" ref="692522016" role="street"/>
  <member type="way" ref="323385156" role="road"/>
  <member type="way" ref="252652327" role="street"/>
  <member type="way" ref="229184574" role="street"/>
  <member type="way" ref="1222748254" role="street"/>
  <member type="way" ref="1222748253" role="street"/>
  <member type="way" ref="492787403" role="street"/>
  <member type="way" ref="1222748252" role="street"/>
  <member type="way" ref="1180047961" role="street"/>
  <member type="way" ref="330579505" role="street"/>
  <member type="way" ref="330579512" role="street"/>
  <member type="way" ref="1085596900" role="street"/>
  <member type="way" ref="40943532" role="street"/>
  <member type="way" ref="330579507" role="street"/>
  <member type="way" ref="1087396927" role="street"/>
  <member type="way" ref="1087396928" role="street"/>
  <member type="way" ref="330579510" role="street"/>
  <member type="way" ref="1087396925" role="street"/>
  <member type="way" ref="1087396926" role="street"/>
  <member type="way" ref="1183448511" role="street"/>
  <member type="way" ref="214215482" role="street"/>
  <member type="way" ref="539713344" role="street"/>
  <member type="way" ref="257692784" role="street"/>
  <member type="way" ref="330579511" role="street"/>
  <member type="way" ref="330579509" role="street"/>
  <member type="way" ref="330579504" role="street"/>
  <member type="way" ref="330579513" role="street"/>
  <member type="way" ref="123065894" role="street"/>
  <member type="way" ref="538491821" role="pedestrian"/>
  <member type="way" ref="26776124" role="street"/>
  <member type="way" ref="27464064" role="road"/>
  <member type="way" ref="123065890" role="street"/>
  <member type="way" ref="1222745279" role="street"/>
  <member type="way" ref="216580816" role="street"/>
  <member type="way" ref="539987998" role="street"/>
  <member type="way" ref="216580809" role="street"/>
  <member type="way" ref="26776116" role="road"/>
  <member type="way" ref="216580780" role="street"/>
  <member type="way" ref="1222745277" role="street"/>
  <member type="way" ref="24024699" role="crossing"/>
  <member type="way" ref="216580811" role="street"/>
  <member type="way" ref="216580806" role="street"/>
  <member type="way" ref="1222745101" role="street"/>
  <member type="way" ref="74461759" role="street"/>
  <member type="way" ref="123856538" role="street"/>
  <member type="way" ref="216580769" role="street"/>
  <member type="way" ref="1222745103" role="street"/>
  <member type="way" ref="1222745102" role="street"/>
  <member type="way" ref="1222745102" role="street"/>
  <member type="way" ref="1222745103" role="street"/>
  <member type="way" ref="216580769" role="street"/>
  <member type="way" ref="658697473" role="street"/>
  <member type="way" ref="216580805" role="street"/>
  <member type="way" ref="658697474" role="street"/>
  <member type="way" ref="40943392" role="street"/>
  <member type="way" ref="258699185" role="road"/>
  <member type="way" ref="216728624" role="road"/>
  <member type="way" ref="216728658" role="road"/>
  <member type="way" ref="228021064" role="street"/>
  <member type="way" ref="314444758" role="street"/>
  <member type="way" ref="314444761" role="street"/>
  <member type="way" ref="314444759" role="street"/>
  <member type="way" ref="226834246" role="street"/>
  <member type="way" ref="123066266" role="street"/>
  <member type="way" ref="208320460" role="street"/>
  <member type="way" ref="208320475" role="street"/>
  <member type="way" ref="216728628" role="street"/>
  <member type="way" ref="208320463" role="street"/>
  <member type="way" ref="226834247" role="street"/>
  <member type="way" ref="1202328997" role="street"/>
  <member type="way" ref="314421872" role="street"/>
  <member type="way" ref="258699194" role="street"/>
  <member type="way" ref="228944246" role="street"/>
  <member type="way" ref="228021065" role="street"/>
  <member type="way" ref="258699193" role="street"/>
  <member type="way" ref="229864553" role="street"/>
  <member type="way" ref="226833509" role="street"/>
  <member type="way" ref="314444762" role="street"/>
  <member type="way" ref="314444760" role="street"/>
  <member type="way" ref="314444763" role="street"/>
  <member type="way" ref="208320456" role="street"/>
  <member type="way" ref="314421869" role="street"/>
  <member type="way" ref="1353304911" role="street"/>
  <member type="way" ref="314421871" role="street"/>
  <member type="way" ref="314421874" role="street"/>
  <member type="way" ref="314421873" role="street"/>
  <member type="way" ref="208320438" role="street"/>
  <member type="way" ref="227962954" role="road"/>
  <member type="way" ref="171881541" role="street"/>
  <member type="way" ref="228471320" role="street"/>
  <member type="way" ref="1222746989" role="street"/>
  <member type="way" ref="1222746990" role="street"/>
  <member type="way" ref="1222746987" role="street"/>
  <member type="way" ref="1329197900" role="street"/>
  <member type="way" ref="1222746991" role="street"/>
  <member type="way" ref="1222746994" role="street"/>
  <member type="way" ref="1222746996" role="street"/>
  <member type="way" ref="1222746997" role="street"/>
  <member type="way" ref="1222746998" role="street"/>
  <member type="way" ref="1222746999" role="street"/>
  <member type="way" ref="27300531" role="street"/>
  <member type="way" ref="27300543" role="street"/>
  <member type="way" ref="1222747000" role="street"/>
  <member type="way" ref="1222747001" role="street"/>
  <member type="way" ref="1222747002" role="street"/>
  <member type="way" ref="1222747003" role="street"/>
  <member type="way" ref="1222747422" role="street"/>
  <member type="way" ref="1222747423" role="street"/>
  <member type="way" ref="1222747424" role="street"/>
  <member type="way" ref="1222747425" role="street"/>
  <member type="way" ref="1158468424" role="street"/>
  <member type="way" ref="1158468423" role="street"/>
  <member type="way" ref="1222747426" role="street"/>
  <member type="way" ref="1222747427" role="street"/>
  <member type="way" ref="125591267" role="road"/>
  <member type="way" ref="1222747428" role="road"/>
  <member type="way" ref="1222747430" role="road"/>
  <member type="way" ref="1222747431" role="road"/>
  <member type="way" ref="1222747432" role="road"/>
  <member type="way" ref="1222747433" role="road"/>
  <member type="way" ref="1222747694" role="road"/>
  <member type="way" ref="1222747695" role="road"/>
  <member type="way" ref="1222747696" role="road"/>
  <member type="way" ref="1222747779" role="road"/>
  <member type="way" ref="154458082" role="road"/>
  <member type="way" ref="1192757216" role="street"/>
  <member type="way" ref="888267361" role="street"/>
  <member type="way" ref="1192757215" role="street"/>
  <tag k="name" v="Ташкентская улица"/>
  <tag k="start_date" v="1879"/>
  <tag k="type" v="street"/>
  <tag k="video" v="https://www.youtube.com/watch?v=5TIg1dTtEeM"/>
  <tag k="wikidata" v="Q4381341"/>
  <tag k="wikipedia" v="ru:Проспект Райымбека (Алма-Ата)"/>
 </relation>
 <relation id="14424671" visible="true" version="5" changeset="124731600" timestamp="2022-08-10T13:17:37Z" user="evgeniyakz" uid="16572338">
  <member type="way" ref="265577799" role="house"/>
  <member type="way" ref="265577795" role="house"/>
  <member type="way" ref="240417515" role="house"/>
  <member type="way" ref="240417514" role="house"/>
  <member type="way" ref="265583612" role="house"/>
  <member type="way" ref="265577781" role="house"/>
  <member type="way" ref="265577783" role="house"/>
  <member type="way" ref="265577786" role="house"/>
  <member type="node" ref="9945142775" role="label"/>
  <tag k="name" v="Аксай"/>
  <tag k="site" v="microdistrict"/>
  <tag k="type" v="residential"/>
 </relation>
 <relation id="14441551" visible="true" version="12" changeset="162084380" timestamp="2025-02-03T12:39:42Z" user="RRIbarruri" uid="18586674">
  <member type="node" ref="9942157885" role="label"/>
  <member type="way" ref="1125854714" role="outer"/>
  <member type="way" ref="1125854713" role="outer"/>
  <member type="way" ref="184785880" role="outer"/>
  <member type="way" ref="184785877" role="outer"/>
  <member type="way" ref="1193298970" role="outer"/>
  <member type="way" ref="1085042940" role="outer"/>
  <member type="way" ref="435423314" role="outer"/>
  <member type="way" ref="435422738" role="outer"/>
  <member type="way" ref="589451700" role="outer"/>
  <member type="way" ref="590914866" role="outer"/>
  <member type="way" ref="441708222" role="outer"/>
  <member type="way" ref="590914856" role="outer"/>
  <member type="way" ref="590914864" role="outer"/>
  <member type="way" ref="590914861" role="outer"/>
  <member type="way" ref="441708233" role="outer"/>
  <member type="way" ref="590914859" role="outer"/>
  <member type="way" ref="441708231" role="outer"/>
  <member type="way" ref="23456586" role="outer"/>
  <member type="way" ref="22735404" role="outer"/>
  <member type="way" ref="314773016" role="outer"/>
  <member type="way" ref="226875293" role="outer"/>
  <member type="way" ref="1089532616" role="outer"/>
  <member type="way" ref="230837046" role="outer"/>
  <member type="way" ref="318987256" role="outer"/>
  <member type="way" ref="236804882" role="outer"/>
  <member type="way" ref="236804881" role="outer"/>
  <member type="way" ref="1044684734" role="outer"/>
  <member type="way" ref="1085042939" role="outer"/>
  <member type="way" ref="879200167" role="outer"/>
  <member type="way" ref="1085042938" role="outer"/>
  <member type="way" ref="766150658" role="outer"/>
  <member type="way" ref="1144245850" role="outer"/>
  <member type="way" ref="278235468" role="outer"/>
  <member type="way" ref="1193298969" role="outer"/>
  <tag k="boundary" v="landuse"/>
  <tag k="name" v="Акбулак"/>
  <tag k="type" v="boundary"/>
 </relation>
 <relation id="14446526" visible="true" version="27" changeset="160795172" timestamp="2024-12-30T14:41:32Z" user="LexIgnatov" uid="316868">
  <member type="way" ref="335064417" role="route"/>
  <member type="way" ref="260093826" role="route"/>
  <member type="way" ref="26901999" role="route"/>
  <member type="way" ref="1085960582" role="route"/>
  <member type="way" ref="532912453" role="route"/>
  <member type="way" ref="1085598340" role="route"/>
  <member type="way" ref="335064420" role="route"/>
  <member type="way" ref="1085491093" role="route"/>
  <member type="way" ref="1085491092" role="route"/>
  <member type="way" ref="911144108" role="route"/>
  <member type="way" ref="911144517" role="route"/>
  <member type="way" ref="618941615" role="route"/>
  <member type="way" ref="467823817" role="route"/>
  <member type="way" ref="405890627" role="route"/>
  <member type="way" ref="467823832" role="route"/>
  <member type="way" ref="441708231" role="route"/>
  <member type="way" ref="185869340" role="route"/>
  <member type="way" ref="26642632" role="route"/>
  <member type="way" ref="590916722" role="route"/>
  <member type="way" ref="384959673" role="route"/>
  <member type="way" ref="384959672" role="route"/>
  <member type="way" ref="437501548" role="route"/>
  <member type="way" ref="437501549" role="route"/>
  <member type="way" ref="241971693" role="route"/>
  <member type="way" ref="241971697" role="route"/>
  <member type="way" ref="590916733" role="route"/>
  <member type="way" ref="590916730" role="route"/>
  <member type="way" ref="241971695" role="route"/>
  <member type="way" ref="226407100" role="route"/>
  <member type="way" ref="1195205032" role="route"/>
  <member type="way" ref="250444894" role="route"/>
  <member type="way" ref="211082872" role="route"/>
  <member type="way" ref="207791492" role="route"/>
  <member type="way" ref="207791488" role="route"/>
  <member type="way" ref="207791498" role="route"/>
  <member type="way" ref="207791484" role="route"/>
  <member type="way" ref="26538078" role="route"/>
  <member type="way" ref="207735486" role="route"/>
  <member type="way" ref="207735495" role="route"/>
  <member type="way" ref="207735498" role="route"/>
  <member type="way" ref="207656308" role="route"/>
  <member type="way" ref="207656304" role="route"/>
  <member type="way" ref="207656310" role="route"/>
  <member type="way" ref="207656290" role="route"/>
  <member type="way" ref="1198654115" role="route"/>
  <member type="way" ref="659634775" role="route"/>
  <member type="way" ref="243586536" role="route"/>
  <member type="way" ref="241774059" role="route"/>
  <member type="way" ref="241774909" role="route"/>
  <member type="way" ref="258838485" role="route"/>
  <member type="way" ref="258838491" role="route"/>
  <member type="way" ref="207810563" role="route"/>
  <member type="way" ref="207810569" role="route"/>
  <member type="way" ref="671480438" role="route"/>
  <member type="way" ref="1347266354" role="route"/>
  <member type="way" ref="537039217" role="route"/>
  <member type="way" ref="207810546" role="route"/>
  <member type="way" ref="207810570" role="route"/>
  <member type="way" ref="207810596" role="route"/>
  <member type="way" ref="207810560" role="route"/>
  <member type="way" ref="207810547" role="route"/>
  <member type="way" ref="207810565" role="route"/>
  <member type="way" ref="124482967" role="route"/>
  <member type="way" ref="671482061" role="route"/>
  <member type="way" ref="333558545" role="route"/>
  <member type="way" ref="314471357" role="route"/>
  <member type="way" ref="1199796505" role="route"/>
  <member type="way" ref="832184387" role="route"/>
  <member type="way" ref="332247032" role="route"/>
  <member type="way" ref="832184388" role="route"/>
  <member type="way" ref="332247033" role="route"/>
  <member type="way" ref="292846436" role="route"/>
  <member type="way" ref="466200913" role="route"/>
  <member type="way" ref="292846437" role="route"/>
  <member type="way" ref="222212996" role="route"/>
  <member type="way" ref="1347340097" role="route"/>
  <member type="way" ref="207802084" role="route"/>
  <member type="way" ref="1347340098" role="route"/>
  <member type="way" ref="1347340099" role="route"/>
  <member type="way" ref="241773707" role="route"/>
  <member type="way" ref="241773706" role="route"/>
  <member type="way" ref="238008746" role="route"/>
  <member type="way" ref="238779263" role="route"/>
  <member type="way" ref="385199665" role="route"/>
  <member type="way" ref="1210344747" role="route"/>
  <member type="way" ref="242877275" role="route"/>
  <member type="way" ref="228709530" role="route"/>
  <member type="way" ref="243718217" role="route"/>
  <member type="way" ref="243718219" role="route"/>
  <member type="way" ref="242877273" role="route"/>
  <member type="way" ref="241774060" role="route"/>
  <member type="way" ref="683204112" role="route"/>
  <member type="way" ref="207810594" role="route"/>
  <member type="way" ref="659629955" role="route"/>
  <member type="way" ref="163893265" role="route"/>
  <member type="way" ref="1334410463" role="route"/>
  <member type="way" ref="1334410465" role="route"/>
  <member type="way" ref="256672628" role="route"/>
  <member type="way" ref="1334410460" role="route"/>
  <member type="way" ref="920683844" role="route"/>
  <member type="way" ref="920683617" role="route"/>
  <member type="way" ref="499536664" role="route"/>
  <member type="way" ref="920684731" role="route"/>
  <member type="way" ref="920682774" role="route"/>
  <member type="way" ref="1222750921" role="route"/>
  <member type="way" ref="1222750922" role="route"/>
  <member type="way" ref="1222750923" role="route"/>
  <member type="way" ref="229143377" role="route"/>
  <member type="way" ref="920679185" role="route"/>
  <member type="way" ref="1222750925" role="route"/>
  <member type="way" ref="1222750926" role="route"/>
  <member type="way" ref="1222750927" role="route"/>
  <member type="way" ref="1222750928" role="route"/>
  <member type="way" ref="1222750929" role="route"/>
  <member type="way" ref="1222750930" role="route"/>
  <member type="way" ref="1222750931" role="route"/>
  <member type="way" ref="1222750932" role="route"/>
  <member type="way" ref="1222750933" role="route"/>
  <member type="way" ref="1222750934" role="route"/>
  <member type="way" ref="499438955" role="route"/>
  <member type="way" ref="1222750935" role="route"/>
  <member type="way" ref="1222750936" role="route"/>
  <member type="way" ref="1222750937" role="route"/>
  <member type="way" ref="499439005" role="route"/>
  <member type="way" ref="499438954" role="route"/>
  <member type="way" ref="1222750938" role="route"/>
  <member type="way" ref="1222750943" role="route"/>
  <member type="way" ref="1222750944" role="route"/>
  <member type="way" ref="920685204" role="route"/>
  <member type="way" ref="1222750945" role="route"/>
  <member type="way" ref="1222750946" role="route"/>
  <member type="way" ref="1207228856" role="route"/>
  <member type="way" ref="1222750947" role="route"/>
  <member type="way" ref="1222750948" role="route"/>
  <member type="way" ref="1222750949" role="route"/>
  <member type="way" ref="1222750950" role="route"/>
  <member type="way" ref="1222750951" role="route"/>
  <member type="way" ref="1222750952" role="route"/>
  <member type="way" ref="1222750953" role="route"/>
  <member type="way" ref="1222750954" role="route"/>
  <member type="way" ref="1222750955" role="route"/>
  <member type="way" ref="1222750956" role="route"/>
  <member type="way" ref="1222750957" role="route"/>
  <member type="way" ref="1222750958" role="route"/>
  <member type="way" ref="1222750959" role="route"/>
  <member type="way" ref="1222752885" role="route"/>
  <member type="way" ref="1222752886" role="route"/>
  <member type="way" ref="1222752889" role="route"/>
  <member type="way" ref="1222752890" role="route"/>
  <member type="way" ref="1222752892" role="route"/>
  <member type="way" ref="1222752893" role="route"/>
  <member type="way" ref="1222752896" role="route"/>
  <member type="way" ref="1222752897" role="route"/>
  <member type="way" ref="1222752898" role="route"/>
  <member type="way" ref="1222752900" role="route"/>
  <member type="way" ref="40758339" role="route"/>
  <member type="way" ref="654563548" role="route"/>
  <member type="way" ref="40758338" role="route"/>
  <member type="way" ref="128717488" role="route"/>
  <tag k="cycle_network" v="Алма - Ата"/>
  <tag k="from" v="АЛ - 15"/>
  <tag k="name" v="МТКА"/>
  <tag k="route" v="bicycle"/>
  <tag k="to" v="КВ - 49"/>
  <tag k="type" v="route"/>
  <tag k="via" v="Аль - Фараби"/>
  <tag k="wikidata" v="Q60851059"/>
  <tag k="wikipedia" v="ru:Малое транспортное кольцо Алма-Аты"/>
 </relation>
 <relation id="14475032" visible="true" version="112" changeset="164195184" timestamp="2025-03-28T07:52:35Z" user="moszkva ter" uid="495146">
  <member type="way" ref="1231039129" role=""/>
  <member type="way" ref="1320749580" role=""/>
  <member type="way" ref="660431396" role=""/>
  <member type="way" ref="1205701733" role=""/>
  <member type="way" ref="1205701734" role=""/>
  <member type="way" ref="1199462123" role=""/>
  <member type="way" ref="1210673737" role=""/>
  <member type="way" ref="1192757216" role="route"/>
  <member type="way" ref="888267361" role="route"/>
  <member type="way" ref="1192757215" role="route"/>
  <member type="way" ref="1124634323" role=""/>
  <member type="way" ref="225899231" role=""/>
  <member type="way" ref="1124634322" role=""/>
  <member type="way" ref="527515498" role="road"/>
  <member type="way" ref="500685744" role="road"/>
  <member type="way" ref="166012745" role="road"/>
  <member type="way" ref="166012754" role="road"/>
  <member type="way" ref="166012759" role="road"/>
  <member type="way" ref="166012752" role="road"/>
  <member type="way" ref="166012757" role="road"/>
  <member type="way" ref="166012724" role="road"/>
  <member type="way" ref="1154310184" role="road"/>
  <member type="way" ref="166012721" role="road"/>
  <member type="way" ref="166012734" role="road"/>
  <member type="way" ref="166012735" role="road"/>
  <member type="way" ref="166012758" role="road"/>
  <member type="way" ref="163910294" role="road"/>
  <member type="way" ref="163910295" role="road"/>
  <member type="way" ref="166014802" role="road"/>
  <member type="way" ref="166014803" role="road"/>
  <member type="way" ref="1082619078" role="road"/>
  <member type="way" ref="227917285" role="road"/>
  <member type="way" ref="166014804" role="road"/>
  <member type="way" ref="166014806" role="road"/>
  <member type="way" ref="166014805" role="road"/>
  <member type="way" ref="163911118" role="road"/>
  <member type="way" ref="163911117" role="bridge"/>
  <member type="way" ref="228485966" role="road"/>
  <member type="way" ref="659570279" role="road"/>
  <member type="way" ref="127623296" role="road"/>
  <member type="way" ref="127623295" role="road"/>
  <member type="way" ref="166869048" role="road"/>
  <member type="way" ref="227918836" role="road"/>
  <member type="way" ref="166869047" role="road"/>
  <member type="way" ref="1240971872" role="road"/>
  <member type="way" ref="1240971873" role="road"/>
  <member type="way" ref="659570999" role="road"/>
  <member type="way" ref="227901598" role="road"/>
  <member type="way" ref="158848195" role="route"/>
  <member type="way" ref="228478067" role="route"/>
  <member type="way" ref="228027854" role="route"/>
  <member type="way" ref="123434564" role="route"/>
  <member type="way" ref="123434563" role="route"/>
  <member type="way" ref="227965805" role="route"/>
  <member type="way" ref="227917286" role="road"/>
  <member type="way" ref="148789846" role=""/>
  <member type="way" ref="1081831414" role="road"/>
  <member type="way" ref="1081831415" role=""/>
  <member type="way" ref="228496219" role="route"/>
  <member type="way" ref="227903260" role="route"/>
  <member type="way" ref="227903261" role="road"/>
  <member type="way" ref="158848023" role=""/>
  <member type="way" ref="537136078" role=""/>
  <member type="way" ref="537136077" role=""/>
  <member type="way" ref="537136076" role=""/>
  <member type="way" ref="158848024" role="route"/>
  <member type="way" ref="1282210502" role="route"/>
  <member type="way" ref="444338389" role=""/>
  <member type="way" ref="313264487" role=""/>
  <member type="way" ref="444338384" role=""/>
  <member type="way" ref="444338388" role=""/>
  <member type="way" ref="313264488" role=""/>
  <member type="way" ref="444338385" role=""/>
  <member type="way" ref="1087397078" role="route"/>
  <member type="way" ref="314773018" role=""/>
  <member type="way" ref="314773012" role=""/>
  <member type="way" ref="314773011" role=""/>
  <member type="way" ref="314773016" role=""/>
  <member type="way" ref="22735404" role=""/>
  <member type="way" ref="23456586" role=""/>
  <member type="way" ref="441708231" role=""/>
  <member type="way" ref="467823832" role=""/>
  <member type="way" ref="405890627" role=""/>
  <member type="way" ref="467823817" role=""/>
  <member type="way" ref="618941615" role=""/>
  <member type="way" ref="911144517" role=""/>
  <member type="way" ref="911144108" role=""/>
  <member type="way" ref="532912453" role=""/>
  <member type="way" ref="1085598340" role=""/>
  <member type="way" ref="335064420" role=""/>
  <member type="way" ref="1085491093" role=""/>
  <member type="way" ref="1085491092" role=""/>
  <member type="way" ref="335064417" role=""/>
  <member type="way" ref="260093826" role=""/>
  <member type="way" ref="245018752" role=""/>
  <member type="way" ref="22733286" role=""/>
  <member type="way" ref="539905160" role=""/>
  <member type="way" ref="124976539" role=""/>
  <member type="way" ref="49854533" role=""/>
  <member type="way" ref="210011735" role=""/>
  <member type="way" ref="210011744" role=""/>
  <member type="way" ref="658376170" role=""/>
  <member type="way" ref="210011704" role=""/>
  <member type="way" ref="658376168" role=""/>
  <member type="way" ref="539712860" role=""/>
  <member type="way" ref="539712858" role=""/>
  <member type="way" ref="228184592" role=""/>
  <member type="way" ref="210011728" role=""/>
  <member type="way" ref="22568624" role=""/>
  <member type="way" ref="659643471" role=""/>
  <member type="way" ref="22568153" role=""/>
  <member type="way" ref="22568146" role=""/>
  <member type="way" ref="228053561" role=""/>
  <member type="way" ref="228469984" role=""/>
  <member type="way" ref="228053562" role=""/>
  <member type="way" ref="1326103710" role=""/>
  <member type="way" ref="40495905" role=""/>
  <member type="way" ref="228186902" role=""/>
  <member type="way" ref="228049616" role=""/>
  <member type="way" ref="391729019" role=""/>
  <member type="way" ref="391729021" role=""/>
  <member type="way" ref="22568643" role=""/>
  <member type="way" ref="1158471561" role=""/>
  <member type="way" ref="1158471560" role=""/>
  <member type="way" ref="729010055" role=""/>
  <member type="way" ref="729010053" role=""/>
  <member type="way" ref="699800880" role=""/>
  <member type="way" ref="1328059554" role=""/>
  <member type="way" ref="691952292" role=""/>
  <member type="way" ref="1194822645" role=""/>
  <member type="way" ref="1207467836" role=""/>
  <member type="way" ref="699841804" role=""/>
  <member type="way" ref="1194822647" role=""/>
  <member type="way" ref="1194822648" role=""/>
  <member type="way" ref="575427648" role=""/>
  <member type="way" ref="1207467837" role=""/>
  <member type="way" ref="1194822646" role=""/>
  <member type="way" ref="565179903" role=""/>
  <member type="way" ref="1207467839" role=""/>
  <member type="way" ref="1091635639" role=""/>
  <member type="way" ref="956198084" role=""/>
  <member type="way" ref="819345950" role=""/>
  <member type="way" ref="1158471562" role=""/>
  <member type="way" ref="1158471563" role=""/>
  <member type="way" ref="1293034106" role=""/>
  <member type="way" ref="209288476" role=""/>
  <member type="way" ref="391729020" role=""/>
  <member type="way" ref="391729022" role=""/>
  <member type="way" ref="228049618" role=""/>
  <member type="way" ref="228186901" role=""/>
  <member type="way" ref="228049617" role=""/>
  <member type="way" ref="228186444" role=""/>
  <member type="way" ref="228049619" role=""/>
  <member type="way" ref="228186445" role=""/>
  <member type="way" ref="228186446" role=""/>
  <member type="way" ref="218877627" role=""/>
  <member type="way" ref="431450759" role=""/>
  <member type="way" ref="123171352" role=""/>
  <member type="way" ref="22568625" role=""/>
  <member type="way" ref="22568204" role=""/>
  <member type="way" ref="372059811" role=""/>
  <member type="way" ref="210011685" role=""/>
  <member type="way" ref="539712859" role=""/>
  <member type="way" ref="658376167" role=""/>
  <member type="way" ref="210011741" role=""/>
  <member type="way" ref="210011689" role=""/>
  <member type="way" ref="210011708" role=""/>
  <member type="way" ref="324837512" role=""/>
  <member type="way" ref="211082885" role=""/>
  <member type="way" ref="27461543" role=""/>
  <member type="way" ref="335064422" role=""/>
  <member type="way" ref="335064418" role=""/>
  <member type="way" ref="1085491090" role=""/>
  <member type="way" ref="1085491091" role=""/>
  <member type="way" ref="911142929" role=""/>
  <member type="way" ref="911142928" role=""/>
  <member type="way" ref="335064421" role=""/>
  <member type="way" ref="911144110" role=""/>
  <member type="way" ref="911144109" role=""/>
  <member type="way" ref="1225631132" role=""/>
  <member type="way" ref="911144518" role=""/>
  <member type="way" ref="618941617" role=""/>
  <member type="way" ref="618941616" role=""/>
  <member type="way" ref="185869342" role=""/>
  <member type="way" ref="124982794" role=""/>
  <member type="way" ref="23456588" role=""/>
  <member type="way" ref="1087397080" role=""/>
  <member type="way" ref="230093586" role=""/>
  <member type="way" ref="27009404" role=""/>
  <member type="way" ref="431386944" role=""/>
  <member type="way" ref="149786658" role=""/>
  <member type="way" ref="413106661" role=""/>
  <member type="way" ref="318052099" role=""/>
  <member type="way" ref="413115545" role=""/>
  <member type="way" ref="413106671" role=""/>
  <member type="way" ref="413106666" role=""/>
  <member type="way" ref="79633327" role=""/>
  <member type="way" ref="444338377" role=""/>
  <member type="way" ref="538627409" role="route"/>
  <member type="way" ref="1192754867" role="route"/>
  <member type="way" ref="394954729" role=""/>
  <member type="way" ref="413115542" role=""/>
  <member type="way" ref="417812292" role=""/>
  <member type="way" ref="599766221" role=""/>
  <member type="way" ref="417812285" role=""/>
  <member type="way" ref="20340184" role=""/>
  <member type="way" ref="590916716" role=""/>
  <member type="way" ref="440509809" role=""/>
  <member type="way" ref="538627149" role=""/>
  <member type="way" ref="385204718" role=""/>
  <member type="way" ref="42652687" role=""/>
  <member type="way" ref="353201970" role=""/>
  <member type="way" ref="353201972" role=""/>
  <member type="way" ref="1116306283" role=""/>
  <member type="way" ref="1116310984" role=""/>
  <member type="way" ref="431406195" role=""/>
  <member type="way" ref="1116306288" role=""/>
  <member type="way" ref="89555201" role=""/>
  <member type="way" ref="669458632" role=""/>
  <member type="way" ref="1283578710" role=""/>
  <member type="way" ref="367420991" role=""/>
  <member type="way" ref="692701613" role=""/>
  <member type="way" ref="89555199" role=""/>
  <member type="way" ref="590916719" role=""/>
  <member type="way" ref="42790655" role=""/>
  <member type="way" ref="111827693" role=""/>
  <member type="way" ref="20340550" role=""/>
  <member type="way" ref="413115541" role=""/>
  <member type="way" ref="417812309" role=""/>
  <member type="way" ref="113610823" role=""/>
  <member type="way" ref="1313106194" role=""/>
  <member type="way" ref="599766224" role=""/>
  <member type="way" ref="417812301" role=""/>
  <member type="way" ref="138583977" role=""/>
  <member type="way" ref="413115543" role=""/>
  <member type="way" ref="413115540" role=""/>
  <member type="way" ref="113610833" role=""/>
  <member type="way" ref="113610829" role=""/>
  <member type="way" ref="413106668" role=""/>
  <member type="way" ref="413106673" role=""/>
  <member type="way" ref="318052100" role=""/>
  <member type="way" ref="318052098" role=""/>
  <member type="way" ref="149786654" role=""/>
  <member type="way" ref="113610821" role=""/>
  <member type="way" ref="413106650" role=""/>
  <member type="way" ref="413106651" role=""/>
  <member type="way" ref="1313107820" role=""/>
  <member type="way" ref="413106643" role=""/>
  <member type="way" ref="413106641" role=""/>
  <member type="way" ref="250575881" role=""/>
  <member type="way" ref="250575882" role=""/>
  <member type="way" ref="394525220" role=""/>
  <member type="way" ref="489089182" role=""/>
  <member type="way" ref="489089181" role=""/>
  <member type="way" ref="489006143" role=""/>
  <member type="way" ref="493689655" role=""/>
  <member type="way" ref="493689657" role=""/>
  <member type="way" ref="489006142" role=""/>
  <member type="way" ref="207283662" role=""/>
  <member type="way" ref="684903950" role=""/>
  <member type="way" ref="692720920" role=""/>
  <member type="way" ref="1192754865" role="route"/>
  <member type="way" ref="365722735" role="route"/>
  <member type="way" ref="1192754866" role=""/>
  <member type="way" ref="538627413" role=""/>
  <member type="way" ref="888267359" role=""/>
  <member type="way" ref="889423784" role=""/>
  <member type="way" ref="889177855" role=""/>
  <member type="way" ref="298852647" role=""/>
  <member type="way" ref="230249297" role=""/>
  <member type="way" ref="367419993" role=""/>
  <member type="way" ref="237913659" role=""/>
  <member type="way" ref="1136669515" role=""/>
  <member type="way" ref="1136669514" role=""/>
  <member type="way" ref="257307319" role=""/>
  <member type="way" ref="222005941" role=""/>
  <member type="way" ref="1207264340" role=""/>
  <member type="way" ref="1207264341" role=""/>
  <member type="way" ref="233390095" role=""/>
  <member type="way" ref="877471986" role=""/>
  <member type="way" ref="660431369" role=""/>
  <member type="way" ref="889177860" role=""/>
  <member type="way" ref="889177866" role=""/>
  <member type="way" ref="889177865" role=""/>
  <member type="way" ref="1320749581" role=""/>
  <member type="way" ref="877471994" role=""/>
  <member type="way" ref="1205701732" role=""/>
  <member type="way" ref="445530270" role=""/>
  <member type="way" ref="107899484" role=""/>
  <member type="way" ref="444625555" role=""/>
  <member type="way" ref="444625556" role=""/>
  <member type="way" ref="222091940" role=""/>
  <member type="way" ref="222028968" role=""/>
  <member type="way" ref="233390093" role=""/>
  <member type="way" ref="233390096" role=""/>
  <member type="way" ref="89555200" role=""/>
  <member type="way" ref="353201971" role=""/>
  <member type="way" ref="1217686713" role=""/>
  <member type="way" ref="1217686714" role=""/>
  <member type="way" ref="1217686715" role=""/>
  <member type="way" ref="647760099" role=""/>
  <member type="way" ref="353201965" role=""/>
  <member type="way" ref="353192602" role=""/>
  <member type="way" ref="391745296" role=""/>
  <member type="way" ref="324691991" role=""/>
  <member type="way" ref="250780822" role=""/>
  <member type="way" ref="242813541" role=""/>
  <member type="way" ref="250776093" role=""/>
  <member type="way" ref="250780825" role=""/>
  <member type="way" ref="250780823" role=""/>
  <member type="way" ref="250770928" role=""/>
  <member type="way" ref="250780824" role=""/>
  <member type="way" ref="250780826" role=""/>
  <member type="way" ref="199901515" role=""/>
  <member type="way" ref="1369972058" role=""/>
  <member type="way" ref="1369972057" role=""/>
  <member type="way" ref="242813539" role=""/>
  <member type="way" ref="211753881" role=""/>
  <member type="way" ref="324691982" role=""/>
  <member type="way" ref="250778192" role=""/>
  <member type="way" ref="31099730" role=""/>
  <member type="way" ref="233385537" role=""/>
  <member type="way" ref="324691986" role=""/>
  <member type="way" ref="207314383" role=""/>
  <member type="way" ref="250742676" role=""/>
  <member type="way" ref="250742672" role=""/>
  <member type="way" ref="250744199" role=""/>
  <member type="way" ref="250744200" role=""/>
  <member type="way" ref="489008080" role=""/>
  <member type="way" ref="250784909" role=""/>
  <member type="way" ref="250807392" role=""/>
  <member type="way" ref="298774113" role=""/>
  <member type="way" ref="298774112" role=""/>
  <member type="way" ref="250807391" role=""/>
  <member type="way" ref="250575884" role=""/>
  <member type="way" ref="250742675" role=""/>
  <member type="way" ref="250742677" role=""/>
  <member type="way" ref="692720475" role=""/>
  <member type="way" ref="692720921" role=""/>
  <member type="way" ref="544311252" role=""/>
  <member type="way" ref="544311251" role=""/>
  <member type="way" ref="544311258" role=""/>
  <member type="way" ref="544311257" role=""/>
  <member type="way" ref="692720477" role=""/>
  <member type="way" ref="488844152" role=""/>
  <member type="way" ref="1369922947" role=""/>
  <member type="way" ref="303006705" role=""/>
  <member type="way" ref="687735666" role=""/>
  <member type="way" ref="692701614" role=""/>
  <member type="way" ref="1091662253" role=""/>
  <member type="way" ref="1013335543" role=""/>
  <member type="way" ref="1013335544" role=""/>
  <member type="way" ref="892247424" role=""/>
  <member type="way" ref="892247421" role=""/>
  <member type="way" ref="892247422" role=""/>
  <member type="way" ref="20337421" role=""/>
  <member type="way" ref="1360638555" role=""/>
  <member type="way" ref="1360633453" role=""/>
  <member type="way" ref="137330059" role=""/>
  <member type="way" ref="232619421" role=""/>
  <member type="way" ref="232619423" role=""/>
  <member type="way" ref="119009501" role=""/>
  <member type="way" ref="137330060" role=""/>
  <member type="way" ref="232619422" role=""/>
  <member type="way" ref="119009493" role=""/>
  <member type="way" ref="1360638554" role=""/>
  <member type="way" ref="1360633445" role=""/>
  <member type="way" ref="1361717906" role=""/>
  <member type="way" ref="1360633452" role=""/>
  <member type="way" ref="119009506" role=""/>
  <member type="way" ref="590916718" role=""/>
  <member type="way" ref="590916717" role=""/>
  <member type="way" ref="125591264" role="route"/>
  <member type="way" ref="385204719" role="route"/>
  <member type="way" ref="311211584" role="route"/>
  <member type="way" ref="1184004398" role="route"/>
  <member type="way" ref="301511266" role="route"/>
  <member type="way" ref="365722736" role="route"/>
  <member type="way" ref="1192754864" role="route"/>
  <member type="way" ref="124982795" role=""/>
  <member type="way" ref="1183322130" role=""/>
  <member type="way" ref="889177862" role=""/>
  <member type="way" ref="659669314" role=""/>
  <member type="way" ref="440509810" role=""/>
  <member type="way" ref="233390094" role=""/>
  <member type="way" ref="222091939" role=""/>
  <member type="way" ref="1116306279" role=""/>
  <member type="way" ref="1177997981" role=""/>
  <member type="way" ref="1150162763" role=""/>
  <member type="way" ref="367420851" role=""/>
  <member type="way" ref="1159858005" role=""/>
  <member type="way" ref="367420852" role=""/>
  <member type="way" ref="488844240" role=""/>
  <member type="way" ref="488844241" role=""/>
  <member type="way" ref="1159858004" role=""/>
  <member type="way" ref="1116306274" role=""/>
  <member type="way" ref="230249305" role=""/>
  <member type="way" ref="372060638" role=""/>
  <member type="way" ref="209907554" role=""/>
  <member type="way" ref="367421294" role=""/>
  <member type="way" ref="89555202" role=""/>
  <member type="way" ref="1231039128" role=""/>
  <member type="way" ref="1091662254" role=""/>
  <member type="way" ref="669457173" role=""/>
  <member type="way" ref="692698814" role=""/>
  <member type="way" ref="1369922948" role=""/>
  <member type="way" ref="435446182" role=""/>
  <member type="way" ref="488844154" role=""/>
  <member type="way" ref="692720476" role=""/>
  <member type="way" ref="544311256" role=""/>
  <member type="way" ref="544311255" role=""/>
  <member type="way" ref="544311254" role=""/>
  <member type="way" ref="544311253" role=""/>
  <member type="way" ref="692720922" role=""/>
  <member type="way" ref="394065533" role=""/>
  <member type="way" ref="692720919" role=""/>
  <member type="way" ref="394065538" role=""/>
  <member type="way" ref="684903843" role=""/>
  <member type="way" ref="489006141" role=""/>
  <member type="way" ref="493689656" role=""/>
  <member type="way" ref="493689654" role=""/>
  <member type="way" ref="489006144" role=""/>
  <member type="way" ref="489089179" role=""/>
  <member type="way" ref="489089183" role=""/>
  <member type="way" ref="233385530" role=""/>
  <member type="way" ref="394525219" role=""/>
  <member type="way" ref="394525218" role=""/>
  <member type="way" ref="233385532" role=""/>
  <member type="way" ref="233385528" role=""/>
  <member type="way" ref="250742673" role=""/>
  <member type="way" ref="250742674" role=""/>
  <member type="way" ref="189791822" role=""/>
  <member type="way" ref="233390462" role=""/>
  <member type="way" ref="298774114" role=""/>
  <member type="way" ref="298774115" role=""/>
  <member type="way" ref="233700940" role=""/>
  <member type="way" ref="489008079" role=""/>
  <member type="way" ref="233385526" role=""/>
  <member type="way" ref="242811628" role=""/>
  <member type="way" ref="242811629" role=""/>
  <member type="way" ref="233700939" role=""/>
  <member type="way" ref="233700938" role=""/>
  <member type="way" ref="233385536" role=""/>
  <member type="way" ref="250780820" role=""/>
  <member type="way" ref="250780819" role=""/>
  <member type="way" ref="250780818" role=""/>
  <member type="way" ref="352368180" role=""/>
  <member type="way" ref="376196258" role=""/>
  <member type="way" ref="376196257" role=""/>
  <member type="way" ref="352368145" role=""/>
  <member type="way" ref="113610837" role=""/>
  <member type="way" ref="113610831" role=""/>
  <member type="way" ref="113610822" role=""/>
  <member type="way" ref="139269482" role=""/>
  <member type="way" ref="232619347" role=""/>
  <member type="way" ref="113610832" role=""/>
  <member type="way" ref="413106642" role=""/>
  <member type="way" ref="413106640" role=""/>
  <member type="way" ref="413115548" role=""/>
  <member type="way" ref="113610835" role=""/>
  <member type="way" ref="137780872" role=""/>
  <member type="way" ref="137780874" role=""/>
  <member type="way" ref="20340561" role=""/>
  <member type="way" ref="20337084" role=""/>
  <member type="way" ref="413106649" role=""/>
  <member type="way" ref="413106648" role=""/>
  <member type="way" ref="139269481" role=""/>
  <member type="way" ref="1061951269" role=""/>
  <member type="way" ref="31103266" role=""/>
  <member type="way" ref="107899469" role=""/>
  <member type="way" ref="107899479" role=""/>
  <member type="way" ref="232619420" role=""/>
  <member type="way" ref="281770154" role=""/>
  <member type="way" ref="281770149" role="route"/>
  <member type="way" ref="1183981714" role=""/>
  <member type="way" ref="307906328" role=""/>
  <member type="way" ref="385204722" role="route"/>
  <member type="way" ref="538627418" role="route"/>
  <member type="way" ref="538627419" role="route"/>
  <member type="way" ref="137780871" role=""/>
  <member type="way" ref="137780873" role=""/>
  <member type="way" ref="113610827" role=""/>
  <member type="way" ref="417812314" role=""/>
  <member type="way" ref="467057914" role=""/>
  <member type="way" ref="467057913" role=""/>
  <member type="way" ref="217595512" role=""/>
  <member type="way" ref="460740758" role=""/>
  <member type="way" ref="549308201" role=""/>
  <member type="way" ref="22778822" role=""/>
  <member type="way" ref="549308207" role=""/>
  <member type="way" ref="330199566" role=""/>
  <member type="way" ref="22794296" role=""/>
  <member type="way" ref="460740723" role=""/>
  <member type="way" ref="460740729" role=""/>
  <member type="way" ref="549308211" role=""/>
  <member type="way" ref="415764366" role=""/>
  <member type="way" ref="415764355" role=""/>
  <member type="way" ref="415764359" role=""/>
  <member type="way" ref="413115590" role=""/>
  <member type="way" ref="413115576" role=""/>
  <member type="way" ref="413106632" role=""/>
  <member type="way" ref="413106629" role=""/>
  <member type="way" ref="460870559" role=""/>
  <member type="way" ref="413106638" role=""/>
  <member type="way" ref="413115571" role=""/>
  <member type="way" ref="413115558" role=""/>
  <member type="way" ref="413115555" role=""/>
  <member type="way" ref="413115554" role=""/>
  <member type="way" ref="413115550" role=""/>
  <member type="way" ref="413115551" role=""/>
  <member type="way" ref="413115546" role=""/>
  <member type="way" ref="413115547" role=""/>
  <member type="way" ref="1353379748" role=""/>
  <member type="way" ref="107899491" role=""/>
  <member type="way" ref="1353379749" role=""/>
  <member type="way" ref="1358701093" role=""/>
  <member type="way" ref="107899486" role=""/>
  <member type="way" ref="205197565" role=""/>
  <member type="way" ref="205197555" role=""/>
  <member type="way" ref="242824088" role=""/>
  <member type="way" ref="692927644" role=""/>
  <member type="way" ref="352863907" role=""/>
  <member type="way" ref="352863906" role=""/>
  <member type="way" ref="352863903" role=""/>
  <member type="way" ref="355291901" role=""/>
  <member type="way" ref="352863900" role=""/>
  <member type="way" ref="352863892" role=""/>
  <member type="way" ref="251833985" role=""/>
  <member type="way" ref="137313938" role=""/>
  <member type="way" ref="497623602" role=""/>
  <member type="way" ref="42790656" role=""/>
  <member type="way" ref="445530271" role=""/>
  <member type="way" ref="538627402" role=""/>
  <member type="way" ref="1183322131" role=""/>
  <member type="way" ref="1365376020" role=""/>
  <member type="way" ref="538627150" role=""/>
  <member type="way" ref="42652683" role=""/>
  <member type="way" ref="240501971" role=""/>
  <member type="way" ref="1312107540" role=""/>
  <member type="way" ref="372060640" role=""/>
  <member type="way" ref="209907553" role=""/>
  <member type="way" ref="230249294" role=""/>
  <member type="way" ref="230249301" role=""/>
  <member type="way" ref="367419992" role=""/>
  <member type="way" ref="1136669513" role=""/>
  <member type="way" ref="1136669512" role=""/>
  <member type="way" ref="257307320" role=""/>
  <member type="way" ref="257307318" role=""/>
  <member type="way" ref="1241282987" role=""/>
  <member type="way" ref="892247425" role=""/>
  <member type="way" ref="251833978" role=""/>
  <member type="way" ref="233700938" role=""/>
  <member type="way" ref="482974171" role=""/>
  <member type="way" ref="482974169" role=""/>
  <member type="way" ref="482974174" role=""/>
  <member type="way" ref="301620757" role=""/>
  <member type="way" ref="139829423" role=""/>
  <member type="way" ref="497599591" role=""/>
  <member type="way" ref="497599572" role=""/>
  <member type="way" ref="298989224" role=""/>
  <member type="way" ref="298989226" role=""/>
  <member type="way" ref="298989225" role=""/>
  <member type="way" ref="497623593" role=""/>
  <member type="way" ref="497623594" role=""/>
  <member type="way" ref="497818339" role=""/>
  <member type="way" ref="497623604" role=""/>
  <member type="way" ref="352863902" role=""/>
  <member type="way" ref="497623606" role=""/>
  <member type="way" ref="497623601" role=""/>
  <member type="way" ref="497630960" role=""/>
  <member type="way" ref="497630962" role=""/>
  <member type="way" ref="352863904" role=""/>
  <member type="way" ref="497630956" role=""/>
  <member type="way" ref="497630954" role=""/>
  <member type="way" ref="352863891" role=""/>
  <member type="way" ref="352863905" role=""/>
  <member type="way" ref="298781448" role=""/>
  <member type="way" ref="242824087" role=""/>
  <member type="way" ref="1117565364" role=""/>
  <member type="way" ref="242824462" role=""/>
  <member type="way" ref="352863901" role=""/>
  <member type="way" ref="1016074599" role=""/>
  <member type="way" ref="138950228" role=""/>
  <member type="way" ref="119009500" role=""/>
  <member type="way" ref="497630957" role=""/>
  <member type="way" ref="497630955" role=""/>
  <member type="way" ref="233711935" role=""/>
  <member type="way" ref="497630961" role=""/>
  <member type="way" ref="497630963" role=""/>
  <member type="way" ref="137313937" role=""/>
  <member type="way" ref="497623603" role=""/>
  <member type="way" ref="497623605" role=""/>
  <member type="way" ref="1116310973" role=""/>
  <member type="way" ref="1159984650" role=""/>
  <member type="way" ref="319466286" role=""/>
  <member type="way" ref="319466285" role=""/>
  <member type="way" ref="1159984651" role=""/>
  <member type="way" ref="367420849" role=""/>
  <member type="way" ref="137313921" role=""/>
  <member type="way" ref="137306594" role=""/>
  <member type="way" ref="42790746" role=""/>
  <member type="way" ref="138744219" role=""/>
  <member type="way" ref="298989223" role=""/>
  <member type="way" ref="80261966" role=""/>
  <member type="way" ref="139828846" role=""/>
  <member type="way" ref="139829399" role=""/>
  <member type="way" ref="139828765" role=""/>
  <member type="way" ref="482974166" role=""/>
  <member type="way" ref="482974173" role=""/>
  <member type="way" ref="482974168" role=""/>
  <member type="way" ref="482974172" role=""/>
  <member type="way" ref="1220167812" role=""/>
  <member type="way" ref="497599614" role=""/>
  <member type="way" ref="1220167811" role=""/>
  <member type="way" ref="497599617" role=""/>
  <member type="way" ref="497603377" role=""/>
  <member type="way" ref="42790743" role=""/>
  <member type="way" ref="1372273859" role=""/>
  <member type="way" ref="428789558" role=""/>
  <member type="way" ref="428789559" role=""/>
  <member type="way" ref="250847291" role=""/>
  <member type="way" ref="358614903" role=""/>
  <member type="way" ref="358597308" role=""/>
  <member type="way" ref="358597309" role=""/>
  <member type="way" ref="358614905" role=""/>
  <member type="way" ref="250847293" role=""/>
  <member type="way" ref="428789561" role=""/>
  <member type="way" ref="428789567" role=""/>
  <member type="way" ref="435272563" role=""/>
  <member type="way" ref="435272560" role=""/>
  <member type="way" ref="58402044" role=""/>
  <member type="way" ref="497818338" role=""/>
  <member type="way" ref="497818340" role=""/>
  <member type="way" ref="435272562" role=""/>
  <member type="way" ref="435272561" role=""/>
  <member type="way" ref="250847292" role=""/>
  <member type="way" ref="428789563" role=""/>
  <member type="way" ref="428789562" role=""/>
  <member type="way" ref="358614902" role=""/>
  <member type="way" ref="358597311" role=""/>
  <member type="way" ref="358597310" role=""/>
  <member type="way" ref="358614904" role=""/>
  <member type="way" ref="242819263" role=""/>
  <member type="way" ref="42790744" role=""/>
  <member type="way" ref="428789560" role=""/>
  <member type="way" ref="428789557" role=""/>
  <member type="way" ref="1372273860" role=""/>
  <member type="way" ref="376196253" role=""/>
  <member type="way" ref="352379544" role=""/>
  <member type="way" ref="352368749" role=""/>
  <member type="way" ref="352368740" role=""/>
  <member type="way" ref="376025333" role=""/>
  <member type="way" ref="376025334" role=""/>
  <member type="way" ref="352378105" role=""/>
  <member type="way" ref="352368744" role=""/>
  <member type="way" ref="352368733" role=""/>
  <member type="way" ref="352378103" role=""/>
  <member type="way" ref="352368736" role=""/>
  <member type="way" ref="352368738" role=""/>
  <member type="way" ref="467458092" role=""/>
  <member type="way" ref="467458091" role=""/>
  <member type="way" ref="376198937" role=""/>
  <member type="way" ref="376198938" role=""/>
  <member type="way" ref="376198936" role=""/>
  <member type="way" ref="376198935" role=""/>
  <member type="way" ref="352368178" role=""/>
  <member type="way" ref="352368183" role=""/>
  <member type="way" ref="352368188" role=""/>
  <member type="way" ref="352368179" role=""/>
  <member type="way" ref="493693580" role="road"/>
  <member type="way" ref="527624970" role="road"/>
  <member type="way" ref="493693570" role=""/>
  <member type="way" ref="493693579" role="road"/>
  <member type="way" ref="493693572" role="road"/>
  <member type="way" ref="493693576" role=""/>
  <member type="way" ref="1013335545" role=""/>
  <member type="way" ref="233822718" role=""/>
  <member type="way" ref="467057915" role=""/>
  <member type="way" ref="467057912" role=""/>
  <member type="way" ref="22794261" role=""/>
  <member type="way" ref="549308200" role=""/>
  <member type="way" ref="22794288" role=""/>
  <member type="way" ref="460740741" role=""/>
  <member type="way" ref="549308210" role=""/>
  <member type="way" ref="415764365" role=""/>
  <member type="way" ref="415764363" role=""/>
  <member type="way" ref="415764362" role=""/>
  <member type="way" ref="415764361" role=""/>
  <member type="way" ref="413115579" role=""/>
  <member type="way" ref="413115585" role=""/>
  <member type="way" ref="413106628" role=""/>
  <member type="way" ref="413106633" role=""/>
  <member type="way" ref="460870560" role=""/>
  <member type="way" ref="413106639" role=""/>
  <member type="way" ref="413115564" role=""/>
  <member type="way" ref="413115560" role=""/>
  <member type="way" ref="413115557" role=""/>
  <member type="way" ref="413115556" role=""/>
  <member type="way" ref="413115553" role=""/>
  <member type="way" ref="413115552" role=""/>
  <member type="way" ref="413115549" role=""/>
  <member type="way" ref="493693573" role=""/>
  <member type="way" ref="352368193" role=""/>
  <member type="way" ref="352368195" role=""/>
  <member type="way" ref="352379547" role=""/>
  <member type="way" ref="352379535" role=""/>
  <member type="way" ref="482974164" role=""/>
  <member type="way" ref="482974165" role=""/>
  <member type="way" ref="1351914114" role=""/>
  <member type="way" ref="1351914113" role=""/>
  <tag k="from" v="Жібек Жолы"/>
  <tag k="network" v="А"/>
  <tag k="ref" v="2"/>
  <tag k="route" v="road"/>
  <tag k="to" v="Қорғас"/>
  <tag k="type" v="route"/>
  <tag k="via" v="Шымкент;Тараз;Алматы;Көкпек;Қордай;Қайнар;Құлан"/>
 </relation>
 <relation id="14484099" visible="true" version="5" changeset="128872322" timestamp="2022-11-14T05:24:05Z" user="evgeniyakz" uid="16572338">
  <member type="way" ref="228053561" role=""/>
  <member type="way" ref="49854537" role=""/>
  <member type="relation" ref="14473570" role=""/>
  <member type="relation" ref="14475032" role=""/>
  <member type="relation" ref="14478357" role=""/>
  <member type="relation" ref="14477870" role=""/>
  <tag k="name" v="Сеть А"/>
  <tag k="type" v="network"/>
 </relation>
 <relation id="14878144" visible="true" version="27" changeset="163973792" timestamp="2025-03-23T07:08:32Z" user="nuruk" uid="20180657">
  <member type="way" ref="241774059" role=""/>
  <member type="way" ref="243586536" role=""/>
  <member type="way" ref="241773172" role=""/>
  <member type="way" ref="243718224" role=""/>
  <member type="way" ref="241773171" role=""/>
  <member type="way" ref="243586534" role=""/>
  <member type="way" ref="229188632" role=""/>
  <member type="way" ref="207656293" role=""/>
  <member type="way" ref="685069943" role=""/>
  <member type="way" ref="207656310" role=""/>
  <member type="way" ref="207656302" role=""/>
  <member type="way" ref="207656313" role=""/>
  <member type="way" ref="428278544" role=""/>
  <member type="way" ref="1191906079" role=""/>
  <member type="way" ref="685069940" role=""/>
  <member type="way" ref="211082876" role=""/>
  <member type="way" ref="228767498" role=""/>
  <member type="way" ref="1191906078" role=""/>
  <member type="way" ref="1342506306" role=""/>
  <member type="way" ref="211082873" role=""/>
  <member type="way" ref="1355155648" role=""/>
  <member type="way" ref="207738890" role=""/>
  <member type="way" ref="1355155647" role=""/>
  <member type="way" ref="685069938" role=""/>
  <member type="way" ref="685069939" role=""/>
  <member type="way" ref="1198654115" role=""/>
  <member type="way" ref="659634775" role=""/>
  <member type="way" ref="207735489" role=""/>
  <member type="way" ref="26538078" role=""/>
  <member type="way" ref="211082882" role=""/>
  <member type="way" ref="207791482" role=""/>
  <member type="way" ref="207791498" role=""/>
  <member type="way" ref="207791486" role=""/>
  <member type="way" ref="207791487" role=""/>
  <member type="way" ref="211082871" role=""/>
  <member type="way" ref="207656311" role=""/>
  <member type="way" ref="211082872" role=""/>
  <member type="way" ref="207791492" role=""/>
  <member type="way" ref="211082880" role=""/>
  <member type="way" ref="226407096" role=""/>
  <member type="way" ref="226407100" role=""/>
  <member type="way" ref="1195205032" role=""/>
  <member type="way" ref="250444894" role=""/>
  <member type="way" ref="590916731" role=""/>
  <member type="way" ref="250444895" role=""/>
  <member type="way" ref="1195205033" role=""/>
  <member type="way" ref="244100459" role=""/>
  <member type="way" ref="244100460" role=""/>
  <member type="way" ref="384959670" role=""/>
  <member type="way" ref="384959669" role=""/>
  <member type="way" ref="384959681" role=""/>
  <member type="way" ref="226407091" role=""/>
  <member type="way" ref="384959671" role=""/>
  <member type="way" ref="384959680" role=""/>
  <member type="way" ref="384959679" role=""/>
  <member type="way" ref="226407099" role=""/>
  <member type="way" ref="384959672" role=""/>
  <member type="way" ref="241971697" role=""/>
  <member type="way" ref="590916728" role=""/>
  <member type="way" ref="241971698" role=""/>
  <member type="way" ref="590916730" role=""/>
  <member type="way" ref="437501549" role=""/>
  <member type="way" ref="437501550" role=""/>
  <member type="way" ref="624000589" role=""/>
  <member type="way" ref="384959673" role=""/>
  <member type="way" ref="590916724" role=""/>
  <member type="way" ref="590916720" role=""/>
  <member type="way" ref="23444591" role=""/>
  <member type="way" ref="185869342" role=""/>
  <member type="way" ref="441708227" role=""/>
  <member type="way" ref="26642632" role=""/>
  <member type="way" ref="185869340" role=""/>
  <member type="way" ref="441708231" role=""/>
  <member type="way" ref="467823832" role=""/>
  <member type="way" ref="590916719" role=""/>
  <member type="way" ref="590916714" role=""/>
  <member type="way" ref="444338387" role=""/>
  <member type="way" ref="23456587" role=""/>
  <member type="way" ref="345469489" role=""/>
  <member type="way" ref="444338391" role=""/>
  <member type="way" ref="124982792" role=""/>
  <member type="way" ref="590916715" role=""/>
  <member type="way" ref="590914853" role=""/>
  <member type="way" ref="441708228" role=""/>
  <member type="way" ref="590914856" role=""/>
  <member type="way" ref="590914864" role=""/>
  <member type="way" ref="590914861" role=""/>
  <member type="way" ref="441708233" role=""/>
  <member type="way" ref="590914873" role=""/>
  <member type="way" ref="435422738" role=""/>
  <member type="way" ref="435422879" role=""/>
  <member type="way" ref="589451701" role=""/>
  <member type="way" ref="467823827" role=""/>
  <member type="way" ref="1200040718" role=""/>
  <member type="way" ref="728802332" role=""/>
  <member type="way" ref="1333217062" role=""/>
  <member type="way" ref="1206549807" role=""/>
  <member type="way" ref="590914871" role=""/>
  <member type="way" ref="435422878" role=""/>
  <member type="way" ref="590914866" role=""/>
  <member type="way" ref="1168465971" role=""/>
  <member type="way" ref="1168465970" role=""/>
  <member type="way" ref="1098919643" role=""/>
  <member type="way" ref="1209145449" role=""/>
  <member type="way" ref="1185681830" role=""/>
  <member type="way" ref="235410043" role=""/>
  <member type="way" ref="241579932" role=""/>
  <member type="way" ref="278773553" role=""/>
  <member type="way" ref="231687643" role=""/>
  <member type="way" ref="246184873" role=""/>
  <member type="way" ref="231687645" role=""/>
  <member type="way" ref="1185681013" role=""/>
  <member type="way" ref="1185681012" role=""/>
  <member type="way" ref="1098919641" role=""/>
  <member type="way" ref="1168465969" role=""/>
  <member type="way" ref="1168465967" role=""/>
  <member type="way" ref="1206549806" role=""/>
  <member type="way" ref="1333217061" role=""/>
  <member type="way" ref="728801803" role=""/>
  <member type="way" ref="1200040719" role=""/>
  <member type="way" ref="1187690069" role=""/>
  <member type="way" ref="1210542607" role=""/>
  <member type="way" ref="1067513015" role=""/>
  <member type="way" ref="1183637076" role=""/>
  <member type="way" ref="1078708127" role=""/>
  <member type="way" ref="1183637075" role=""/>
  <member type="way" ref="1187690070" role=""/>
  <member type="way" ref="1210542608" role=""/>
  <member type="way" ref="1112453859" role=""/>
  <member type="way" ref="537369519" role="street"/>
  <member type="way" ref="1144429652" role="street"/>
  <member type="way" ref="662532061" role="road"/>
  <member type="way" ref="662532062" role="street"/>
  <member type="way" ref="662532050" role="street"/>
  <member type="way" ref="1210545753" role="road"/>
  <member type="way" ref="1210546153" role="road"/>
  <member type="way" ref="1184152553" role=""/>
  <member type="way" ref="1184152552" role="road"/>
  <member type="way" ref="180617145" role="street"/>
  <member type="way" ref="180617141" role="street"/>
  <member type="way" ref="1165450434" role="street"/>
  <tag k="name" v="Улица Саина"/>
  <tag k="start_date" v="1964"/>
  <tag k="type" v="street"/>
  <tag k="video" v="https://www.youtube.com/watch?v=ajVDZ2m4Ids"/>
  <tag k="wikidata" v="Q4381347"/>
  <tag k="wikipedia" v="ru:Улица Саина (Алма-Ата)"/>
 </relation>
 <relation id="16682228" visible="true" version="1" changeset="143901677" timestamp="2023-11-11T14:24:04Z" user="evgeniyakz" uid="16572338">
  <member type="way" ref="1222748256" role="from"/>
  <member type="node" ref="6501452914" role="via"/>
  <member type="way" ref="692522019" role="to"/>
  <tag k="restriction" v="no_left_turn"/>
  <tag k="type" v="restriction"/>
 </relation>
 <relation id="16682229" visible="true" version="1" changeset="143901677" timestamp="2023-11-11T14:24:04Z" user="evgeniyakz" uid="16572338">
  <member type="way" ref="1222748256" role="from"/>
  <member type="node" ref="10244854385" role="via"/>
  <member type="way" ref="1120131053" role="to"/>
  <tag k="restriction" v="no_left_turn"/>
  <tag k="type" v="restriction"/>
 </relation>
 <relation id="17987577" visible="true" version="1" changeset="155945797" timestamp="2024-08-29T20:05:11Z" user="ChromeLotus" uid="12491759">
  <member type="way" ref="236805353" role="from"/>
  <member type="node" ref="2198751552" role="via"/>
  <member type="way" ref="1312095011" role="to"/>
  <tag k="restriction" v="only_straight_on"/>
  <tag k="type" v="restriction"/>
 </relation>
</osm>
